City,Business Name,Address,Phone,Email,Website,Image URL,Google Rating,Review Count,Google Maps URL,HomePowerRebate Recommended,Notes,Last Updated
Burbank,Purified air heating and Air Conditioning Inc,"4100 W Alameda Ave #300, Burbank, CA 91505, USA",(626) 621-2220,info@purifiedairinc.com,https://purifiedairinc.com/burbank-ca/?utm_source=google&utm_medium=organic&utm_campaign=gbp&utm_content=burbank,https://lh3.googleusercontent.com/grass-cs/ACvplmOMnuEAkgu8ohaWvG6-fBISX3zGG6JTVr3IGBP61Ei-XWuUsCOkulOywl8G0AUmws4AWckR5yAM00w_DkH5U5WNpHr4jj-HcAV_blObAmmBIriOhL11Xy_pewUV1IlR7NQ9gpJUs9Erq2BU=s4800-w640,5,99,https://maps.google.com/?cid=9603733434118662167&g_mp=Cidnb29nbGUubWFwcy5wbGFjZXMudjEuUGxhY2VzLlNlYXJjaFRleHQQAhgEIAA,Yes,,2026-09-28
Burbank,"VHP AIR CONDITIONING & HEATING, Inc.","819 S Main St Ste A, Burbank, CA 91506, USA",(323) 400-0300,,https://www.vhpairconditioning.com/,https://lh3.googleusercontent.com/grass-cs/AABkmLddF2oY1kTMcxaL75horOFC-rpBzMvvHeVp_hjO43HFTWgrRy4-hwYAA9f7m6wjU45djzib5UEm-hCRvr1isBFYhhg62cesNEaJ-6B9CUsNU1ikulMJrXIhUK2e0_KxGmSUtA4u=s4800-w640,5,91,https://maps.google.com/?cid=6214038666487183298&g_mp=Cidnb29nbGUubWFwcy5wbGFjZXMudjEuUGxhY2VzLlNlYXJjaFRleHQQAhgEIAA,No,,2026-09-28
Burbank,Green Planet Heating and Air,"2219 W Olive Ave #227, Burbank, CA 91506, USA",(818) 647-9321,info@greenplanet-hvac.com,https://greenplanet-hvac.com/?utm_source=google&utm_medium=organic&utm_campaign=gbp,https://lh3.googleusercontent.com/grass-cs/ACvplmObksPBLwrFHXIHESIjhL3iovbrCzsBKnRhEY3kmgBc9YnqB-iDMW6XbMWKqRnsS1_KU1LtgEE0LEN-wAouQjtBVt7U9xaLfA8tEhoDecJ5XdpjGMWaZyfgmSNXqnGkpQQC1S-k=s4800-w640,5,76,https://maps.google.com/?cid=10592949908470229439&g_mp=Cidnb29nbGUubWFwcy5wbGFjZXMudjEuUGxhY2VzLlNlYXJjaFRleHQQAhgEIAA,No,,2026-09-28
Burbank,Cal Climate Corp,"919 W Isabel St Ste D, Burbank, CA 91506, USA",(818) 843-5188,info@calclimate.com,https://www.calclimate.com/,https://lh3.googleusercontent.com/grass-cs/ACvplmMoGcy_ky8fnnG61eCT5qvgeQm4FKmSoMKYNxH2K2onX4Lg_JaMDQJeNngWdZndBeMiVs7U6WlkSQhgyIL0GdGd6ZkhfNNq9IE3O4EWGvVbW8HT3MWzWDddAGNsnYmjtlyr9PDUtg=s4800-w640,5,50,https://maps.google.com/?cid=12058153660880874224&g_mp=Cidnb29nbGUubWFwcy5wbGFjZXMudjEuUGxhY2VzLlNlYXJjaFRleHQQAhgEIAA,No,,2026-09-28
Burbank,AC & HVAC Repair,"2701 N Keystone St, Burbank, CA 91504, USA",(818) 214-8525,,https://acrepairburbank.co/,https://lh3.googleusercontent.com/grass-cs/ACvplmNc7Jt9Lg-PraqBBBvNIZmDgNk_5TOQo_26SW75SUxoJ4jAULddQ4yJTwFijQEaaWpNf6Y38FiaGDlb1EWrCNP5absAOVMkBDJDOPSdrYBzFoDGC1EL1GtbTSUv8Onl7cLiXYpJCA=s4800-w640,4.8,120,https://maps.google.com/?cid=16261950076182308772&g_mp=Cidnb29nbGUubWFwcy5wbGFjZXMudjEuUGxhY2VzLlNlYXJjaFRleHQQAhgEIAA,No,,2026-09-28
Burbank,John's HVAC & Water Heater Repair Burbank,"1611 N San Fernando Blvd Ste G, Burbank, CA 91504, USA",(747) 208-4065,,,,5,19,https://maps.google.com/?cid=18311729863749574805&g_mp=Cidnb29nbGUubWFwcy5wbGFjZXMudjEuUGxhY2VzLlNlYXJjaFRleHQQAhgEIAA,No,,2026-09-28
Burbank,Jupiter Air Conditioning and Heating | Burbank,"524 Hampton Rd, Burbank, CA 91504, USA",(800) 407-1727,,https://acjupiter.com/,https://lh3.googleusercontent.com/grass-cs/ACvplmMredxQw2xEnx_LG36R9hpyqRGKOvfwfpH6z3nVBuLcOUM9lBfvxupriCWtO5j5F0ceURzqww-P1fiPZTxWKeEzjXnvQzv7y3MLUviZUufBwjLUHC04URemCANTAJMFKj4lhph-=s4800-w640,5,19,https://maps.google.com/?cid=16503335306341907963&g_mp=Cidnb29nbGUubWFwcy5wbGFjZXMudjEuUGxhY2VzLlNlYXJjaFRleHQQAhgEIAA,No,,2026-09-28
Burbank,American Clean Air & Heating,"2750 N Brighton St, Burbank, CA 91504, USA",(818) 406-6000,,https://americancleanairheating.com/,https://lh3.googleusercontent.com/grass-cs/ACvplmOKmD_D1RYzD_HosNdnQJTNkOEBcaYeg7zM35tIaXwzuSJA2bfbyYoN82z1ZyFi3TOHtdKFBrqhiQR6X3BnFqVT1dtEnh71Uf1fn6wilZvHM71LtUwliOMLSgxJlZQcQN80yK0=s4800-w640,4.9,27,https://maps.google.com/?cid=12843761302680545111&g_mp=Cidnb29nbGUubWFwcy5wbGFjZXMudjEuUGxhY2VzLlNlYXJjaFRleHQQAhgEIAA,No,,2026-09-28
Burbank,Wizards HVAC Service,"9949 Saticoy St, Burbank, CA 91504, USA",(323) 689-6388,,,https://lh3.googleusercontent.com/grass-cs/ACvplmNWO_lExcYswbKkNOQDiugkyG5daS29f3RbLbJIcp7IQJJ7ygQwwVnxxB93qAe1jsBvL7QmqKhkTHEUF_v5TJsy0Ctn-ZDe27IfQ_QKMDNk-shywECjwAgE1-o0Qzn70E8Hq8XNh5q7kHY=s4800-w619,4.8,42,https://maps.google.com/?cid=3340727627127579098&g_mp=Cidnb29nbGUubWFwcy5wbGFjZXMudjEuUGxhY2VzLlNlYXJjaFRleHQQAhgEIAA,No,,2026-09-28
Burbank,Burbank Heating and Air Conditioning,"623 E Orange Grove Ave, Burbank, CA 91501, USA",(818) 210-4722,,http://burbank-heatingandairconditioning.com/,https://lh3.googleusercontent.com/grass-cs/ACvplmPWBZx4TLQlMdvbpiP5QPQULuOsWK0rUKFA-TLf7saH7GIhd2OTLFj_Peuazd82LlIQcQafo5PKUv0FsBG705lhE-UgvgqDfZeH2A2VM5CSiliqv8wFWq0sqZWauSSqRnggUvwRl1R4E5TY=s4800-w640,5,15,https://maps.google.com/?cid=13604543996007004667&g_mp=Cidnb29nbGUubWFwcy5wbGFjZXMudjEuUGxhY2VzLlNlYXJjaFRleHQQAhgEIAA,No,,2026-09-28
Burbank,Maverick Heating & Cooling Solution's,"1817 W Olive Ave, Burbank, CA 91506, USA",(818) 877-4979,,,,5,11,https://maps.google.com/?cid=14207497007902562553&g_mp=Cidnb29nbGUubWFwcy5wbGFjZXMudjEuUGxhY2VzLlNlYXJjaFRleHQQAhgEIAA,No,,2026-09-28
Burbank,Ace Heating & AC Repair Burbank,"1840 Valpreda St, Burbank, CA 91504, USA",(747) 744-6481,,,,4.8,24,https://maps.google.com/?cid=17769753873012927743&g_mp=Cidnb29nbGUubWFwcy5wbGFjZXMudjEuUGxhY2VzLlNlYXJjaFRleHQQAhgEIAA,No,,2026-09-28
Glendale,Ed & Ed Brothers,"1248 S Glendale Ave, Glendale, CA 91205, USA",(818) 567-2221,,http://edandedbrothers.com/,https://lh3.googleusercontent.com/grass-cs/ACvplmPSBeu60Yz6b8ZAXuTpQj9SnfoUTOk0QRoh_Otp_gtVtAsAXI3-5_FOQamQ8XLoYUfdmgbe0doiitLz1OkMLmeBQP7o9YYTooS-3W9PssgBC5khZ2L29IN5gyjoM8dbUO3GXDfsjCnvl4W7=s4800-w640,5,422,https://maps.google.com/?cid=12540254579249348831&g_mp=Cidnb29nbGUubWFwcy5wbGFjZXMudjEuUGxhY2VzLlNlYXJjaFRleHQQAhgEIAA,Yes,,2026-09-28
Glendale,So Cal Air,"440 W Dryden St unit f, Glendale, CA 91202, USA",(818) 471-6022,hello@socalair.co,https://socalair.co/,https://lh3.googleusercontent.com/grass-cs/ACvplmPhssHrgKOkjVpq7FyzD8IPhDxvGLO_AHWxpfYQtf4YSjuSVGBoY25aqLddXOAwW6e9YPq03rhMQghnHCvijQtdgCfdirBvjmOaaiD79p1FmIyh5-bu4d8mPTO7fpNYUFKW_K2IUlxfkYny=s4800-w640,5,345,https://maps.google.com/?cid=6709935435750178471&g_mp=Cidnb29nbGUubWFwcy5wbGFjZXMudjEuUGxhY2VzLlNlYXJjaFRleHQQAhgEIAA,No,,2026-09-28
Glendale,"All City Plumbing, Air & Electrical","221 Allen Ave, Glendale, CA 91201, USA",(818) 527-4055,,https://www.allcityplumbing4u.com/glendale/?utm_source=googlebusinessprofile&utm_medium=organic&utm_campaign=glendalegbp,https://lh3.googleusercontent.com/grass-cs/ACvplmNOX9ThDyecxY1sTFsIKP8SkTfTrN5M6gprYnwF6bnWZuuxSCTyCUZmfo5t2Wks6d_QUKXcJbvudC4nBvh3MRW8JaBtWFjoc4e673MGJxx9m0BOhMySPSWr2Jt9Ae-EtHYmeqwrmw=s4800-w640,5,288,https://maps.google.com/?cid=14010321710327018604&g_mp=Cidnb29nbGUubWFwcy5wbGFjZXMudjEuUGxhY2VzLlNlYXJjaFRleHQQAhgEIAA,No,,2026-09-28
Glendale,Glendale HVAC Installation Contractor,"505 N Brand Blvd #1525, Glendale, CA 91203, USA",(747) 335-1506,,https://havcinstallationcontractor.com/glendale-air-duct-hvac-services/,https://lh3.googleusercontent.com/grass-cs/ACvplmN0NaJDyD34yEOLUw9voapAkNAtxoXb61pSFR1WOKi99BnF3Euka4szNdlfMcSLhggJzgUJReTJo5VvqePicaZLCEB8jAVfqOaL9ocdL06lwMgz9lR4EwKzwIH-jHxNoJB1XvR2dG3GwqWU=s4800-w640,5,145,https://maps.google.com/?cid=11110450823922918118&g_mp=Cidnb29nbGUubWFwcy5wbGFjZXMudjEuUGxhY2VzLlNlYXJjaFRleHQQAhgEIAA,No,,2026-09-28
Glendale,Evans Heating & Air,"2560 Gardner Pl, Glendale, CA 91206, USA",(818) 415-8966,contact@evansheatingcooling.com,https://www.evansheatingcooling.com/?utm_source=google&utm_medium=organic&utm_campaign=gbp,https://lh3.googleusercontent.com/grass-cs/ACvplmOjzGL_qgEGsB9uaMsp3RjaA-QVRQR99DgLGxQueZcy8ocCE0F5EaU7E59YWz5-SWGcGKuyIuvUia6My4E6bNwklJBV4r-yGU2mNc9zgV48v6hrLDJKsVI1XBjTW679umuSx5oe=s4800-w640,5,87,https://maps.google.com/?cid=13948594603320060558&g_mp=Cidnb29nbGUubWFwcy5wbGFjZXMudjEuUGxhY2VzLlNlYXJjaFRleHQQAhgEIAA,No,,2026-09-28
Glendale,Thermo Cooling Inc,"1366 E Harvard St, Glendale, CA 91205, USA",(818) 818-3810,thermocooling@sbcglobal.net,https://www.thermocoolingca.com/,https://lh3.googleusercontent.com/grass-cs/ACvplmOEbTJr7kbO6f7IyEzbdLqk0o4R5LmAhJ2RMNhQAsseX5KG3Mpoxhrlqc3okUi_xle8J_bnuz9uhE6p2FD9ryY0dSut1ceLcPJ7LwtTj_qr6OR-L4x2KLkommwREZSthKr8qVEbIV82kNGY=s4800-w640,5,82,https://maps.google.com/?cid=11793249351153414098&g_mp=Cidnb29nbGUubWFwcy5wbGFjZXMudjEuUGxhY2VzLlNlYXJjaFRleHQQAhgEIAA,No,,2026-09-28
Glendale,Smarter Air Heating & Cooling Service,"1104 E Broadway, Glendale, CA 91205, USA",(818) 936-5869,info@smarterairheatingcoolingservice.com,https://smarterairheatingcoolingservice.com/,https://lh3.googleusercontent.com/grass-cs/ACvplmOC_H50NN-0GqOnw03Sim7_aaLAiSK3zAv2TBwP26sRpGEounhcpuNm2RkCS4SlCRbwLjYTE-BcDYBupBOO8tJX1cb0lc8UXtq45oRFZMZD3C-zJ7K-EerKJ1HLaz7eqd2C0gxI=s4800-w640,4.9,139,https://maps.google.com/?cid=8710914216586822848&g_mp=Cidnb29nbGUubWFwcy5wbGFjZXMudjEuUGxhY2VzLlNlYXJjaFRleHQQAhgEIAA,No,,2026-09-28
Glendale,"Air Flow Hvac, Inc","512 S Glendale Ave #402, Glendale, CA 91205, USA",(818) 274-8288,info@airflowhvacinc.com,https://airflowhvacinc.com/?utm_campaign=gmb,https://lh3.googleusercontent.com/grass-cs/ACvplmMiELfntBPnaqdBVvZR7ihCOATzXRGkoL6iXv5psHEt3fwgRfvkPIR2lkRm6ICECJGbwJe8NMgJYjTMKdIIxaPKBZ5t420DRHMHfRkEk-Cxf_EzQYl4fDzrKMjWTt7_qO4Id2cs=s4800-w640,5,49,https://maps.google.com/?cid=17410581699637656801&g_mp=Cidnb29nbGUubWFwcy5wbGFjZXMudjEuUGxhY2VzLlNlYXJjaFRleHQQAhgEIAA,No,,2026-09-28
Glendale,Progressive Air inc.,"117 S Louise St #303, Glendale, CA 91205, USA",(747) 677-4555,progressiveairservice@gmail.com,https://progressiveairinc.com/,https://lh3.googleusercontent.com/grass-cs/ACvplmONgCv44pW3TLBZ2iroblwOyfgFNDH8fSpyQti3cSis0cbA4hT6Yca1MeFDw0vF7DJGGm3AB0po-rMV_2qyd6VemNcZrtBRxwxqdpE-slj6qXFSOadFg4YjUg1r0XJwa_m_H59Ll6ebmXg=s4800-w640,5,35,https://maps.google.com/?cid=13495887042934511994&g_mp=Cidnb29nbGUubWFwcy5wbGFjZXMudjEuUGxhY2VzLlNlYXJjaFRleHQQAhgEIAA,No,,2026-09-28
Glendale,HVAC Contractor - American Cool and Heat,"1349 N Columbus Ave, Glendale, CA 91202, USA",(818) 722-8634,,https://americancoolandheat.com/,https://lh3.googleusercontent.com/grass-cs/ACvplmPDK3EgSLqa1SrMBVuZtnQZ80g9lCSfH5sIEUAquWvkPT0VcspY-LKYniHXEp0NSgoOo1o5TmJzH3g1sEYA82BncCKyMR-9jLkosVUsL1SuRUHQFu28Ho5WtZIcQ9BpUq9I_-hqZdkkH0E=s4800-w640,4.9,67,https://maps.google.com/?cid=3781110453418841878&g_mp=Cidnb29nbGUubWFwcy5wbGFjZXMudjEuUGxhY2VzLlNlYXJjaFRleHQQAhgEIAA,No,,2026-09-28
Glendale,G & Y Heating & Air Conditioning,"6155 San Fernando Rd Unit 10, Glendale, CA 91201, USA",,,,https://lh3.googleusercontent.com/grass-cs/ACvplmPZjhGNiuSnZOHHyEkl72ehkaCLSD9szE9cA37Bf-ivUwbk5ffSW042Ltpxvi_hyp-qO-bltYRgNwmUWIdh_1smC7sCc7aG6JcD9c_0OsEWwvdNwqUHX-gWQgwPm1LTMNF3-4W86jtYwv9X=s4800-w640,4.8,65,https://maps.google.com/?cid=603923643831783251&g_mp=Cidnb29nbGUubWFwcy5wbGFjZXMudjEuUGxhY2VzLlNlYXJjaFRleHQQAhgEIAA,No,,2026-09-28
Glendale,Your Choice Cooling & Heating,"425 E Colorado St #631, Glendale, CA 91205, USA",(509) 652-2503,,https://yourchoiceacrepair.com/glendale-ca/,,5,18,https://maps.google.com/?cid=6408014260642729932&g_mp=Cidnb29nbGUubWFwcy5wbGFjZXMudjEuUGxhY2VzLlNlYXJjaFRleHQQAhgEIAA,No,,2026-09-28
Long Beach,"Monkey Wrench Plumbing, Heating, Air & Electric","4000 Long Beach Blvd #303, Long Beach, CA 90807, USA",(562) 605-2413,,https://www.monkeywrenchplumbers.com/?utm_source=google&utm_medium=organic&utm_campaign=GMBListing-Long-Beach-CA,https://lh3.googleusercontent.com/grass-cs/ACvplmOaqOsXBBlEub_zc3VQ1_IkVU-JHibIjSZekObdL1RbTGIAIdHDo6yNBiRLydqfsO2P0Pb6sR_AbJtt4OgIlwD5gkV1oADaDCEgvqAkGP-Muu-bwGaHchYpQTFK6AlDASO32JKjZA=s4800-w640,4.9,343,https://maps.google.com/?cid=919230760914209705&g_mp=Cidnb29nbGUubWFwcy5wbGFjZXMudjEuUGxhY2VzLlNlYXJjaFRleHQQAhgEIAA,Yes,,2026-09-28
Long Beach,Advantage Air,"6285 E Spring St #503, Long Beach, CA 90808, USA",(800) 709-7297,,http://advantageairca.com/,https://lh3.googleusercontent.com/grass-cs/ACvplmNir9uhyJcw3RAGTyBVCG1Gz08QlcQGOUjoc0bd60H9VM_VMzY_HRAHS5o0-AeVdf2o7GFpAbXuYb00qzzhbqCdTv2c0IjFoZxyCf5xrAPbeo0GvrM6MLaiBN09awXUiooXMWDo=s4800-w640,4.9,131,https://maps.google.com/?cid=4470938422946518131&g_mp=Cidnb29nbGUubWFwcy5wbGFjZXMudjEuUGxhY2VzLlNlYXJjaFRleHQQAhgEIAA,No,,2026-09-28
Long Beach,Beach Coast Hvac LLC,"700 E Coolidge St, Long Beach, CA 90805, USA",(562) 245-9858,luis@beachcoasthvac.com,https://beachcoasthvac.jobbersites.com/,https://lh3.googleusercontent.com/grass-cs/ACvplmPdAr56GhP5nh9k2cNMHkfDCpNsRlEuJp51_ySzDpa1_UjFxAIeDAK3SZZODLerz_LtZZrKsy7XLOFzwAxcYEVOMh8hhr22Ef9ba4tPwLH5d7iM0iem29duIgrN6tsAOulFCNtNBkasNkvW=s4800-w640,5,27,https://maps.google.com/?cid=17647242491652073714&g_mp=Cidnb29nbGUubWFwcy5wbGFjZXMudjEuUGxhY2VzLlNlYXJjaFRleHQQAhgEIAA,No,,2026-09-28
Long Beach,Green Air Conditioning Service,"275 Magnolia Ave, Long Beach, CA 90802, USA",(562) 442-1487,,https://greenairconditioning.pro/,https://lh3.googleusercontent.com/grass-cs/ACvplmOMT9eAhLeTo5RrIRH4WwHkLWGDfxvRNoe65su6UMHj_TGrNSB5wffg4fFkmJvxCx-cJ5a5Gg4R-nMDrqMdhbkp5omL3iZytmXE02CezECquWCjAwwDYOf8C8y6bJd4OWO-8aciBA=s4800-w640,4.8,110,https://maps.google.com/?cid=10342734373634234185&g_mp=Cidnb29nbGUubWFwcy5wbGFjZXMudjEuUGxhY2VzLlNlYXJjaFRleHQQAhgEIAA,No,,2026-09-28
Long Beach,Long Beach HVAC Services LLC,"750 Alamitos Ave, Long Beach, CA 90813, USA",(562) 267-4386,,,https://lh3.googleusercontent.com/grass-cs/ACvplmNw6r15uvakpicNQSncxlQlK-vrGKOvaobYinTAu6n5d-Q7J65vsmu649-s1A7hc4bwIWW-y_qneXUxTd_zF3smJjRWOVC_bMhvotiaevzYa9HfvY_-kdsicCXlv6pK-A3vibKB11eNhiQ=s4800-w400,5,22,https://maps.google.com/?cid=14285924343774368848&g_mp=Cidnb29nbGUubWFwcy5wbGFjZXMudjEuUGxhY2VzLlNlYXJjaFRleHQQAhgEIAA,No,,2026-09-28
Long Beach,Heating and Air Conditioning of Long Beach,"403 Alamitos Ave, Long Beach, CA 90802, USA",(209) 563-8537,,,https://lh3.googleusercontent.com/grass-cs/ACvplmOnjX8HKuY3axKwoipfO85XeDwpDqkZcXJoNTCMr-s0_Wnl_aNKwMXPVvLtYKS1ybuA-4UTNd5FasqLIBv1n5_86d6pJjBJpEUCNIrFeYCScInF55lya8oxurqufvZztN2MjWdqKA=s4800-w640,5,18,https://maps.google.com/?cid=907681017776614133&g_mp=Cidnb29nbGUubWFwcy5wbGFjZXMudjEuUGxhY2VzLlNlYXJjaFRleHQQAhgEIAA,No,,2026-09-28
Long Beach,Allan Frank Plumbing Heating Cooling,"2234 N Bellflower Blvd #15979, Long Beach, CA 90815, USA",(562) 494-7766,admin@allanfrank.com,http://www.allanfrank.com/,https://lh3.googleusercontent.com/grass-cs/ACvplmOtvmdX0EkSrav0cdf4776cYp6yjVaqzZRkVVYlcHqM4W6Ot8wNPgL-wmgvqG61nyH2Cj21TwT6cSrEP90cTAlMlbG-vPa9SRwnYE_wbWal3aczZH3UPX_8syYhlufiiEtH8UITWhr9JNw=s4800-w640,4.9,24,https://maps.google.com/?cid=582990493983903388&g_mp=Cidnb29nbGUubWFwcy5wbGFjZXMudjEuUGxhY2VzLlNlYXJjaFRleHQQAhgEIAA,No,,2026-09-28
Long Beach,Long Beach Air Conditioning Contractors,"5431 E Spring St, Long Beach, CA 90808, USA",(562) 800-4521,leehebertm68009@gmail.com,https://long-beach-air-conditioning-contractors.ueniweb.com/?utm_campaign=gmb,https://lh3.googleusercontent.com/grass-cs/ACvplmPG13RQZwyVO_vVoLCXr6xbnIOzuO_Ek5xvVD-aCkRYqXyyJSAoX2SLLn65BHUexX8SyrkzpqtbOU8JKTYegbkoV6wU_LDqUvFgZ5nj8tvWLmHuaegI8T_plX-GNCpV-ry1WjUxG52cpa4w=s4800-w640,5,14,https://maps.google.com/?cid=18177929078752113731&g_mp=Cidnb29nbGUubWFwcy5wbGFjZXMudjEuUGxhY2VzLlNlYXJjaFRleHQQAhgEIAA,No,,2026-09-28
Long Beach,QSC HVAC Contractor,"3616 Atlantic Ave, Long Beach, CA 90807, USA",(424) 421-1066,baileyhgk@gmail.com,https://qsc-hvac-contractor.ueniweb.com/?utm_campaign=gmb,,4.9,15,https://maps.google.com/?cid=4911354690857868511&g_mp=Cidnb29nbGUubWFwcy5wbGFjZXMudjEuUGxhY2VzLlNlYXJjaFRleHQQAhgEIAA,No,,2026-09-28
Long Beach,Long Beach Air Conditioning & Heating Repairs,"3843 Atlantic Ave, Long Beach, CA 90807, USA",(562) 359-4188,info@long-beach-hvac.com,https://www.long-beach-hvac.com/,https://lh3.googleusercontent.com/grass-cs/ACvplmNAswTFkUYvuGV5sXBn16S2paKcwGhDGu1t9WII0ezDyEXeL4f-1hRT-igzbmSZkoTKySVmf_dzCeLxYdzM8daplHCy94KEzcRBdoxGs4ZHbf89d2B9jAtfdD3uxkN2ndK1PrZaLBmWImU=s4800-w640,5,10,https://maps.google.com/?cid=3113659768266227485&g_mp=Cidnb29nbGUubWFwcy5wbGFjZXMudjEuUGxhY2VzLlNlYXJjaFRleHQQAhgEIAA,No,,2026-09-28
Long Beach,Totalease AC Repair Long Beach,"111 W Ocean Blvd #360, Long Beach, CA 90802, USA",(562) 398-3805,,https://totaleaseacrepairlongbeach.com/,,5,10,https://maps.google.com/?cid=17143173495993172121&g_mp=Cidnb29nbGUubWFwcy5wbGFjZXMudjEuUGxhY2VzLlNlYXJjaFRleHQQAhgEIAA,No,,2026-09-28
Long Beach,International HVAC Long Beach,"1248 Temple Ave, Long Beach, CA 90804, USA",(424) 901-0349,info@internationalhvacla.com,https://www.internationalhvacla.com/,https://lh3.googleusercontent.com/grass-cs/ACvplmNssLOxDviLtNGPzyJiaM7Rdz9EoolCehoRskHCikLp8MVQyuMGzy_UmlMXE2qaTQ4exPdRRzszs6i-aYCV6KiuQWuDruVXkNMl7tonY8MhMi_0tzu8sJwWQl75HoNiJWpxVz0w=s4800-w640,4.7,36,https://maps.google.com/?cid=11040669583765264175&g_mp=Cidnb29nbGUubWFwcy5wbGFjZXMudjEuUGxhY2VzLlNlYXJjaFRleHQQAhgEIAA,No,,2026-09-28
Los Angeles,Service Genius Air Conditioning and Heating,"8217 Beverly Blvd #29, Los Angeles, CA 90048, USA",(818) 213-2830,,https://servicegenius.com/los-angeles/?utm_source=google&utm_medium=organic&utm_campaign=gbp-los-angeles,https://lh3.googleusercontent.com/grass-cs/ACvplmPaFtEspPq1idk05FdkH69Ni1ssL15joPn7WGhttDd-JN3cPVl0nCcVV6kN80OAIDLAOrOW7wVA68sKYuMoSVCkO33y7D79gzcXNAPPV3G-2bwt0mN8sOuAkOitI1HQ5cFojv22=s4800-w640,5,566,https://maps.google.com/?cid=7647697710508937304&g_mp=Cidnb29nbGUubWFwcy5wbGFjZXMudjEuUGxhY2VzLlNlYXJjaFRleHQQAhgEIAA,Yes,,2026-09-28
Los Angeles,LC Heating & Air Conditioning,"509 N Fairfax Ave, Los Angeles, CA 90036, USA",(323) 970-3113,support@lahvaclc.com,https://lahvaclc.com/,https://lh3.googleusercontent.com/grass-cs/ACvplmN__JZIOX2Jm77tWCz2j0viX0tTmvEP4Lk1ZA7aQ-CFEqyf2WiDMEUfIsUSmGDufHZvUsCUKe2SWNYCevyWwexJ9k7zLojKu6-CGei1HNufuP-yGLbsT8KV-p3DJV7ZneiFNzhC-yeehjUM=s4800-w640,5,239,https://maps.google.com/?cid=17140880189171308672&g_mp=Cidnb29nbGUubWFwcy5wbGFjZXMudjEuUGxhY2VzLlNlYXJjaFRleHQQAhgEIAA,No,,2026-09-28
Los Angeles,West-Hollywood HVAC Installation contractor,"1480 Blue Jay Way, Los Angeles, CA 90069, USA",(738) 203-4270,,https://havcinstallationcontractor.com/west-hollywood-hvac-services/,https://lh3.googleusercontent.com/grass-cs/ACvplmM336B9Fo6jndbFo1kk_9rdyz6nHuUrShW3ZDHrRJf-Ub7bSDJLPD2voTn-5pS8B-JjWFOSyOI4P_nsx3_2x4A3pxsGAB6FdnbPLlvSx7dA4NUFwTQnGVlzq6fmOMR-JQI7x9xXx2hqVZJP=s4800-w640,5,106,https://maps.google.com/?cid=1801779593157348197&g_mp=Cidnb29nbGUubWFwcy5wbGFjZXMudjEuUGxhY2VzLlNlYXJjaFRleHQQAhgEIAA,No,,2026-09-28
Los Angeles,"Service Champions Plumbing, Heating & AC","5251 W Imperial Hwy, Los Angeles, CA 90045, USA",(323) 284-1599,maintenance@servicechampions.com,https://servicechampions.com/?utm_source=GBP&utm_medium=organic&utm_campaign=SCA_ORG_EVER_A_GBP_Listing_SCLA,https://lh3.googleusercontent.com/grass-cs/ACvplmNnzCc_c5SIbucmGkuOz0J6ABCQpKc2b7KK9ylSSp4FdTAHQlxAg0C9i2FJNBGAyqFKoKSsuybWPJngu82T3d5dfxNr3AvOcsPzjgCpgjnrMxOQMBHL126h9ETIqt56Z-lanaRLw4bMnDON=s4800-w640,4.9,684,https://maps.google.com/?cid=15089594289073977911&g_mp=Cidnb29nbGUubWFwcy5wbGFjZXMudjEuUGxhY2VzLlNlYXJjaFRleHQQAhgEIAA,No,,2026-09-28
Los Angeles,Precise Air Systems Inc.,"5467 W San Fernando Rd, Los Angeles, CA 90039, USA",(818) 240-1737,info@preciseair.com,https://www.preciseairsystems.com/?utm_source=google&utm_medium=organic&utm_campaign=gbp,https://lh3.googleusercontent.com/grass-cs/ACvplmOnL5edf0SepvJwKTmZb81x__hsqDG79HCGGZdc3EWaFZpTxH6SMKCXrvKcgVt5bUq6r4q5kwN5m_zUzeE0NNVNc2uIdeEIVXaUOLfdTliQcSpTRVVX9fIHCq5fY3ioATWVv1gDwYbpYa8=s4800-w640,4.9,532,https://maps.google.com/?cid=1982932849206853015&g_mp=Cidnb29nbGUubWFwcy5wbGFjZXMudjEuUGxhY2VzLlNlYXJjaFRleHQQAhgEIAA,No,,2026-09-28
Los Angeles,Southwest Heating & Air Conditioning,"622 Alpine St, Los Angeles, CA 90012, USA",(310) 867-0703,office@southwesthvac.biz,http://www.southwesthvac.biz/,https://lh3.googleusercontent.com/grass-cs/ACvplmPZOGwcJbtF5dkkawnIvc1cIFzThj9pBfxnvTF1fGItE5_KjJI_H93aBwSNjjA2P2NkFJ_jdn65o-JCcrI_rb50wJlku8lzM1E9Ain-WnlVLu12QJV0KK8yPLOROq41JrbE10Ve=s4800-w640,4.9,364,https://maps.google.com/?cid=2501029479618444799&g_mp=Cidnb29nbGUubWFwcy5wbGFjZXMudjEuUGxhY2VzLlNlYXJjaFRleHQQAhgEIAA,No,,2026-09-28
Los Angeles,Mr Heat and Cooling,"1904 S Grand Ave, Los Angeles, CA 90007, USA",(855) 231-3997,info@mr-heatandcooling.com,http://mr-heatandcooling.com/,https://lh3.googleusercontent.com/grass-cs/ACvplmOi7WMnaaQBK8fmFZPu19BFeXTxYM1qRWWNtTKlaINcZjBVrZj1SKkH0moynC8UWmJoztHlLFOP1HX9LKxoOMOSUA9QAIfgLgzWZ1Rs6xWFS9YRHU8Sj1LbfHgS9twYbPGZm4Re=s4800-w640,5,45,https://maps.google.com/?cid=15319255900896286727&g_mp=Cidnb29nbGUubWFwcy5wbGFjZXMudjEuUGxhY2VzLlNlYXJjaFRleHQQAhgEIAA,No,,2026-09-28
Los Angeles,Los Angeles ❄️ Air Conditioning Service,"506 N Virgil Ave, Los Angeles, CA 90004, USA",(424) 459-7191,,https://emergency-ac-repair.preview.emergentagent.com/,https://lh3.googleusercontent.com/grass-cs/ACvplmOf_jtdEHPV_NOkxUuta3xj3plGxK9kJFkEa1zC2ElD_VNmxLxro0JrZ3E04ceWS6TH_CaC7tELVXnrZdtqxrLRk87nZBoI5q7TcXvqY7W6d3QzqZErAtBdp2OHw1rojZ6rwBzAvBrveDpc=s4800-w640,4.9,90,https://maps.google.com/?cid=18120745561855562436&g_mp=Cidnb29nbGUubWFwcy5wbGFjZXMudjEuUGxhY2VzLlNlYXJjaFRleHQQAhgEIAA,No,,2026-09-28
Los Angeles,Pure AIR LA HVAC contractor,"1959 Grace Ave #401, Los Angeles, CA 90068, USA",(213) 296-1315,info@pureairla.com,https://pureairla.com/?utm_source=semrush_local_listings,https://lh3.googleusercontent.com/grass-cs/ACvplmNyNswIcyW55jGvFM2agtIhrEY7fw8N-NJZen5vQRhw0xFE5WxY1PvtEpMI8_E9kp7BOZ-ahMlORwdXRNN8moDHlPeCO6ymTUTw_fd5lv1AFyGcwKS2_J02-uv0e4wYtMyap7QzsbWKr2v6=s4800-w640,4.9,85,https://maps.google.com/?cid=17865473240472594036&g_mp=Cidnb29nbGUubWFwcy5wbGFjZXMudjEuUGxhY2VzLlNlYXJjaFRleHQQAhgEIAA,No,,2026-09-28
Los Angeles,Brody Pennell Heating & Air Conditioning,"8599 Venice Blvd., Los Angeles, CA 90034, USA",(310) 896-4911,,http://brodypennell.com/,https://lh3.googleusercontent.com/grass-cs/ACvplmPYpwYbO7743My1gy6cYmFfnv01X5FSveDGxUe7YOAdrleWRAxgW9lOgvjoA0ROjLdV6ZWRkGbk9U-yDv3LMuhtfH6xxyB964FJuOSrXO-D9up6FYWj_ovdU-lvhTasR6zh9asfRUne2kud=s4800-w640,4.8,5015,https://maps.google.com/?cid=11153208281148401522&g_mp=Cidnb29nbGUubWFwcy5wbGFjZXMudjEuUGxhY2VzLlNlYXJjaFRleHQQAhgEIAA,No,,2026-09-28
Los Angeles,"JW Plumbing, Heating and Air","904 Wall St Ste 203, Los Angeles, CA 90015, USA",(213) 379-5931,info@jwheatingandair.com,https://jwheatingandair.com/?utm_source=GBP&utm_medium=organic&utm_campaign=JWA_ORG_EVER_A_GBP_Listing,https://lh3.googleusercontent.com/grass-cs/ACvplmNtAPet2Mzk-xJDekfsKoKxlUmKJGfPoOfAQtcJm9MgPAk8452U_Fe6ztxze3-TWbt6_Mn1Fsgd7-21kNqDb5sofnko71d6ASp9VeOwwSvLEPZ5mi5jEs3zWqR3m6ABnyQUupKQ-A=s4800-w640,4.8,3032,https://maps.google.com/?cid=15626858934702085361&g_mp=Cidnb29nbGUubWFwcy5wbGFjZXMudjEuUGxhY2VzLlNlYXJjaFRleHQQAhgEIAA,No,,2026-09-28
Los Angeles,Universal Heating & Air,"2260 Maravilla Dr, Los Angeles, CA 90068, USA",(323) 763-5777,universalheatingandair1@gmail.com,https://universalhvaclosangeles.com/,https://lh3.googleusercontent.com/grass-cs/ACvplmOXh2ugPlw_egntRiehOA8SQssWHTK2S4P0y5NftYTKqQAKuKNz2zAYINNj5WdmYo83MGkytKP1jiXoeFRKGrod9bms4SytVOcLJ9da9ahet2OhMgWEMcMFSN67QlYZXITo-uRAcbM78Hfh=s4800-w640,4.8,405,https://maps.google.com/?cid=13442337430234900758&g_mp=Cidnb29nbGUubWFwcy5wbGFjZXMudjEuUGxhY2VzLlNlYXJjaFRleHQQAhgEIAA,No,,2026-09-28
Pasadena,"Purified Air Heating and Air Conditioning, Inc","117 E Colorado Blvd Suite 600, Pasadena, CA 91105, USA",(626) 621-2220,info@purifiedairinc.com,https://purifiedairinc.com/?utm_source=google&utm_medium=organic&utm_campaign=gbp&utm_content=pasadena,https://lh3.googleusercontent.com/grass-cs/ACvplmOsVUs5NvBPXY_Cfi1PKr0hmeQQ0hrhRDBGYP_McqDQqhIQIla8X2AoPiPdqyDWqAqe8qUT3KTnmJpQ5f_JbwW3ROM30IPDL4tYvTI9MOug-MpyHSsMqsN8QpKe4i_8scOk9gmd_Qsoxy1C=s4800-w640,5,301,https://maps.google.com/?cid=8251924815287054530&g_mp=Cidnb29nbGUubWFwcy5wbGFjZXMudjEuUGxhY2VzLlNlYXJjaFRleHQQAhgEIAA,Yes,,2026-09-28
Pasadena,Pasadena HVAC Installation Contractor,"650 Palo Verde Ave, Pasadena, CA 91107, USA",(747) 335-1392,,https://havcinstallationcontractor.com/pasandena-air-duct-hvac-services/,https://lh3.googleusercontent.com/grass-cs/ACvplmO9_rJIc-ULi-EgcfeTibpsHkkbn0zKYkFQIl9p9eWLuFMB92cx5QwSl095HdfbWo_IC3yKYLZTF-Syy86YI5V11OBIL7RGhaBK37EQdcOjHOr18EuNNXF006X77V0RH459I-MP52-5ebQ=s4800-w640,5,164,https://maps.google.com/?cid=10875388313941926171&g_mp=Cidnb29nbGUubWFwcy5wbGFjZXMudjEuUGxhY2VzLlNlYXJjaFRleHQQAhgEIAA,No,,2026-09-28
Pasadena,Dr Air Conditioning And Heating,"1300 Wentworth Ave, Pasadena, CA 91106, USA",(626) 548-3776,drairconditioningandheating@gmail.com,https://24hvacservices.com/,https://lh3.googleusercontent.com/grass-cs/ACvplmNf0uho7eyIMF1D2dI8C8nDRjoyc3R8lShgnsCHIwxrFxYO7NoLheKQUq9K3lefIlgnnCPnIcRZ-djwVrJmilwMf66giPjeZ839KFve4Z_d9TRTVHnIIurqJ9xtu91aHhar8zlWl5774w0=s4800-w640,5,114,https://maps.google.com/?cid=9868705438134233536&g_mp=Cidnb29nbGUubWFwcy5wbGFjZXMudjEuUGxhY2VzLlNlYXJjaFRleHQQAhgEIAA,No,,2026-09-28
Pasadena,Temp Kings Air,"145 N Sierra Madre Blvd, Pasadena, CA 91107, USA",(626) 400-5300,info@tempkingsair.com,https://tempkingsair.com/,https://lh3.googleusercontent.com/grass-cs/ACvplmM2kSYJpana4590lZnN_M3OejFNwuepe5M-mxdPWSzDMW19HqDvXrako2oG-52LX5ZWyqSxQXpqI2OrtNgpiLCSxQVP7B6nBgsZ0GqJOEdagBASXJJ-Mm-w0NXWZchLiDKRMzyeox9Qwg4X=s4800-w640,5,114,https://maps.google.com/?cid=15006527449286692813&g_mp=Cidnb29nbGUubWFwcy5wbGFjZXMudjEuUGxhY2VzLlNlYXJjaFRleHQQAhgEIAA,No,,2026-09-28
Pasadena,"Air-Tech Air Conditioning & Heating, Inc.","204 S Rosemead Blvd, Pasadena, CA 91107, USA",(626) 795-8880,,https://www.airtechac.com/,https://lh3.googleusercontent.com/grass-cs/ACvplmNQIvTd-DfPXyroBoN3lzp_ive2x1fIPyG6ou5ZLaem6MDhz-mmtZMozVaBTqHM-HroDKaWlAMMXnCpq9TH25CcIKdi_9EoZjK1L9iWNNXEy-DDFThw67VTP0a9WwcfyTfQLDQXHRagjy84=s4800-w640,4.9,1049,https://maps.google.com/?cid=10235697286692501077&g_mp=Cidnb29nbGUubWFwcy5wbGFjZXMudjEuUGxhY2VzLlNlYXJjaFRleHQQAhgEIAA,No,,2026-09-28
Pasadena,Pioneers Heating and Air,"285 N Hill Ave Ste 206, Pasadena, CA 91106, USA",(747) 758-7875,support@pioneersheatingandair.com,https://pioneersheatingandair.com/,https://lh3.googleusercontent.com/grass-cs/ACvplmM30XRszhH6IoXUcZ3bYzYzZAtjwg5U0-4hyNSUg2fIrpc0a5Rxy7F0zpZeV4dzSehpzNp2iebX2yy0jLMa9MGW4HoBUWNfj8WUapfjYDkXCSfn6Xk0fPKfB_mPvi6wZJeaXTaSBZoGWKc7=s4800-w640,4.9,293,https://maps.google.com/?cid=15419580025160794821&g_mp=Cidnb29nbGUubWFwcy5wbGFjZXMudjEuUGxhY2VzLlNlYXJjaFRleHQQAhgEIAA,No,,2026-09-28
Pasadena,LC Heating & Air Conditioning,"1308 E Colorado Blvd Ste 2302, Pasadena, CA 91106, USA",(213) 699-5333,support@lahvaclc.com,https://lahvaclc.com/,https://lh3.googleusercontent.com/grass-cs/ACvplmM-yWPB8yqvqykNdO6IvpibyNXJfXvFuruVZhT-VZQAXXYRADa8J4ZfivG3ROZBbmmATPJ_UZVcGrQzrcM2KXTSXAqLDEuctUmlCfg08WX_qosdZEf3j1qwjipPS8SQnD3X9V6IZA=s4800-w640,5,54,https://maps.google.com/?cid=995531144654300298&g_mp=Cidnb29nbGUubWFwcy5wbGFjZXMudjEuUGxhY2VzLlNlYXJjaFRleHQQAhgEIAA,No,,2026-09-28
Pasadena,Pasadena Quality Heating And Air,"363 S Fair Oaks Ave, Pasadena, CA 91105, USA",(626) 788-9730,info@pasadenaqualityacrepair.com,http://pasadenaqualityacrepair.com/,https://lh3.googleusercontent.com/grass-cs/ACvplmPu8akYI-X2wV6gcpffORh6KXILlluw5amnoUFm2HqTANAXRk97nap0Bo3de075Vo6YGCk3mfE51EfX_RqC3J0UeapOFnv00A99K28kdMS4XrXvPx-SpCwLNZBBvF4eGEsgBdhbG9q7qiVr=s4800-w640,4.9,43,https://maps.google.com/?cid=13356648289643760643&g_mp=Cidnb29nbGUubWFwcy5wbGFjZXMudjEuUGxhY2VzLlNlYXJjaFRleHQQAhgEIAA,No,,2026-09-28
Pasadena,Boost services Heating & Cooling,"1055 E Colorado Blvd Ste 500, Pasadena, CA 91106, USA",(747) 264-6358,info@boost-services.com,https://boost-services.com/,https://lh3.googleusercontent.com/grass-cs/ACvplmOyQ0sqTzucQkw3_0t5EoD5doKfZs8QhHypnFKHeXr24huFZgUOwV6naF6PF2sXJ0H16PTwqZbiwt_FKsAgaej8bueAjST-MHDZGpWMrWrFTCJd4tNSjCJtLEZiPTMp74KGJI28LvCKGnba=s4800-w640,5,24,https://maps.google.com/?cid=10890024745384490682&g_mp=Cidnb29nbGUubWFwcy5wbGFjZXMudjEuUGxhY2VzLlNlYXJjaFRleHQQAhgEIAA,No,,2026-09-28
Pasadena,Air Comfort Experts,"1785 Locust St #9, Pasadena, CA 91106, USA",(626) 323-9820,,https://www.aircomfortexperts.com/,https://lh3.googleusercontent.com/grass-cs/ACvplmNPXMlkL5a_ZwuFR2L_s0zInG40AA0VnKWM5hg7ZYiXV4wm3Uu381adrcKivqSZAPweZ2WtMCmqgGJpbQTQqI2VV8EopxNqOdjTt-6-i7ImXyabN47kw4Jcw0aQQsrtBtLRkKz9=s4800-w640,4.9,35,https://maps.google.com/?cid=5335093810380324008&g_mp=Cidnb29nbGUubWFwcy5wbGFjZXMudjEuUGxhY2VzLlNlYXJjaFRleHQQAhgEIAA,No,,2026-09-28
Pasadena,"Access Heating & Air Conditioning, Inc.","3712 Blanche St, Pasadena, CA 91107, USA",(626) 405-1074,,https://www.accessairnow.com/,,5,21,https://maps.google.com/?cid=1614134457045758188&g_mp=Cidnb29nbGUubWFwcy5wbGFjZXMudjEuUGxhY2VzLlNlYXJjaFRleHQQAhgEIAA,No,,2026-09-28
Pasadena,Jim's Heating & Air Conditioning Pasadena,"1250 Lincoln Ave Ste G, Pasadena, CA 91103, USA",(626) 779-3892,,,https://lh3.googleusercontent.com/grass-cs/ACvplmPt9GfhLCiSYGhNDj2elNRuyTTHreX-0gH4hBtYB_BVFKc4FpGe7rJ0thlkapiHf8TJJXDXdZfCVaOMDfFAeXnpFBcizL1xoK1WLSToIcDBNkqtjeNEIyU3GB4ZcjePZkciMxC2gUPcOok=s4800-w640,4.9,23,https://maps.google.com/?cid=15374173050556699124&g_mp=Cidnb29nbGUubWFwcy5wbGFjZXMudjEuUGxhY2VzLlNlYXJjaFRleHQQAhgEIAA,No,,2026-09-28
Santa Monica,Service Genius Air Conditioning and Heating,"2665 30th St #101, Santa Monica, CA 90405, USA",(818) 213-2875,,https://servicegenius.com/santa-monica/?utm_source=google&utm_medium=organic&utm_campaign=gbp-santa-monica,https://lh3.googleusercontent.com/grass-cs/ACvplmOn8B-gnjlTAh-zGvQpUhpxvcHaZNIfYFPH-z5aMqi1NPXLdxYuBB8pKyXWjLpqEVdt6qMjIEnwaZL59UxsozqgQtQSxoU1pQI5N15683mmKJqAM2JtK84Mx9DCw13qv4C5iA=s4800-w640,5,327,https://maps.google.com/?cid=7660080482225729112&g_mp=Cidnb29nbGUubWFwcy5wbGFjZXMudjEuUGxhY2VzLlNlYXJjaFRleHQQAhgEIAA,Yes,,2026-09-28
Santa Monica,R&C Heating and Cooling Service,"2666 34th St, Santa Monica, CA 90405, USA",(310) 893-1871,contact@rchvacservices.com,https://www.rchvacservices.com/,https://lh3.googleusercontent.com/grass-cs/ACvplmP5zidXutAi67PRQB-sXnA41WdzUJb56teyWE5rgiZ6mi0K50s_y0qEY9_d3AGAsSuBa1pIWIG9MT-yRXPkuO62Nbhu6aA3f8RdVEanriQ-PPk5CUCOqyeinBihrbi5ICW_rXJs=s4800-w640,5,121,https://maps.google.com/?cid=333582643661922290&g_mp=Cidnb29nbGUubWFwcy5wbGFjZXMudjEuUGxhY2VzLlNlYXJjaFRleHQQAhgEIAA,No,,2026-09-28
Santa Monica,"Monkey Wrench Plumbing, Heating, Air & Electric","1238 7th St #C, Santa Monica, CA 90401, USA",(310) 935-0850,,https://www.monkeywrenchplumbers.com/?utm_source=google&utm_medium=organic&utm_campaign=GMBListing-Santa-Monica-CA,https://lh3.googleusercontent.com/grass-cs/ACvplmNtz9pUdYrsMQsrC6WGhJ1Fko9o-pSK8BlEdtOAeh0thjzeiH19uN1xVbQ073p3eayCIZzf4s8E8Pm3i9k6HvQdfE4-tGTpgTRYElEByBjwqPKTtGviyaqUEzeI9yJ32Tt5cwD_=s4800-w640,4.9,441,https://maps.google.com/?cid=3845012847108619648&g_mp=Cidnb29nbGUubWFwcy5wbGFjZXMudjEuUGxhY2VzLlNlYXJjaFRleHQQAhgEIAA,No,,2026-09-28
Santa Monica,SoCal Air Systems,"3107 Pico Blvd Ste B, Santa Monica, CA 90405, USA",(310) 974-0122,,http://www.socalairsystems.com/,https://lh3.googleusercontent.com/grass-cs/ACvplmOEzZsGbskwXkjTjyzrG_GjfqbjVsjwsYppNhDy8IyoHUBVWh-jpDLGGShse9R3Gv57Kr9CQdjO-NBE_xA0C1jJjcX9SjV591Dze-hx22U7ZwpOTdI8LAK03obeZ2LAPMhEmrThuw=s4800-w640,5,45,https://maps.google.com/?cid=2503370083725142797&g_mp=Cidnb29nbGUubWFwcy5wbGFjZXMudjEuUGxhY2VzLlNlYXJjaFRleHQQAhgEIAA,No,,2026-09-28
Santa Monica,Jackson Heating and Air Conditioning,"1299 Ocean Ave suite 815, Santa Monica, CA 90401, USA",(310) 494-5479,,https://jacksonheatsantamonica.com/,https://lh3.googleusercontent.com/grass-cs/ACvplmPnVtWAaD0iwnpSJNpd0pK1fCn9C8uQS7mGq3GtMWFxAY2yWggKIS-aqngKbuGIwZoCUa4FM9E-Uyl9oe08ssMVB_wzC3gskSkFXHN80HkpELIlp0_ORmXo9gQeV6xwKJYUc9aKp8wU91G0=s4800-w640,5,28,https://maps.google.com/?cid=249674272091639453&g_mp=Cidnb29nbGUubWFwcy5wbGFjZXMudjEuUGxhY2VzLlNlYXJjaFRleHQQAhgEIAA,No,,2026-09-28
Santa Monica,Shine Cooling & Heating,"233 Wilshire Blvd #872, Santa Monica, CA 90401, USA",(424) 268-8559,,https://shineacrepair.com/santa-monica-ca/,https://lh3.googleusercontent.com/grass-cs/ACvplmMUw5Rs1uMIwvPL_-OJ2GzjXxHkJHO3rKdAGeWQc7u-EnoxGwWJ7R_Y2SGgYhA6-n0HObJdLtWm_CN9X1QFz5_EEZgPjRDOUz2yU23iAEyjBOsDvwrbwRaoZ_CB9AzuPvbE6YizH0XA93w=s4800-w640,5,16,https://maps.google.com/?cid=1608576077320051176&g_mp=Cidnb29nbGUubWFwcy5wbGFjZXMudjEuUGxhY2VzLlNlYXJjaFRleHQQAhgEIAA,No,,2026-09-28
Santa Monica,Zen's Heating and Air Conditioning | HVAC Repair | Santa Monica | Venice Beach | Los Angeles,"530 Wilshire Blvd, Santa Monica, CA 90401, USA",(310) 458-5367,,http://zenshvac.com/,https://lh3.googleusercontent.com/grass-cs/ACvplmOiwuTHbnSisAvQgQN6MyUkZ-eAjx1bbabjDAEyidUdVXKFwtb8KfOIQ-GKvt3fkTzDSNOojWsGuMHL9-xUsSQ35S6xHHiyVcLFEQOB3bbcuSfcyF7aKMJmlCAzLgHDwfalsBa0=s4800-w480,5,12,https://maps.google.com/?cid=5598422281503142699&g_mp=Cidnb29nbGUubWFwcy5wbGFjZXMudjEuUGxhY2VzLlNlYXJjaFRleHQQAhgEIAA,No,,2026-09-28
Santa Monica,Airtronics Air Conditioning Corporation,"1460 Lincoln Blvd, Santa Monica, CA 90401, USA",(424) 279-5824,,https://airtronicsairconditioningcorporation.com/santa-monica/,https://lh3.googleusercontent.com/grass-cs/ACvplmMBo8xMX8bwXxY81iecdnieRw54bWgjgLuoizmPKCl5GBsgYWKN4vianTrMgjSwNzhY5QARfXJDjB9HlWNvaeImZkm8kroBCU9dmxABV32QqM55w8I9Sl6gyCGdWEsUQSHOcpFfWrcv8CE=s4800-w640,4.7,103,https://maps.google.com/?cid=16020798963217299793&g_mp=Cidnb29nbGUubWFwcy5wbGFjZXMudjEuUGxhY2VzLlNlYXJjaFRleHQQAhgEIAA,No,,2026-09-28
Santa Monica,Cool Breeze Heating & AC Repair Santa Monica,"1750 Ocean Park Blvd #501, Santa Monica, CA 90405, USA",(424) 295-6968,,,https://lh3.googleusercontent.com/grass-cs/ACvplmMVRtX5od5pAnHtf-xfoWTB9bT_zI8Wj70TRlpx1NzMUvhuSE8dT_gB61oYf-zgm8bmczycOQ5ET70b9s5-RJ8IN0VtmJ1_1sdBfqBLwyutazbiC7uUAqsQ3R53F1xYGjPaNB7u0IsdEbNq=s4800-w640,4.8,25,https://maps.google.com/?cid=3166159715130601545&g_mp=Cidnb29nbGUubWFwcy5wbGFjZXMudjEuUGxhY2VzLlNlYXJjaFRleHQQAhgEIAA,No,,2026-09-28
Santa Monica,Blue Diamond Water Heater Repair,"1502 Montana Ave Unit 205, Santa Monica, CA 90403, USA",(424) 672-7617,,,,5,10,https://maps.google.com/?cid=849456431808207973&g_mp=Cidnb29nbGUubWFwcy5wbGFjZXMudjEuUGxhY2VzLlNlYXJjaFRleHQQAhgEIAA,No,,2026-09-28
Santa Monica,Tim's Heating & AC Repair Santa Monica,"7 Vicente Ter, Santa Monica, CA 90401, USA",(424) 772-0327,,,https://lh3.googleusercontent.com/grass-cs/ACvplmOpiXLWzmsvW4F9AWPyB3dtFeQXCA6N_Oqt4B0kikC6Cc_8oFsz1zsajSKt7T_UYeYs6fFk2_MI9T21sIgzqxkmd0v0VKTYGpojwqNwX5ttw8FENT6bOvnlhlyLP3o_NMBHOPzjrqXPIoka=s4800-w640,4.8,18,https://maps.google.com/?cid=6683514392598299092&g_mp=Cidnb29nbGUubWFwcy5wbGFjZXMudjEuUGxhY2VzLlNlYXJjaFRleHQQAhgEIAA,No,,2026-09-28
Santa Monica,Top HVAC Services,"1212 9th Ct, Santa Monica, CA 90401, USA",(310) 758-5977,,,https://lh3.googleusercontent.com/grass-cs/ACvplmO4HKkdpB0Ej1gkbqyUac6PEjIENt6NU_uUeEm9n_b-vrv2Py6MIUJUGcx42g8fxpYDJF4qVrKfaIEDQBQMWTFGWP6FuTXLieVp7J1Wg9Gjrjpz07lX5ZKAoO0wpyX7FvP70bK8SQ=s4800-w640,4.8,16,https://maps.google.com/?cid=6501068441226302872&g_mp=Cidnb29nbGUubWFwcy5wbGFjZXMudjEuUGxhY2VzLlNlYXJjaFRleHQQAhgEIAA,No,,2026-09-28
Berkeley,3rdGen Heating & Cooling,"1230 Fourth St Unit A, Berkeley, CA 94710, USA",(510) 399-4090,team@3rdgen.io,https://3rdgen.io/residential/?utm_source=google&utm_medium=organic&utm_campaign=gmbwebsite,https://lh3.googleusercontent.com/grass-cs/ACvplmOv9TnzIasiR_OgN1ExRotUiFlBJ5GiaGQd46KAhGWeqzQoICNu77G5ssx5ng3J1DmCgArCWvHUegbO-q4soFjczVg0C7bgU-asb8hH5hW4s6awqlCodMWurAt-QZ5UcrArnBHmKrD69pmE=s4800-w640,5,207,https://maps.google.com/?cid=2268802653908588697&g_mp=Cidnb29nbGUubWFwcy5wbGFjZXMudjEuUGxhY2VzLlNlYXJjaFRleHQQAhgEIAA,Yes,,2026-09-28
Berkeley,Afterglow Heating and Plumbing,"1600 Shattuck Ave. Ste 214a, Berkeley, CA 94709, USA",(510) 495-0550,service@callafterglow.com,http://callafterglow.com/,https://lh3.googleusercontent.com/grass-cs/ACvplmPdx_bh0hZ4NrS0ShPW6SwgHhzZ1QcMpLdTPYpwAuoHrRTI53oceiEo6qAvRTgKOt1FLBWQkAWq6HpNlyJFLlrVqxQEAqV2WXSw2OpQ82dxnf7iOGr7dfgSC371ucAe_ph-Af0p_v-RSVQw=s4800-w640,5,106,https://maps.google.com/?cid=948913246789822362&g_mp=Cidnb29nbGUubWFwcy5wbGFjZXMudjEuUGxhY2VzLlNlYXJjaFRleHQQAhgEIAA,No,,2026-09-28
Berkeley,Fuse Service,"2001 Addison St Ste 300, Berkeley, CA 94704, USA",(510) 592-5995,support@fusesmt.com,https://fusesmt.com/,https://lh3.googleusercontent.com/grass-cs/ACvplmMXLE6AGZ_w6uEJELy1LfpiaEauHXsVdqot7Ibtku1kFEl5CJT13TQ5hFpF440R9I33D68Iel0K-kTcrI6jf7XznEv2Aj5OxHaJsCWs7iuaNKevFyhkZSR4nU6vimDI5KcC6f68gK2RPYoi=s4800-w640,4.9,402,https://maps.google.com/?cid=1060309133053727036&g_mp=Cidnb29nbGUubWFwcy5wbGFjZXMudjEuUGxhY2VzLlNlYXJjaFRleHQQAhgEIAA,No,,2026-09-28
Berkeley,L.J. Kruse Company,"920 Pardee St, Berkeley, CA 94710, USA",(510) 726-7370,,http://www.ljkruse.com/,https://lh3.googleusercontent.com/grass-cs/ACvplmN9ue8rA85yZ_ceIeYKMFsv0C3Jcf1HxMZr2eziyWJvj73LTXMywWB111KH8qwvr1Fj6IfaWQGEZq2b0Co5pAxYd-_UqLu7-AyFDD4TOobtE1SlYCce9deDp5A-ykMhmY5cyNC0xuccBpc=s4800-w640,4.9,324,https://maps.google.com/?cid=1889166104252202993&g_mp=Cidnb29nbGUubWFwcy5wbGFjZXMudjEuUGxhY2VzLlNlYXJjaFRleHQQAhgEIAA,No,,2026-09-28
Berkeley,"Aarvaks Heating & Air Conditioning, Inc.","729 Dwight Way, Berkeley, CA 94710, USA",(510) 848-5010,service@aarvaks.com,https://aarvaks.com/,https://lh3.googleusercontent.com/grass-cs/ACvplmNK-RDy1Ml5y9SBCUBm8gqiPwzECJqrxOOM-WYNZbtlOW70UjkqSpoLQqLdyrh2awuFkXdUVOpS7XayvTRKXlue-2WdiUg_cMJZlyScUTW-nd7M7ricid8WNcuMVFr21beKPjXFLz0rfq61=s4800-w640,4.9,80,https://maps.google.com/?cid=17461956772192605396&g_mp=Cidnb29nbGUubWFwcy5wbGFjZXMudjEuUGxhY2VzLlNlYXJjaFRleHQQAhgEIAA,No,,2026-09-28
Berkeley,"Albert Nahman Plumbing, Heating, and Cooling","3333 Martin Luther King Jr Way, Berkeley, CA 94703, USA",(510) 408-7879,,https://albertnahmanplumbing.com/,https://lh3.googleusercontent.com/grass-cs/ACvplmOtdLNae-wHQS36x1GhSWVGbWpyzZzXRypoXLi3erGRnaR6G4QslLiN-Q8KnjLgH1LLl37XsOOFdI49yx_9ULzsIxeyXJyKp-2YyIi7TrjjU5_jbNSy78qaQXCDnsll1Xe9MYtMZw=s4800-w640,4.7,3390,https://maps.google.com/?cid=4379385316968292002&g_mp=Cidnb29nbGUubWFwcy5wbGFjZXMudjEuUGxhY2VzLlNlYXJjaFRleHQQAhgEIAA,No,,2026-09-28
Berkeley,Cooper & Hawkins Incorporated,"2701 San Pablo Ave, Berkeley, CA 94702, USA",(510) 845-4225,,http://www.cooperhawkins.com/,https://lh3.googleusercontent.com/grass-cs/ACvplmN9CKxy7sYifbOmclQ1_Jrv3FcnTLrIDapUQeu9gf74D5C0muaw_FmXtJBmiJiUcmHO7X_dI313rXXiFynvVffmPJP_zbbBuSa0iI9g2k47r5mEVb6XhA2mLTrYGTEmNFh8KGN-=s4800-w640,4.5,18,https://maps.google.com/?cid=7497529693615326013&g_mp=Cidnb29nbGUubWFwcy5wbGFjZXMudjEuUGxhY2VzLlNlYXJjaFRleHQQAhgEIAA,No,,2026-09-28
Fremont,AIS Heating & Air Conditioning,"4432 Enterprise St Ste a, Fremont, CA 94538, USA",(510) 738-0252,daniel@aisheatingandair.com,https://aisheatingandair.com/?utm_source=GMB&utm_medium=organic&utm_campaign=GMB-Fremont-CA,https://lh3.googleusercontent.com/grass-cs/ACvplmNHBHcDGGRil81Buvv94kEd9hM3fQ6BmfDSWf0wZsvF9VzKGjyP8Cok1-6HXDF2cVmaBINnStu8z0inD1rZpqkiDYS2cM4ipCcMbz79AP6UcL5Mc5GpZqxxTzn70xC1j4VwvY3E=s4800-w640,4.9,851,https://maps.google.com/?cid=3585758014050838951&g_mp=Cidnb29nbGUubWFwcy5wbGFjZXMudjEuUGxhY2VzLlNlYXJjaFRleHQQAhgEIAA,Yes,,2026-09-28
Fremont,Durrani Plumbing,"38765 Mission Blvd, Fremont, CA 94536, USA",(510) 602-8370,,http://www.durraniplumbing.com/,https://lh3.googleusercontent.com/grass-cs/ACvplmMgD_Ta--amH_tZfMlmSu-xk7_w53UnCTQucs1Q0jc8L8-lYaK7JHoduKPUE9jra1DWKSDaoFXA6En36dB993TkbNMT42FDgy4S6KhBUfXoMqD1lBFrrv7FUyIF6BzQwDoKuQXPHw=s4800-w640,5,74,https://maps.google.com/?cid=8030977772204916010&g_mp=Cidnb29nbGUubWFwcy5wbGFjZXMudjEuUGxhY2VzLlNlYXJjaFRleHQQAhgEIAA,No,,2026-09-28
Fremont,Heating And Air Experts,"215 Starlite Way, Fremont, CA 94539, USA",(415) 656-7754,heatingandairexpertsllc@gmail.com,https://heatingandairexpertsllc.com/,https://lh3.googleusercontent.com/grass-cs/ACvplmN7DB0-9hB15KUwFLZfMp6oXg1eOEvxWGH3zuXCZmtiHGNk2R8hXE-kI5OE8o98sW70RyzvWH3J1nfG58ywwIt8stRCMzIZmat3j6KLdg6tsrIbbcsN5S-iEpogPO3Lz8FUvPvEdZblBvOf=s4800-w640,5,69,https://maps.google.com/?cid=17326467525619558766&g_mp=Cidnb29nbGUubWFwcy5wbGFjZXMudjEuUGxhY2VzLlNlYXJjaFRleHQQAhgEIAA,No,,2026-09-28
Fremont,"Giant HVAC, Inc","43012 Christy St, Fremont, CA 94538, USA",(510) 624-4268,office@giant-hvac.com,https://www.giant-hvac.com/,https://lh3.googleusercontent.com/grass-cs/ACvplmMKoB6WnT9UtHak2YsSNAsvxIwWLCgM8feTNcHGRS9S3ySlqc9X3QyYrjiQlrx-DifqhU64aPObGRVVng8x1on_Oprew8H2Qu_CkQpfqioSjq0m-y0queWf6BD4ZWmAsk42okb9kJMnR4am=s4800-w640,5,68,https://maps.google.com/?cid=13539999804527960884&g_mp=Cidnb29nbGUubWFwcy5wbGFjZXMudjEuUGxhY2VzLlNlYXJjaFRleHQQAhgEIAA,No,,2026-09-28
Fremont,Shaw Plumbing & Heating,"4221 Business Center Dr, Fremont, CA 94538, USA",(510) 871-8186,info@shawsplumbingservices.com,https://shawsplumbingservices.com/fremont-ca/,,5,51,https://maps.google.com/?cid=9609222019239415650&g_mp=Cidnb29nbGUubWFwcy5wbGFjZXMudjEuUGxhY2VzLlNlYXJjaFRleHQQAhgEIAA,No,,2026-09-28
Fremont,Chill Heating and Cooling,"43266 Christy St, Fremont, CA 94538, USA",(925) 856-5606,support@chill-services.com,https://chill-services.com/service-area/fremont-hvac-services,https://lh3.googleusercontent.com/grass-cs/AABkmLcHAV_8IMjie_LORPpadra_1z2tDDW4JoQM9acbFMPmfJa9mJvKPeZgPoGsJ6hDjVnDJYhudwW-3JoAMrTuykMmlyZQbnF2Ph6R03klvfhGQbX9FAQ--EauyEF1z68uH2qHF6ujOD3T03Er=s4800-w640,5,42,https://maps.google.com/?cid=12417284065656194779&g_mp=Cidnb29nbGUubWFwcy5wbGFjZXMudjEuUGxhY2VzLlNlYXJjaFRleHQQAhgEIAA,No,,2026-09-28
Fremont,American HVAC Inc,"41829 Albrae St, Fremont, CA 94538, USA",(669) 317-4454,info@americanhvacinc.com,https://americanhvacinc.com/,https://lh3.googleusercontent.com/grass-cs/ACvplmM3KtLmg5pTuTh1znx6LdNnLM8oQbXTdFKi1xpg-90HKWA8pVFmqtmqj0_vDylacg2yBXhqXz9zwoD08XodFFhzD65gYGjFDM24c1HAt_4vm5qkMHdgWSAPHcS3tQYtCuMdK5FW=s4800-w640,4.9,86,https://maps.google.com/?cid=3406714990198416242&g_mp=Cidnb29nbGUubWFwcy5wbGFjZXMudjEuUGxhY2VzLlNlYXJjaFRleHQQAhgEIAA,No,,2026-09-28
Fremont,TOTO Heating And Cooling,"41111 Mission Blvd #105, Fremont, CA 94539, USA",(408) 480-7050,sales@totoairinc.com,https://totohvac.com/,https://lh3.googleusercontent.com/grass-cs/ACvplmPCC2NuC0BAD9XWizK6IwUOcI3m7rB8B4x22R3QdjXIk7ask7oZpZIv22QiS_JrxLnatsit12t7Pj-PTN9BrrL3TmI-JT3FrT2hBUkddqFPNcq3Lx1gITq3_AJkghz1_2-UIUAGdKdA4sU=s4800-w640,5,29,https://maps.google.com/?cid=10887687573449090514&g_mp=Cidnb29nbGUubWFwcy5wbGFjZXMudjEuUGxhY2VzLlNlYXJjaFRleHQQAhgEIAA,No,,2026-09-28
Fremont,Sharkaire,"4400 Enterprise Pl suit-a, Fremont, CA 94538, USA",(510) 788-3707,info@sharkaire.com,http://www.sharkaire.com/,https://lh3.googleusercontent.com/grass-cs/ACvplmPKIMqHQ9UT934bN2GNCWVFF3cWz5KkaufltoyHAE6VTjJ03yqZoXrMvd2oRPO2s5q4vqh3LsEHAsu3h5TEOeLCM34Z4GKMWKsoOeAh0LfkaJJQ0BytvlStayOqzKQ4ZBy5IH_z2INkuBs=s4800-w640,4.7,31,https://maps.google.com/?cid=17811731571905321906&g_mp=Cidnb29nbGUubWFwcy5wbGFjZXMudjEuUGxhY2VzLlNlYXJjaFRleHQQAhgEIAA,No,,2026-09-28
Fremont,A and R Air Conditioning and Heating,"4635 Pardee Ave, Fremont, CA 94538, USA",(925) 640-6548,,http://www.aandrhvac.com/,https://lh3.googleusercontent.com/grass-cs/ACvplmMNap2Yv5ne8qnfbf93uG3Ux285gPGK7aBPcieTjH_0-Y4A1hKyv0i3HNczQw_9NRiHfQPFCWkeLFQs5ZP7LHLoE4surKQr4FW3zsvlKr4YF-G-BGXXrG541iyKzT-0Uqjb94_a=s4800-w640,4.6,16,https://maps.google.com/?cid=12607076374536670735&g_mp=Cidnb29nbGUubWFwcy5wbGFjZXMudjEuUGxhY2VzLlNlYXJjaFRleHQQAhgEIAA,No,,2026-09-28
Oakland,Atlas Heating and Air Conditioning,"1451 32nd St, Oakland, CA 94608, USA",(510) 488-4152,,http://www.atlasheating.com/,https://lh3.googleusercontent.com/grass-cs/ACvplmPIZ_w3IFlC5HPzWUIgsBHvhb1Bb7MeBB7y6PBYH4elsX5AM4jLDAQ4t5yMkbQeYDqyLpsp5wRyq4C4Ci_0BEQmCMzafkkSKL4oIctRaQyw81D4jPAQngfOLOnpcwiMRdf7NXKp=s4800-w533,4.9,595,https://maps.google.com/?cid=14742953254636264465&g_mp=Cidnb29nbGUubWFwcy5wbGFjZXMudjEuUGxhY2VzLlNlYXJjaFRleHQQAhgEIAA,Yes,,2026-09-28
Oakland,Breathable,"344 20th St, Oakland, CA 94612, USA",(888) 978-4332,hello@breathable.com,http://www.breathable.com/,https://lh3.googleusercontent.com/grass-cs/ACvplmPccDrcrADtZF0piKEMZ1o5pfWJkL6SluV4g6PnrRuV7KZBrtjvswfJT1YFCOH28poDNGvSIbhEJziuIIevwpF0W5UOG_0O-_C81q3z8xva_ev4caOPdSbykie6EftAiXC--Gg0-9DtaxA=s4800-w640,4.9,272,https://maps.google.com/?cid=12197559144190932714&g_mp=Cidnb29nbGUubWFwcy5wbGFjZXMudjEuUGxhY2VzLlNlYXJjaFRleHQQAhgEIAA,No,,2026-09-28
Oakland,California HVAC,"1445 34th Ave Unit 7213, Oakland, CA 94601, USA",(510) 374-4796,,http://www.californiahvacs.com/,https://lh3.googleusercontent.com/grass-cs/AABkmLdki-19o09icdidJsv1pE1zNJXyEMEE7yADfznwRtZ2-2zqQH0TCVoewJdesCcBkDcD64WiLC0Yww7bhXzYY1xs39nVJWb-07uTqkuczSzrYaoswuFvXWVYKrJHywwWTSaLVmXW=s4800-w640,5,61,https://maps.google.com/?cid=3481632487602312030&g_mp=Cidnb29nbGUubWFwcy5wbGFjZXMudjEuUGxhY2VzLlNlYXJjaFRleHQQAhgEIAA,No,,2026-09-28
Oakland,Oren's HVAC Services,"10127 Dante Ave, Oakland, CA 94603, USA",(800) 974-5349,,https://www.minisplithvacpro.com/,https://lh3.googleusercontent.com/grass-cs/ACvplmMV49qqF5kUMXrdtkdbT5aE4bpSaRAhdbrfMZAQE_0056jZi1OiWNIU_vpsBls-D1O1ayPiJYuRj7Bt_N7mH5kmZ7cac_4F-Fa6W-JfUgLo1tCgXjhVEH0yfriTom3gszMvTOM4jbvbcYQb=s4800-w640,4.9,135,https://maps.google.com/?cid=5259932974913264998&g_mp=Cidnb29nbGUubWFwcy5wbGFjZXMudjEuUGxhY2VzLlNlYXJjaFRleHQQAhgEIAA,No,,2026-09-28
Oakland,Oakland Furnace Heat & Air Conditioning,"3803 Piedmont Ave, Oakland, CA 94611, USA",(925) 310-8491,info@oaklandfurnace.com,https://www.oaklandfurnace.com/,https://lh3.googleusercontent.com/grass-cs/ACvplmMnZH6EK7F3kDjmXfUmGliykHeNs1MKH2u3fbQG2PEd1aWDOdnifxgptQd1iJewtnjafg5ZjSsxQTEmun03kDEmQITm5ixWhleLnN0mwtY54zuZlW2nwL6x2FEJlGa4D0ROopsUSfZ4xKxB=s4800-w640,4.9,118,https://maps.google.com/?cid=14615624623730481854&g_mp=Cidnb29nbGUubWFwcy5wbGFjZXMudjEuUGxhY2VzLlNlYXJjaFRleHQQAhgEIAA,No,,2026-09-28
Oakland,Daniel's plumbing heating & a/c,"57th Ave, Oakland, CA 94621, USA",(510) 692-5718,,,https://lh3.googleusercontent.com/grass-cs/ACvplmP7VgsnKZJnty1JRt5v3xn1LDpxNENhTlcNVzWg3eSetK2UVHfC7XOBmwxYh17LYJ5rBLBHU4mvRdejfNVHXIInHFtxebW3FNZqlkIijUsSkA6Yc6q0G1L9x5DZGLNxoPzhbhbpvA=s4800-w640,5,36,https://maps.google.com/?cid=14333958312132473646&g_mp=Cidnb29nbGUubWFwcy5wbGFjZXMudjEuUGxhY2VzLlNlYXJjaFRleHQQAhgEIAA,No,,2026-09-28
Oakland,E-fficient HVAC,"1100 57th Ave Suite #7, Oakland, CA 94621, USA",(510) 550-5531,1efficienthvac@gmail.com,http://www.efficient-hvac.com/,https://lh3.googleusercontent.com/grass-cs/ACvplmPqPGoLAOQBoJlR-4vq8XOqojH4ZiQYYXc99oGrMGW0vKi6ZSyhYhice6irlhdQZHZ3slBwMdCjwz8Z5tmHYjZJ7Lil_1mg5Tjbsdr4csd622euZQgOaWD3ZF_VZKwySVzQCvxt64BHHgOL=s4800-w640,5,15,https://maps.google.com/?cid=2399767255045670570&g_mp=Cidnb29nbGUubWFwcy5wbGFjZXMudjEuUGxhY2VzLlNlYXJjaFRleHQQAhgEIAA,No,,2026-09-28
Oakland,Harry Clark Plumbing and Heating Inc,"3026 Broadway, Oakland, CA 94611, USA",(510) 444-1776,,http://www.hcplumbing.com/,https://lh3.googleusercontent.com/grass-cs/ACvplmOwL0EBMc-bhkqV13noyBpnGM3441Pnhdibl_ujXSkuSh7-729Z60l1p4ExG7v7SoXHE8NGo5Bveq5WQaU3RmvJjooTZ2CUQb-9H0JG5fIfNI1Z4ZpiOg2eVBDxvbFedKJrzswSUY03s7_W=s4800-w640,4.7,81,https://maps.google.com/?cid=10213188831707477375&g_mp=Cidnb29nbGUubWFwcy5wbGFjZXMudjEuUGxhY2VzLlNlYXJjaFRleHQQAhgEIAA,No,,2026-09-28
Oakland,Harry Clark Heating and Air Conditioning,"3040 Broadway, Oakland, CA 94611, USA",(510) 444-1960,don@hcplumbing.com,https://harryclarkac.com/,https://lh3.googleusercontent.com/grass-cs/ACvplmOaybHnYPCQnMZhQG7Qa4LFqFBPYdDz7z-qigxol1m093T_-lWPjnJ93a-kQtvQ2oDtpV3HGs_BQYhChakzQP7JUv4SI4xXcm-b2s7v7LFmVwrSMjSgOyKAp_cwfncjuQ1bAGgM=s4800-w640,4.7,18,https://maps.google.com/?cid=11166571995783501541&g_mp=Cidnb29nbGUubWFwcy5wbGFjZXMudjEuUGxhY2VzLlNlYXJjaFRleHQQAhgEIAA,No,,2026-09-28
Oakland,A.L.B HVAC refrigeration service,"346 Grand Ave, Oakland, CA 94610, USA",,,,https://lh3.googleusercontent.com/grass-cs/ACvplmMd-p-7eXnvYgSKCL9AonlRMd7kcsbw9OwCmh0EJ2scztLZiBCMWgddrevKRQpIv4ZDRsoKyWPtSHN6JqIz2Mec5bEREHzdWYtyKgBTW4UjV0p5yBwxJdj5j6TdIe2_mp-oIfVo=s4800-w640,4.7,13,https://maps.google.com/?cid=630510759323418089&g_mp=Cidnb29nbGUubWFwcy5wbGFjZXMudjEuUGxhY2VzLlNlYXJjaFRleHQQAhgEIAA,No,,2026-09-28
San Francisco,Heating And Air Experts,"748 Broadway, San Francisco, CA 94133, USA",(510) 518-8470,heatingandairexpertsllc@gmail.com,https://heatingandairexpertsllc.com/,https://lh3.googleusercontent.com/grass-cs/ACvplmMqDbMJ9ND04UFhNF9W-0Q7BsyqQfYiVW0g18fpVuB_tPODwGHMDpJDBI4YI1BnzB61XXB7ZV4sevCBGwXnIaRd-dPU3FfN3bcF_lQkCE6T_MjK3SudTjmTOggSM6WM0wtRBAc1e_9KspId=s4800-w640,5,801,https://maps.google.com/?cid=6224256887359064834&g_mp=Cidnb29nbGUubWFwcy5wbGFjZXMudjEuUGxhY2VzLlNlYXJjaFRleHQQAhgEIAA,Yes,,2026-09-28
San Francisco,Magic Plumbing Heating & Cooling,"1455 Bancroft Ave, San Francisco, CA 94124, USA",(415) 441-2255,,https://www.magicplumbing.com/,https://lh3.googleusercontent.com/grass-cs/ACvplmMm_gi2WM3W_n90Itmf3W6d6XPp1TQTtO5PrI_jcdkQmdj-mPBf8LErwlZOk22YgMvrBAvJRUzpQSehX_muDHgKIKMGvpj1or9gxUZnhE6rtiKQOkXgI0rinyLyhat_Ow5y6b3v2A=s4800-w354,4.9,1931,https://maps.google.com/?cid=17188394238730485430&g_mp=Cidnb29nbGUubWFwcy5wbGFjZXMudjEuUGxhY2VzLlNlYXJjaFRleHQQAhgEIAA,No,,2026-09-28
San Francisco,Heise's Plumbing,"260 Ocean Ave, San Francisco, CA 94112, USA",(415) 333-0704,info@heisesplumbing.com,https://www.heisesplumbing.com/,https://lh3.googleusercontent.com/grass-cs/ACvplmMWahRseBtgMXb07Ky6kHzdNYqu1qG32C3TlXHE5bTh8TdAkRrW5IB-pabVDD2Ji8WYbyia7fU-JNaw6rg4t1q8EIyWy-CvaEhP-eIva0olXYFgb0q_I_v-SIvaxi9blymu0fpnhrgHE14=s4800-w640,4.9,1782,https://maps.google.com/?cid=462201328191118538&g_mp=Cidnb29nbGUubWFwcy5wbGFjZXMudjEuUGxhY2VzLlNlYXJjaFRleHQQAhgEIAA,No,,2026-09-28
San Francisco,"Cabrillo Plumbing, Heating & Air","78 Dorman Ave, San Francisco, CA 94124, USA",(415) 360-0560,support@discovercabrillo.com,https://discovercabrillo.com/?utm_source=gmb&utm_medium=organic,https://lh3.googleusercontent.com/grass-cs/ACvplmO4gZPe30RHeB5AyJ-t6_F0oBVSm6m5uN-rLgozxfwmvC4BDDXgcQnAdHvFo5v53IWOdl2UTdn_o2Sr9x1MyD12yNVEaO3c05MXli2Cn0p-j3PCNHrLiowW_oB3YzEKE_tL_OxVuf0nUEg=s4800-w640,4.9,1187,https://maps.google.com/?cid=1802215719908174042&g_mp=Cidnb29nbGUubWFwcy5wbGFjZXMudjEuUGxhY2VzLlNlYXJjaFRleHQQAhgEIAA,No,,2026-09-28
San Francisco,Arch Plumbing Inc.,"121 Quint St Ste 5E, San Francisco, CA 94124, USA",(415) 325-2547,service@archplumbinginc.com,http://archplumbinginc.com/,https://lh3.googleusercontent.com/grass-cs/ACvplmOOwi_ss6VX80ti5b3l7PZ8KBkwP2KC7Ns-sLs1Gm9P5hImJA6sks01T1NlqOWkD7nvGuHoziN5Tha15VGy4ezCsLymMCb1L-cFdc_J7wlrJjfBS-3KhR_cFM6u4GphZflhZHgD=s4800-w640,4.9,305,https://maps.google.com/?cid=15708269487826088657&g_mp=Cidnb29nbGUubWFwcy5wbGFjZXMudjEuUGxhY2VzLlNlYXJjaFRleHQQAhgEIAA,No,,2026-09-28
San Francisco,Freon HVAC & Electrical Service - San Francisco,"1609 Noriega St, San Francisco, CA 94122, USA",(415) 915-9945,install@freonhvac.com,https://freonhvacservice.com/?utm_source=google&utm_medium=organic&utm_campaign=gmb&utm_content=sf,https://lh3.googleusercontent.com/grass-cs/ACvplmOPQLTcpGLb176QwTb7ueglr1LkAw03AU8_7gvuFxiu7u-ImcWKBVNCNjDCLDrMnrwWeHBxYkslSaz-3iWa3trFY_03Mp-cJ7iEn5t2OFON_PNH7eHMyVbaInPTa-Z7qcs7vjlE-PiztXQT=s4800-w640,5,41,https://maps.google.com/?cid=8677110315893990054&g_mp=Cidnb29nbGUubWFwcy5wbGFjZXMudjEuUGxhY2VzLlNlYXJjaFRleHQQAhgEIAA,No,,2026-09-28
San Francisco,San Francisco Expert Heating and Air,"1725 Montgomery St, San Francisco, CA 94111, USA",(415) 371-9413,,http://sanfranciscoexprethvac.com/,https://lh3.googleusercontent.com/grass-cs/ACvplmOTAJ-A_Mai3bf8tmnCWyCS8XIvF_vYZNKPyRg8DNtVjKQ8wjX-f-exlay5z7oGVBUxtN9t-te0MiLFPU70d43MpvBTLh30KH0lP4MJAfxBZrR-rY3zf_G1mM3bc3cGvteV_0yi0YTLAEAl=s4800-w640,4.9,67,https://maps.google.com/?cid=4178432503942470693&g_mp=Cidnb29nbGUubWFwcy5wbGFjZXMudjEuUGxhY2VzLlNlYXJjaFRleHQQAhgEIAA,No,,2026-09-28
San Francisco,Mitch & Sons HVAC,"27 Digby St, San Francisco, CA 94131, USA",(415) 358-8923,,,https://lh3.googleusercontent.com/grass-cs/ACvplmPGcfDow53ot_81ORnVXJRefZZF0hMsSfJ2Yu26_UB_6hpjfmV132CZRDdH0kwO0LoI1Q0s7KOES70qPm_NFw96IT0m_U8Fg6QDJtOWj5FeAVVia-_00rUM12GEDvcW3cPnuY5nUfRS92Sn=s4800-w400,4.9,37,https://maps.google.com/?cid=8803592082413620129&g_mp=Cidnb29nbGUubWFwcy5wbGFjZXMudjEuUGxhY2VzLlNlYXJjaFRleHQQAhgEIAA,No,,2026-09-28
San Francisco,Inner Sunset Top Heating and Air,"2151 Irving St, San Francisco, CA 94122, USA",(415) 592-6313,,http://innersunsettophvacrepair.com/,https://lh3.googleusercontent.com/grass-cs/ACvplmM4aTOELKqa2NgGxVYF0TZ5qpo6frRQ2KdrCmRf4f0Jj_9TygtEAabHm4x8y-n-FTV_ubwr4K4wCXNnpm9Z3xC_Uf4ad3jacX7B-fXzIxwq9HFsCJbbHULm5pijcZArpfi_buQtnrvdREI=s4800-w640,4.9,33,https://maps.google.com/?cid=6323206842066332547&g_mp=Cidnb29nbGUubWFwcy5wbGFjZXMudjEuUGxhY2VzLlNlYXJjaFRleHQQAhgEIAA,No,,2026-09-28
San Francisco,Acosta Heating & Sheet Metal,"1000 California St, San Francisco, CA 94108, USA",(415) 751-0732,,https://acostaheatingandair.com/,https://lh3.googleusercontent.com/grass-cs/ACvplmMJSvlSxxvYegO5RpIsJiSI_G3IdJoI1j1oQU7M4skbvESwh9oE-Y5M600iKvDTtGLulpbz2Y1DReS30UttnjjbExPK5n7EWX5imSv6cYe7xKc1g3n72apGkzxrcyefMA7A9Eq-uEdAk1s=s4800-w640,5,20,https://maps.google.com/?cid=12856194274486293601&g_mp=Cidnb29nbGUubWFwcy5wbGFjZXMudjEuUGxhY2VzLlNlYXJjaFRleHQQAhgEIAA,No,,2026-09-28
San Francisco,Air Flow Pros Heating and Air Conditioning,"2595 Mission St #202, San Francisco, CA 94110, USA",(415) 400-5140,jvs@afpheating.com,https://www.afpheating.com/?utm_source=google&utm_medium=organic&utm_campaign=gbp,https://lh3.googleusercontent.com/grass-cs/ACvplmPy4pQEE280L5np-xbnFmLTZzP6ZL7Vzlm5Nmm3Vs-LuwxYPn-tC55fBgLTkZLYO16TnI8sw3einMBpVNaia77M2efdaF1D-s_ZpWC-wN0fIrwWqxvjVwSDKtP-qPqOpZHQGTIXwvhA_LU=s4800-w640,4.8,46,https://maps.google.com/?cid=16533022161095213724&g_mp=Cidnb29nbGUubWFwcy5wbGFjZXMudjEuUGxhY2VzLlNlYXJjaFRleHQQAhgEIAA,No,,2026-09-28
San Francisco,"Flow Masters Plumbing, Drain and Water Heater","1 Embarcadero Ctr #1200, San Francisco, CA 94111, USA",(415) 488-8628,,https://flowmastersplumbing.com/?utm_source=organic&utm_medium=gbp_listing_location-San-Francisco,https://lh3.googleusercontent.com/grass-cs/ACvplmMV_zisZP2znA_vskrkAFTgurA21CKgI80SWAoOl9pEMxfssHtHob_HmbAjOMZ1oppKnUrU8fqXwHCe0s1Xawa6hm0wPt4NpuCgMbdvSOfQBjZ0jFOKn8Y49v9mlWL58GPgmIs4onuUDndv=s4800-w640,5,13,https://maps.google.com/?cid=3306310087426133797&g_mp=Cidnb29nbGUubWFwcy5wbGFjZXMudjEuUGxhY2VzLlNlYXJjaFRleHQQAhgEIAA,No,,2026-09-28
San Jose,Precision Heating & Cooling,"1557 Monterey Rd, San Jose, CA 95110, USA",(408) 642-8674,info@pheating.com,https://www.pheating.com/?utm_source=google&utm_medium=organic&utm_campaign=gbp,https://lh3.googleusercontent.com/grass-cs/ACvplmOYpRKr_u-jr_08JxwNt6jVjaYy2Lwd4roMtnvsDd9rOY6ij_3DfDGlTwN1pO2zcA4d6mLD0cnouHO-xwGSnd6t7KOs-VmZr90e_vNCTuwUCzMfblf7RuIUCt15WVmLEAWOxNgNQgSscbz4=s4800-w640,5,250,https://maps.google.com/?cid=14148344721663478816&g_mp=Cidnb29nbGUubWFwcy5wbGFjZXMudjEuUGxhY2VzLlNlYXJjaFRleHQQAhgEIAA,Yes,,2026-09-28
San Jose,Freon Service,"6291 Kelez Ct, San Jose, CA 95120, USA",(408) 877-5557,install@freonhvac.com,https://freonhvac.com/,https://lh3.googleusercontent.com/grass-cs/ACvplmPzosSlvVcLHd289SnHEXIhT4-QLRwi4cE9h_HvSdaOWs26xdC3TnJ0O-xjYHnUUZFstDckCxB4xrZ7GVunopbBzXqXo-9yaBN3ORNfRxB6VqnMD0w_HsdPbVVNyzDOV-nY6H42Bg=s4800-w640,5,235,https://maps.google.com/?cid=3963241330151665975&g_mp=Cidnb29nbGUubWFwcy5wbGFjZXMudjEuUGxhY2VzLlNlYXJjaFRleHQQAhgEIAA,No,,2026-09-28
San Jose,Golden Comfort AC & Heating Repair,"226 Airport Pkwy Ste 622, San Jose, CA 95110, USA",(408) 539-4103,info@goldencomfortairhvac.com,https://goldencomfortairhvac.com/hvac-san-jose-california,https://lh3.googleusercontent.com/grass-cs/ACvplmNRBiz7wYJ6w_pfz4UPjx3WEnv0l3ZEcvgmTm8tRRJaHRUrTcnPgSDNreeULxsfYKhtvRS8dbqOjTGRNNGHlGeegKDoxkt2XEFWm_wWdGNqyp34EJyVIvt2Ur1BGKO4g2wT2cpYk-3VE-6z=s4800-w640,5,109,https://maps.google.com/?cid=5339815798108916577&g_mp=Cidnb29nbGUubWFwcy5wbGFjZXMudjEuUGxhY2VzLlNlYXJjaFRleHQQAhgEIAA,No,,2026-09-28
San Jose,"Heating, Cooling & Appliance Technique Inc","769 Regent Park Dr, San Jose, CA 95123, USA",(408) 807-6641,,https://www.heatcoolappliance.com/?utm_source=gmb&utm_medium=Regent%20Park&utm_campaign=Appliance%20Repair%20Service,https://lh3.googleusercontent.com/grass-cs/ACvplmMaUFgqO3ZDR3pIS-Xx0aG4GtZPGIuW3TlJjeJ3Z5F2aA8f1weUgqLcYitW4YmMe7eRJtn91AjKaicON2F0-bXV4GcucVv4M3gw2bdCnid1843YA0bB9BCGf6NesM09VH_u_Sgd=s4800-w640,5,96,https://maps.google.com/?cid=5845194754150839512&g_mp=Cidnb29nbGUubWFwcy5wbGFjZXMudjEuUGxhY2VzLlNlYXJjaFRleHQQAhgEIAA,No,,2026-09-28
San Jose,IRBIS Air Plumbing Electrical,"2210 Lundy Ave, San Jose, CA 95131, USA",(408) 317-3919,support@irbishvac.com,https://www.irbishvac.com/?utm_source=google&utm_medium=organic&utm_campaign=gmb,https://lh3.googleusercontent.com/grass-cs/ACvplmMRpiziZg-kvahReOxOYucbNlGGCSPMomp92Nnzok2HVgj2RSG69jr-ET-PQN9ZVwbquvc-uHVMe9HziFSk3rUQCR8UBZugs_AfKd3CELp9vEIy70Br1IToStBdfa4D4n86BfYTNaWQac65=s4800-w640,4.9,1598,https://maps.google.com/?cid=6624186524496311130&g_mp=Cidnb29nbGUubWFwcy5wbGFjZXMudjEuUGxhY2VzLlNlYXJjaFRleHQQAhgEIAA,No,,2026-09-28
San Jose,"TRIO Heating, Air & Plumbing","1310 N 4th St, San Jose, CA 95112, USA",(415) 870-1360,,https://trioheatingandair.com/?utm_campaign=gmb&utm_medium=organic&utm_source=gmb,https://lh3.googleusercontent.com/grass-cs/ACvplmPgwE53Z8S-h26p7lJQq-4pCRfTF6ycxq3EAA14Q1O41AwUlSouaO-KIK0IFMRS0vj6Q9twY0C_0XDsaLLL7uuoblVcVHuQCNp5V-ih8fRRlN0iwphxFnCoztD8TlfrsuYxwRXKd-Dybv7w=s4800-w640,4.9,1307,https://maps.google.com/?cid=7488097364495906471&g_mp=Cidnb29nbGUubWFwcy5wbGFjZXMudjEuUGxhY2VzLlNlYXJjaFRleHQQAhgEIAA,No,,2026-09-28
San Jose,AAA Furnace & A/C,"1712 Stone Ave #1, San Jose, CA 95125, USA",(408) 293-4717,,https://www.aaa-furnace.com/?utm_source=googlebusinessprofile&utm_medium=organic&utm_campaign=gbp,https://lh3.googleusercontent.com/grass-cs/ACvplmOYtK85Pg8RN9vOB_yYs1tWB5ICOyDiCb8jvK8qdBPjsOTf3KwOkBx23jfSQTHMWFdTOZa_r7boPU6EUO3G9XHIDaUEv3aer290HZKQ_JCOm6j8Y7dS_uBBk2Xr7RHf63sQgiTZ=s4800-w640,4.9,663,https://maps.google.com/?cid=1618002815761533597&g_mp=Cidnb29nbGUubWFwcy5wbGFjZXMudjEuUGxhY2VzLlNlYXJjaFRleHQQAhgEIAA,No,,2026-09-28
San Jose,Air Care Heating & Cooling Inc.,"1577 Almaden Rd, San Jose, CA 95125, USA",(408) 463-6957,info@hvac-aircare.com,https://www.aircareheatandcool.com/?utm_source=gmb-listing&utm_medium=organic&utm_campaign=website--button,https://lh3.googleusercontent.com/grass-cs/ACvplmPzPzX8YLqad-CccSwQSATrgCXqc2q5rtqbJyCGgYRCwcOXjuF1qJqylKqATsLQC-88Dwc1NDT6LJzD7QVJKwJrOzcIahf_LvgimiK2-Y9so9J8eSI61aooM6laJ3j7EC5BzzN3sUlY2nU=s4800-w640,4.9,488,https://maps.google.com/?cid=16068849603435597846&g_mp=Cidnb29nbGUubWFwcy5wbGFjZXMudjEuUGxhY2VzLlNlYXJjaFRleHQQAhgEIAA,No,,2026-09-28
San Jose,"Valley Heating, Cooling, Electrical and Solar","1171 N 4th St, San Jose, CA 95112, USA",(408) 677-2920,,https://valleyheating.com/service-area/san-jose-ca?utm_source=google&utm_medium=organic&utm_campaign=GBPListing-San-Jose-CA,https://lh3.googleusercontent.com/grass-cs/ACvplmNcdibYIZ9XeNPh5hFMr1-7Uzeev4MdavOIvXc_ChhcqVfJCDMzpZ-W_lY37abs8Jzb3rt0c99_XBIqRnFhwRL7rO_CrxPsjggBrdwM3dNBTnf7FbVyQcSmbmqtNrZsD94K0bObYzyiahs=s4800-w640,4.9,382,https://maps.google.com/?cid=4166029680843983578&g_mp=Cidnb29nbGUubWFwcy5wbGFjZXMudjEuUGxhY2VzLlNlYXJjaFRleHQQAhgEIAA,No,,2026-09-28
San Jose,Sandium Heating and Air Conditioning,"1045 N 10th St, San Jose, CA 95112, USA",(408) 402-4774,office@sandium.com,https://sandium.com/?utm_source=google&utm_medium=gbp,https://lh3.googleusercontent.com/grass-cs/ACvplmPZXv6CmG1vpSKEocUgW4az1lAMdxPSnX6Z8NnNVjXIqFqMp-1Vx86n0boOUZtcgJriWc183IernG60gUYXPtkcKZp8ic0xn4S8M6NZePiMH57FeUj-0i7C0JQER5134_Mg-lc=s4800-w640,4.9,328,https://maps.google.com/?cid=17325757206732804965&g_mp=Cidnb29nbGUubWFwcy5wbGFjZXMudjEuUGxhY2VzLlNlYXJjaFRleHQQAhgEIAA,No,,2026-09-28
San Jose,DG Heating and Air Conditioning,"1040 Commercial St #104, San Jose, CA 95112, USA",(408) 201-9411,info@dgheatingandair.com,https://www.dgheatingandair.com/,https://lh3.googleusercontent.com/grass-cs/ACvplmPD0nuuQyDCKwZWOVs2UZdKVyv0M6XUat9V1Uz6a6-j9Hu3BCTjKFy_RyAZAvfuBQ31YMrh5m19pGC_0bUP9elWiq5fys274GoemaNx0lj8qgTasiK3bUw6__GbabQGmdP2UTJv=s4800-w377,4.9,175,https://maps.google.com/?cid=14929246133502256961&g_mp=Cidnb29nbGUubWFwcy5wbGFjZXMudjEuUGxhY2VzLlNlYXJjaFRleHQQAhgEIAA,No,,2026-09-28
San Jose,"Haxx Heating, Air & Electrical","1462 Merry Ln, San Jose, CA 95128, USA",(408) 847-8268,support@haxxservice.com,https://haxxservice.com/,https://lh3.googleusercontent.com/grass-cs/ACvplmOZzOg8O5jVe_uA2YqA62wEOxf7vtghuJ93SlmM1scNbKuGqfUpeF_c7LrKk6drOM2T0ByT10rpiuN0iweHF0M8oRRCscO7HIcPaaiWpnnJHP6Aa6t8Ttm51hbikZUAPq_PvIOSUgCWATyC=s4800-w640,4.9,126,https://maps.google.com/?cid=8769082037895344930&g_mp=Cidnb29nbGUubWFwcy5wbGFjZXMudjEuUGxhY2VzLlNlYXJjaFRleHQQAhgEIAA,No,,2026-09-28
Moreno Valley,Dependable Plumber Inc,"22980 Brompton St, Moreno Valley, CA 92553, USA",(951) 563-8378,,http://thedependableplumber.com/,https://lh3.googleusercontent.com/grass-cs/ACvplmOA0iUipAjKo7QHvloi_R-v0zVnpefyYS6YmQ9xW2JJ9_2gloJTsHMQ7qCquTC5IlrtGuppmTKJd49L-kIF1SOuEY9ES9zRty5u6IzAVjfFpVW3Ta_cjChECMo1mv6aAEZKTJqCwfJK2Gg=s4800-w640,5,222,https://maps.google.com/?cid=5608911847291165284&g_mp=Cidnb29nbGUubWFwcy5wbGFjZXMudjEuUGxhY2VzLlNlYXJjaFRleHQQAhgEIAA,Yes,,2026-09-28
Moreno Valley,It's No Sweat Heat & Air,"27950 Kalmia Ave, Moreno Valley, CA 92555, USA",(951) 331-3310,support@itsnosweat.net,https://itsnosweat.net/,https://lh3.googleusercontent.com/grass-cs/ACvplmP_ZhcmlME5ohMI9bnInEh7uH2NEoUm6L1VA-i97_iJpYirigEabg6K7kjiOkLz_e79zLgWo2aG8pjcGjTq9UBVebG_wVTXrS8dGdyxM8JsItzjo8Fq8E4uqSELmObJNMYfL6aoOA=s4800-w640,5,101,https://maps.google.com/?cid=3951352860167886589&g_mp=Cidnb29nbGUubWFwcy5wbGFjZXMudjEuUGxhY2VzLlNlYXJjaFRleHQQAhgEIAA,No,,2026-09-28
Moreno Valley,Faisal Heating and Air Conditioning,"21729 Golden Oaks Dr, Moreno Valley, CA 92557, USA",(951) 777-4071,,,https://lh3.googleusercontent.com/grass-cs/ACvplmNFQl5bmMypjowetI8UbmVTF4nUe12PhUX7bElLlO3wpwX8uGX3BjtxKsW1j-Lx-onZcQI8RTjeupU3D4RzcdLqpsT7FUJwJbKbKsnt5DmBGxAtc9JWbs6LlpHI7SuxUEmOyS2k=s4800-w640,5,66,https://maps.google.com/?cid=240745583238142959&g_mp=Cidnb29nbGUubWFwcy5wbGFjZXMudjEuUGxhY2VzLlNlYXJjaFRleHQQAhgEIAA,No,,2026-09-28
Moreno Valley,City Wide Air Conditioning Plumbing & Heating - Ac Repair Moreno Valley,"22902 Scotia Ln, Moreno Valley, CA 92557, USA",(951) 963-1614,service@citywideplumbingheatingair.com,http://www.citywideplumbingheatingair.com/,https://lh3.googleusercontent.com/grass-cs/ACvplmNRWvRHjMnKaezd46OGpgPZvqkCRRZ2hnymkuUommLWomFvONiZuKW95tUJXtvFD_2gtfVNNeu0YzVCePXHj4TDT6sQDQPRxoLlnYt7RlODVn9UIWHoTHUqntPKV1uWN3I01XG-J5g9cAJL=s4800-w640,4.9,179,https://maps.google.com/?cid=12075710398043550702&g_mp=Cidnb29nbGUubWFwcy5wbGFjZXMudjEuUGxhY2VzLlNlYXJjaFRleHQQAhgEIAA,No,,2026-09-28
Moreno Valley,Jays heating and cooling,"15545 Oliver St, Moreno Valley, CA 92555, USA",(626) 322-4051,jaysheatingandcooling1289@gmail.com,https://jayshvacca.com/,https://lh3.googleusercontent.com/grass-cs/ACvplmMN-jO9jWNlodYOPMoUWvqjGv6Qh2QqxmmBjFtnFi_2_KxqR9w_ENbWPQwzd68Fb_JSongYkhaMDvBA3-Rt0HRJFZJdKtw14cDxq3ntFiIEY_-5UGlOHkzt-LvIN3YWKLwxUE0__JCToCJ3=s4800-w640,5,37,https://maps.google.com/?cid=10613879024049809747&g_mp=Cidnb29nbGUubWFwcy5wbGFjZXMudjEuUGxhY2VzLlNlYXJjaFRleHQQAhgEIAA,No,,2026-09-28
Moreno Valley,Inland Plumbing Heating and Air,"12910 Adeline Ave, Moreno Valley, CA 92553, USA",(951) 855-9094,inlandplumbingandair@gmail.com,https://www.inlandplumbinghvac.com/,https://lh3.googleusercontent.com/grass-cs/ACvplmMnDRxXz50ly65s0t50MI8LDgFFjS7uTwrFtZkiY3Cy3dGnO5oyTVYgFTyuWD6RXKVP787zZsvzE6o1NxYNljXRXis8vQoADZc2E076VbUmTLmNP3b0gw4cLII7q1OUsdfDQAn3SzZPFJOv=s4800-w640,4.9,73,https://maps.google.com/?cid=7735450078921541840&g_mp=Cidnb29nbGUubWFwcy5wbGFjZXMudjEuUGxhY2VzLlNlYXJjaFRleHQQAhgEIAA,No,,2026-09-28
Moreno Valley,Stewart Heating & Air Conditioning,"25155 Jaclyn Ave, Moreno Valley, CA 92557, USA",(951) 242-5908,stewartheating.air@gmail.com,https://www.stewartheatac.com/,https://lh3.googleusercontent.com/grass-cs/ACvplmPTU3NLjfvhzfK80Ii8GbT-7iy-IcDY7xqpHWjMyql8saUQTeznahjakEf1mGmVDkDRn6e7obXLnkdBSC5DmksYieQJKZRbwTq-fLbEb7g6io47BZ42xPhufgtNWe0LFRWiASk2=s4800-w640,4.9,49,https://maps.google.com/?cid=15441915221233708302&g_mp=Cidnb29nbGUubWFwcy5wbGFjZXMudjEuUGxhY2VzLlNlYXJjaFRleHQQAhgEIAA,No,,2026-09-28
Moreno Valley,Baron's Air Conditioning,"12661 Argo Pl, Moreno Valley, CA 92553, USA",(951) 741-1998,info@baronsair.com,http://baronsair.com/,https://lh3.googleusercontent.com/grass-cs/ACvplmNh4oBm0KlI49clPUPxO6Yz7rh7pcrCimOsQsHv5ZoDSRh96cKtPL0REobbjb52bI8EOkxnr44mtBz0xF-1RKS5O-ENAnMO55A5wx6-u1v_x8oX4RRa1SLXihj1xMcBko98JFs=s4800-w640,4.9,48,https://maps.google.com/?cid=10249632211927162590&g_mp=Cidnb29nbGUubWFwcy5wbGFjZXMudjEuUGxhY2VzLlNlYXJjaFRleHQQAhgEIAA,No,,2026-09-28
Moreno Valley,Affordable Air Conditioning and Heating,"23328 Olive Wood Plaza Dr, Moreno Valley, CA 92553, USA",(909) 904-0494,,http://affordableair.tech/,https://lh3.googleusercontent.com/grass-cs/ACvplmNTkw3akigCfXhayEnEz-69jSHyp-BuvLNm4CsPDmKXKNhVaYXjiEgNhq1ldptcfEe4gOLwllZZ9GzPEnPeaeicSD5PgbOuSisOdYuH0dW2slj_u-8I0fmr46pM13U9k6GpnHQq76L2uajW=s4800-w640,5,27,https://maps.google.com/?cid=8714306784999871071&g_mp=Cidnb29nbGUubWFwcy5wbGFjZXMudjEuUGxhY2VzLlNlYXJjaFRleHQQAhgEIAA,No,,2026-09-28
Moreno Valley,Thomas Brothers HVAC & Plumbing,"12625 Frederick St, Moreno Valley, CA 92553, USA",(951) 800-3738,,https://thomasbrothershvaccontractor.com/,https://lh3.googleusercontent.com/grass-cs/ACvplmOBWjru-X3uPVRTVLgTofqqBNLoH1splj2rMPjOTo1QrqBkBVZJZVdnl52RAYzufTuesqYbdzABfslZFMoRnFF9B-jp_6dbTN7Q_5k38BJ6eYutHROWnZJfAtidty-9YtiietPA2voMlpTS=s4800-w640,4.8,118,https://maps.google.com/?cid=17172274156211541501&g_mp=Cidnb29nbGUubWFwcy5wbGFjZXMudjEuUGxhY2VzLlNlYXJjaFRleHQQAhgEIAA,No,,2026-09-28
Moreno Valley,Thomas Brothers Heating & Air Conditioning,"15974 Iris Ave, Moreno Valley, CA 92551, USA",(760) 589-5900,,https://thomasbrothershvaccontractor.com/moreno-valley-california-location-2/,https://lh3.googleusercontent.com/grass-cs/ACvplmN-719NnS7E76ljuwjepqlHwBxCBfmVdV8qec8Cc39D_VcA63lH7Pveiyx-7vEZ1jh5PDk1tAYtGrcpbQri773Opbm_CLmX5_eAAfp1dvKKEoRH26WvEK81kN6DsPRATDFc2EelVMjcaWaC=s4800-w640,4.8,112,https://maps.google.com/?cid=46382786360807772&g_mp=Cidnb29nbGUubWFwcy5wbGFjZXMudjEuUGxhY2VzLlNlYXJjaFRleHQQAhgEIAA,No,,2026-09-28
Moreno Valley,Thermokeen,"11668 Warbler Way, Moreno Valley, CA 92557, USA",(951) 705-9157,,https://thermokeen.com/,https://lh3.googleusercontent.com/grass-cs/ACvplmP7vOP8Wcd5MOuqJDUw14HXqSUu6c-WJO01iIta9FqWyyiKPc0RNTA4XYd3GpYyWoL0qaFKY-Ry2MHJJwKQwk3Vk8Ff7wrNoqiZq_6zs9HgRXVilY1d8g1_sQrWTtV8bpgw4TnCvw6gF8N-=s4800-w640,5,12,https://maps.google.com/?cid=1427712674356120307&g_mp=Cidnb29nbGUubWFwcy5wbGFjZXMudjEuUGxhY2VzLlNlYXJjaFRleHQQAhgEIAA,No,,2026-09-28
Ontario,Diamond Air Services,"1630 E Francis St Ste c, Ontario, CA 91761, USA",(909) 713-6644,,http://www.diamondairhvac.com/,https://lh3.googleusercontent.com/grass-cs/ACvplmPWk-8FIDXGaBT8zQ9ob_qfc6C9XqV7ez4aYoCvAz2OdCM3H06aWtPifQZs-T2aBGALeYvbBxxkKO7jF3zKHGSE1CRrpCfUZXxJUjYBt9DaiNYz-yITlxJWgWp6WWENiC2CPPwJaQ=s4800-w640,5,426,https://maps.google.com/?cid=689992156672835777&g_mp=Cidnb29nbGUubWFwcy5wbGFjZXMudjEuUGxhY2VzLlNlYXJjaFRleHQQAhgEIAA,Yes,,2026-09-28
Ontario,"Monkey Wrench Plumbing, Heating, Air & Electric","3200 E Guasti Rd Ste 100-G, Ontario, CA 91761, USA",(909) 791-2726,,https://www.monkeywrenchplumbers.com/?utm_source=google&utm_medium=organic&utm_campaign=GMBListing-Ontario-CA,https://lh3.googleusercontent.com/grass-cs/ACvplmMAI61qQEOhv5WJn2kHZEynAJds1iiIcrgLny64g3wlZww621wOd3lKEFW8k0aLh8rR1RPB_aeup3ppITyRStwamd_Efse62W6ZQ6gl66xUnG7IZnziw5SW-fr2uirCdyHKPAo=s4800-w640,5,130,https://maps.google.com/?cid=7701563000073577097&g_mp=Cidnb29nbGUubWFwcy5wbGFjZXMudjEuUGxhY2VzLlNlYXJjaFRleHQQAhgEIAA,No,,2026-09-28
Ontario,"All Pro Cooling, Heating, Plumbing & Electrical","2311 E Locust St, Ontario, CA 91761, USA",(909) 375-1244,thankyou@allpro247.com,https://www.allproplumbers.com/?utm_source=google-gbp&utm_medium=organic&utm_campaign=*26*all-pro-ontario,https://lh3.googleusercontent.com/grass-cs/ACvplmOzWCUHb5GQyUZvDM6DhyQ1VCsg3O2VPIzJfqprBKqiaOpifRxP1R9Hi2aKdh_hribTfD9CDgVEygYbuJyXfJ9-CKUpS4QZXGILe2ncdE_sHuSF4UJ1qnXentpGEx1pjP_QkdzAiPBiNgPU=s4800-w640,4.8,8974,https://maps.google.com/?cid=2964182783289501429&g_mp=Cidnb29nbGUubWFwcy5wbGFjZXMudjEuUGxhY2VzLlNlYXJjaFRleHQQAhgEIAA,No,,2026-09-28
Ontario,Macawsome Heating & Cooling,"4375 E Lowell St Ste n, Ontario, CA 91761, USA",(909) 333-4004,info@macawsome.com,https://www.macawsome.com/?utm_source=google&utm_medium=organic&utm_campaign=gbp,https://lh3.googleusercontent.com/grass-cs/ACvplmN9ExB0fzuLCL4id9FU8OnP5-yFpRxxLD6rI8TfUCMkkWc-hJXGDrmYuVsH7sEmUvhp7bTFMFP_ravu4aFiSu4cft5Bd3t-Ng5b38l88lFfvvaBgEoLz_EBgBnrxnZ4mNOl36u2UEnpwY5O=s4800-w640,4.8,187,https://maps.google.com/?cid=4849400116918306382&g_mp=Cidnb29nbGUubWFwcy5wbGFjZXMudjEuUGxhY2VzLlNlYXJjaFRleHQQAhgEIAA,No,,2026-09-28
Ontario,Magnison and Moen Inc,"1701 S Vineyard Ave H, Ontario, CA 91761, USA",(909) 947-3187,john@doe.com,http://www.magnisonandmoen.com/,https://lh3.googleusercontent.com/grass-cs/ACvplmNHaEjCNn4cjhMS9lQ68a_AKPhUGRMPKfDJXNtdCBDDMVKqBepNEYj8r8BiM1YJQL7WS6pbg6PkllnmSapiWa0jz06968VgOwjRGtf7ZtdctU805djoFBb9xnLBwvk6DBCzOiZ0l4yx_-qg=s4800-w640,4.9,47,https://maps.google.com/?cid=2839533720864211282&g_mp=Cidnb29nbGUubWFwcy5wbGFjZXMudjEuUGxhY2VzLlNlYXJjaFRleHQQAhgEIAA,No,,2026-09-28
Ontario,Ontario Air Conditioning & Heating,"11193 Central Ave, Ontario, CA 91762, USA",(909) 318-0812,,,https://lh3.googleusercontent.com/grass-cs/ACvplmPGjOGjgOj1Vt9O85eFzxDhj_8-jPQqEzjVmaw2v4KGZyHNPRkk-6_hjzuB46ko5CyhQy0dUDV4uJkdP2sjBkAnKwUv8lW8EiSl8UaV9mTIbdc08iIX7ndOGxwdFvNnOlwhKE2G=s4800-w640,5,20,https://maps.google.com/?cid=9242509629038289314&g_mp=Cidnb29nbGUubWFwcy5wbGFjZXMudjEuUGxhY2VzLlNlYXJjaFRleHQQAhgEIAA,No,,2026-09-28
Ontario,NexGen HVAC & Plumbing,"1428 S Grove Ave Unit B, Ontario, CA 91761, USA",(909) 487-5060,,https://nexgenairandplumbing.com/locations/ontario/?utm_campaign=gmb-listing-ontario-south-grove-ave&utm_source=google&utm_medium=organic,https://lh3.googleusercontent.com/grass-cs/ACvplmOxKbDeahmD1mhLN7aHzCZSjZ7ZPKH0rKbNDdPwBXIqH4exqcYxk3HMJTmMLGwPWsx7GjbsC4GkKUKfOWVLHy3cZ-Ukfjn2djQ8EoqIwrAB-3Qvg4OC6qi5haCjNKMqVOY6Y4i8FA=s4800-w640,4.7,603,https://maps.google.com/?cid=3503125005298686972&g_mp=Cidnb29nbGUubWFwcy5wbGFjZXMudjEuUGxhY2VzLlNlYXJjaFRleHQQAhgEIAA,No,,2026-09-28
Ontario,"Northstar Plumbing, Heating and Air Conditioning","1351 S Grove Ave #110, Ontario, CA 91761, USA",(909) 593-3353,info@northstarcares.com,http://northstarcares.com/,https://lh3.googleusercontent.com/grass-cs/ACvplmPq3kFJIzf5AsQkqILdrqLyeQGB_0-8WvnFav_6FUpTsklNrKpNnE8X38xuC_YofL6LVE1c0wMFfmA4xv_V7UBt8EGCOMcnrmIpwVxSpkoeV0nVKOt2_4GcANmu91Yz6_hnuzLV8g=s4800-w640,4.7,338,https://maps.google.com/?cid=1782469828027937432&g_mp=Cidnb29nbGUubWFwcy5wbGFjZXMudjEuUGxhY2VzLlNlYXJjaFRleHQQAhgEIAA,No,,2026-09-28
Ontario,Ontario Heating & Air Conditioning,"125 E California St, Ontario, CA 91761, USA",(909) 347-7266,,,https://lh3.googleusercontent.com/grass-cs/ACvplmM2RC9o8NZEBIDmXo1XVzauPl6cq1fUtZU3WLyO8HsvBQhvd0OX1mfTbHnPLIjUuC7z5WLj27UAnZJ1J8exLgHPiEm1oRnYQnjgwmpEJwLn9ZWbxXUGqxtV7P9IM0_HjqLZx8g=s4800-w640,4.6,32,https://maps.google.com/?cid=16706652249869566512&g_mp=Cidnb29nbGUubWFwcy5wbGFjZXMudjEuUGxhY2VzLlNlYXJjaFRleHQQAhgEIAA,No,,2026-09-28
Riverside,Hush Air Heating & Air Conditioning,"21790 Van Buren Boulevard Ste 104, Riverside, CA 92518, USA",(951) 732-8987,,https://www.hushair.com/?utm_source=gbp&utm_medium=organic,https://lh3.googleusercontent.com/grass-cs/ACvplmP40X3F9BXtrx8xh1R7t6tPsGqPU1xjKldRzmpR4FSiqL3paw4xgfL39oNFU0e6_RK7Oe_dWFYXE01CDMgaEdcDRhuT_mgXUqBNbS3sSGnL0uTgZKNRSoM4u8kreofBMozZ-CWZ-d1UXE4=s4800-w640,5,730,https://maps.google.com/?cid=872315666353633904&g_mp=Cidnb29nbGUubWFwcy5wbGFjZXMudjEuUGxhY2VzLlNlYXJjaFRleHQQAhgEIAA,Yes,,2026-09-28
Riverside,Eco Air Heating & Cooling,"1525 3rd St Ste F, Riverside, CA 92507, USA",(951) 446-5968,,http://ecoairheatandcool.com/,https://lh3.googleusercontent.com/grass-cs/ACvplmOAQscEBd_SvTmQT3aESQmGRPxH6u8j7cd6FegEXr10VkoO1WwwEi2zGZRD-vBtOiqxfe5_rbXB7wnEkir2rjcxluEHovZfExO1lqTvAQX8xm7XvPYLuUP4ifcQNCDucOw4UvMy0A=s4800-w640,5,400,https://maps.google.com/?cid=382404192996254519&g_mp=Cidnb29nbGUubWFwcy5wbGFjZXMudjEuUGxhY2VzLlNlYXJjaFRleHQQAhgEIAA,No,,2026-09-28
Riverside,Green Comfort,"3332 Durahart St, Riverside, CA 92507, USA",(951) 581-5869,info@thinkgreencomfort.com,http://www.thinkgreencomfort.com/,https://lh3.googleusercontent.com/grass-cs/AABkmLcN73Chlbc3JULGXz-l38KONUhIfeMQ4sC3W_TRMcyL9W84-avnf86Yk1vKjd1wC_3OM_qd_FE8SnTLtIb8OVfBfqEKqE7FrtTVnGP76LVh3GSD697VAFCYj-pNJF8hPbSm-Gsr=s4800-w640,5,265,https://maps.google.com/?cid=11961479070037383278&g_mp=Cidnb29nbGUubWFwcy5wbGFjZXMudjEuUGxhY2VzLlNlYXJjaFRleHQQAhgEIAA,No,,2026-09-28
Riverside,Total Air Heating & Air Conditioning,"4174 Highland Pl, Riverside, CA 92506, USA",(951) 339-2926,,https://totalairnow.com/,https://lh3.googleusercontent.com/grass-cs/ACvplmPw8ErmlPvJVHHksaAM-M2iawcH0GRTFVDdSBQwS4bjROF3jjC2vzOEaEObQz50cCR0E_xlFVikMMNqPAHOgY7eHBf3OWeLTxyAXI-M5SV7JaCwS6YXofEXnH91oXbKEeNycKtaA6qzruU=s4800-w640,5,239,https://maps.google.com/?cid=11233834377922223560&g_mp=Cidnb29nbGUubWFwcy5wbGFjZXMudjEuUGxhY2VzLlNlYXJjaFRleHQQAhgEIAA,No,,2026-09-28
Riverside,Imagine That Heating & Air,"6809 Indiana Ave Ste 155, Riverside, CA 92506, USA",(951) 690-0116,,https://imaginethathvacpros.com/,https://lh3.googleusercontent.com/grass-cs/ACvplmM6z8zjanmGy9iYixbxPHxsRZbmAhHyP-ekpSMp3WYHh5425Cmk7VTZkfFt6f9y5JH_qK90XJ6J00Mc2zw05z0dpTl09_YHdR75Wa9c6Wva81_UszOHGdwnCR3__E0tihsG0hdU=s4800-w640,5,130,https://maps.google.com/?cid=5846401776359900399&g_mp=Cidnb29nbGUubWFwcy5wbGFjZXMudjEuUGxhY2VzLlNlYXJjaFRleHQQAhgEIAA,No,,2026-09-28
Riverside,Infinity Air Heating and Cooling,"11176 Rogers St, Riverside, CA 92505, USA",(909) 975-2391,ryan.villa@infinityairservices.com,https://infinityairservices.com/,https://lh3.googleusercontent.com/grass-cs/ACvplmNp1f3KVYvAI9qbbSx8jvQ84S6ELOWFpA8XpF1-vaIYMWu1rM92UpG49H2dVGPS3jvVPZpaUVcyC2Hlkw0Iz1XAEk8jlhg4-yLeqQauk2b-GJPSPleTqzdi-mKqIaHizMFrzs45DC5WmvdC=s4800-w640,5,115,https://maps.google.com/?cid=12204257817051841083&g_mp=Cidnb29nbGUubWFwcy5wbGFjZXMudjEuUGxhY2VzLlNlYXJjaFRleHQQAhgEIAA,No,,2026-09-28
Riverside,Modern Comfort and Air,"393 W La Cadena Dr Ste 17, Riverside, CA 92501, USA",(909) 489-4018,info@moderncomfortair.com,https://moderncomfortair.com/?utm_medium=organic&utm_source=google&utm_campaign=gbp,https://lh3.googleusercontent.com/grass-cs/AABkmLdUU8VNGuPGOQBdScIf4iWp1rFKDYsMfPullThuKCywq3dVbWQaHzyEkJCXF3BykzgvvhcKR-MYN6gfjqWvtICxLrZqiHITRdldhRq6-h0kN2mvxUTpnUeGRcfU0r8QhSAl4LtRi2ZbmjU=s4800-w640,5,103,https://maps.google.com/?cid=15111310819486802979&g_mp=Cidnb29nbGUubWFwcy5wbGFjZXMudjEuUGxhY2VzLlNlYXJjaFRleHQQAhgEIAA,No,,2026-09-28
Riverside,Ray O. Cook Heating & Air,"889 Riverside Ave Ste C, Roseville, CA 95678, USA",(916) 237-9037,service@rayocook.com,https://www.rayocook.com/?utm_campaign=gmb&utm_medium=organic&utm_source=googlebusinessprofile,https://lh3.googleusercontent.com/grass-cs/ACvplmN2jBpXRgPyDzUn8eefgjWA2ajKicjbkaDbpXU6wTH59WZbYGfapFovAmkIAT2i3KKvOnULI_EwYPrlp8ZTlmP3HFat5YCIZyIm5ZqkWThbNAHhapGhfpuImSkZPhiolB9r8HipWmZFBbY9=s4800-w640,4.9,2725,https://maps.google.com/?cid=9265270732147070585&g_mp=Cidnb29nbGUubWFwcy5wbGFjZXMudjEuUGxhY2VzLlNlYXJjaFRleHQQAhgEIAA,No,,2026-09-28
Riverside,Magnolia Heating and Cooling,"6990 Jurupa Ave, Riverside, CA 92504, USA",(951) 688-3524,info@maghvac.com,https://maghvac.com/?utm_source=google&utm_medium=organic&utm_campaign=riverside-google-business-profile,https://lh3.googleusercontent.com/grass-cs/ACvplmMiK4O5gf0psjBpc48yTQHVWUgGN5MGtMCNl00FOLGcbZfmGIROHiMQZqxQDYlb2j7C3QU61VThuJTZ5TztozlOygjFba-_IuJk5fGRB_EicFIUzLQpe563FPLE7LI_x8zhH8gsqAOb2POh=s4800-w640,4.9,1555,https://maps.google.com/?cid=15969749890031389422&g_mp=Cidnb29nbGUubWFwcy5wbGFjZXMudjEuUGxhY2VzLlNlYXJjaFRleHQQAhgEIAA,No,,2026-09-28
Riverside,RKM Heating and Air Conditioning,"6236 River Crest Dr a, Riverside, CA 92507, USA",(951) 899-3877,,http://www.rkmair.com/,https://lh3.googleusercontent.com/grass-cs/ACvplmM3FEJ5pJHFmSmX0c5fqzkMXyfOGuTEZ46Ir45ymKN6f1cJX97Yt95R-DqEEnFHEMNKKpwDwU9jPVZ0xzs3roRiz7k04uCpxwWtxkQOG-nKHzNVAtU2cMt20ztrxZw0Q266R_yCGA=s4800-w640,4.9,1317,https://maps.google.com/?cid=9666220097686977595&g_mp=Cidnb29nbGUubWFwcy5wbGFjZXMudjEuUGxhY2VzLlNlYXJjaFRleHQQAhgEIAA,No,,2026-09-28
Riverside,Dragonfly Heating & Cooling,"1280 Palmyrita Ave Ste D, Riverside, CA 92507, USA",(951) 476-1342,,https://calldragonfly.com/air-conditioning/ac-repair/?utm_source=google&utm_medium=organic&utm_campaign=gbp_riverside,https://lh3.googleusercontent.com/grass-cs/ACvplmNMqAKTplUzE3uRFqHojj0qXJS21IalKrkH3VZ3KqbA65_wRvxKlpHb6HeV2LJNrWXkrkNDYnWmiPIH2q0OJ-MJsFLiHfTv1Wd4UuEZTQuERp83422aTjaa_euUw0BFVb8Vc8Fn0A=s4800-w640,4.9,765,https://maps.google.com/?cid=8770865206651510602&g_mp=Cidnb29nbGUubWFwcy5wbGFjZXMudjEuUGxhY2VzLlNlYXJjaFRleHQQAhgEIAA,No,,2026-09-28
Riverside,"ServLegacy AC, Heating, & Plumbing","1660 Chicago Ave P11, Riverside, CA 92507, USA",(951) 223-8986,,https://www.servlegacy.com/,https://lh3.googleusercontent.com/grass-cs/ACvplmNoNa9ZMsXVcRRX1A-XTZaDvf0UR0nxEJD7fuX3UAj6Jqhd1y9SsrxUEeOtpk59XXhpFVTp5sM76-rztAeeigh5391lOZnvwoT3z1WMotHa1CYKpRogZ39n49tIF8dKMzR8TAY67Q=s4800-w640,4.9,356,https://maps.google.com/?cid=11356187176475340706&g_mp=Cidnb29nbGUubWFwcy5wbGFjZXMudjEuUGxhY2VzLlNlYXJjaFRleHQQAhgEIAA,No,,2026-09-28
San Bernardino,Superior Mechanical Heating & Air Inc.,"1131 E Central Ave, San Bernardino, CA 92408, USA",(909) 890-9135,superiormechanical@gmail.com,https://www.mysuperiorair.com/,https://lh3.googleusercontent.com/grass-cs/ACvplmOOguLdi26KgQPVx4NIujAaeqN9j0E4hmG52xuX_00ndp8-sq5aLCiivnYJZRbIfG9xy32f1nt3QKjpuYcXfYFyFJ3aoIidIs8KLlfkD8JkroRxA_1xAL9ENU2UTDODnQGqkgt1=s4800-w640,5,247,https://maps.google.com/?cid=17185996752520805823&g_mp=Cidnb29nbGUubWFwcy5wbGFjZXMudjEuUGxhY2VzLlNlYXJjaFRleHQQAhgEIAA,Yes,,2026-09-28
San Bernardino,Ballard Plumbing Heating & Air Conditioning,"25260 E Baseline St, San Bernardino, CA 92410, USA",(909) 882-1748,,https://www.ballardplumbingandair.com/?utm_campaign=Google+My+Business&utm_source=GMB&utm_medium=organic&utm_content=Website,https://lh3.googleusercontent.com/grass-cs/ACvplmMcuG-2D9NrhSQVdzIEYNIkjgue312erIVh5AZ0mfRLv7_R2eAmUNLovR3FhxumAdKgiRK_3t3gcsmnibdcEBfXG7EkFGv8Mie2Kgqrl2p5V5vMrDEvy2DRcTAZE1jdU3TiMLMDFX-fqfCN=s4800-w640,4.9,2664,https://maps.google.com/?cid=7528050244242863756&g_mp=Cidnb29nbGUubWFwcy5wbGFjZXMudjEuUGxhY2VzLlNlYXJjaFRleHQQAhgEIAA,No,,2026-09-28
San Bernardino,4 Points A/C and Heating,"118 E Airport Dr, San Bernardino, CA 92408, USA",(909) 323-2803,,https://www.4pointsac.com/,https://lh3.googleusercontent.com/grass-cs/ACvplmPfIG1ACvxCjZj64O7qcYuBD-CNuRsVvnLHgxU9HTzjj8u7busz4xFdFe_zMnc5cXE5XhDt7y5z7XP78_RYihIPd-uB5c5LUcdny5QFDxnBvSdB3APLWWHsYOwznaDWK6vwjNeOHZQlDRk=s4800-w640,4.9,1053,https://maps.google.com/?cid=11990999264783941291&g_mp=Cidnb29nbGUubWFwcy5wbGFjZXMudjEuUGxhY2VzLlNlYXJjaFRleHQQAhgEIAA,No,,2026-09-28
San Bernardino,Henley's Plumbing & Air,"337 W 40th St, San Bernardino, CA 92407, USA",(909) 245-9369,,https://www.henleysplumbingair.com/?utm_campaign=gmb&utm_medium=sboffice&utm_source=gmb,https://lh3.googleusercontent.com/grass-cs/ACvplmNaGjdAtYT5tpip0Xny0FnvYLUOE1be6pCJh39u6biEpuGZBEIohKVj2VNa77cV1ULEu_5qVEBrRQh1NL_A1-GtsNpDGqeEWjuwDSrQVoJePLQzrEESNd4qBabiYxMlBbzwu99FVQ=s4800-w640,4.8,988,https://maps.google.com/?cid=5999512050062530582&g_mp=Cidnb29nbGUubWFwcy5wbGFjZXMudjEuUGxhY2VzLlNlYXJjaFRleHQQAhgEIAA,No,,2026-09-28
San Bernardino,"Most Valuable Plumbing, HVAC, Electrical","750 E Central Ave Unit 3, San Bernardino, CA 92408, USA",(818) 697-8310,,https://mvp-plumbing.com/,https://lh3.googleusercontent.com/grass-cs/ACvplmPevTIAIaHlqMyiFra28Adl3DIa6fI4m0SFCHhs77BgGaAr3sjm6Jp9giWRgmmZfjMF-Loh0qyaCLLIy7BdpgFXokFzj162oaQ4MyO9GfGKZbfjGwnVXOVf9XOyxhcUS_2A4colp_iYV7s=s4800-w640,4.9,68,https://maps.google.com/?cid=1861272856751336198&g_mp=Cidnb29nbGUubWFwcy5wbGFjZXMudjEuUGxhY2VzLlNlYXJjaFRleHQQAhgEIAA,No,,2026-09-28
San Bernardino,Davidson's Air Conditioning & Heating,"495 S Sierra Way, San Bernardino, CA 92408, USA",(909) 885-2703,,http://davidsonsairandheat.com/,https://lh3.googleusercontent.com/grass-cs/ACvplmM-1O2T425x18spt484djE1I7AhP5XEtuhYsbazdIJ81jvyOTpWQ2imYMSq5DvZbzy75MJt8x-pATPIKP03Z6xIfwqE_8TBVnKqQL-kGLkwfcXLfeGDR6eIZBkdtdZjByKjtkw=s4800-w640,4.8,109,https://maps.google.com/?cid=16836366938709956097&g_mp=Cidnb29nbGUubWFwcy5wbGFjZXMudjEuUGxhY2VzLlNlYXJjaFRleHQQAhgEIAA,No,,2026-09-28
San Bernardino,Hunter Sons HVAC,"160 W Congress St, San Bernardino, CA 92401, USA",(951) 800-3301,,https://huntersonsplumbing.com/,https://lh3.googleusercontent.com/grass-cs/AABkmLc9SwyNwr6Zb3s0PpiYAyotPnWt3j7YYkCvTKJw_VmctYDolPmfjAO0g62Otcjtb32FUKaN-fK-ABARNj-1c0g9f69jSR-_uDs5JXKdxZzSg_POVd3FTtxDTAM7EdeGYXdyM2jnQ4WS0Dc=s4800-w640,4.8,67,https://maps.google.com/?cid=3919467234123444700&g_mp=Cidnb29nbGUubWFwcy5wbGFjZXMudjEuUGxhY2VzLlNlYXJjaFRleHQQAhgEIAA,No,,2026-09-28
San Bernardino,Eazy cool HVAC,"25432 Flamingo Rd, San Bernardino, CA 92410, USA",(714) 477-7145,cesar@eazycoolhvac.com,https://eazycoolhvac.org/home,https://lh3.googleusercontent.com/grass-cs/ACvplmMkJpbB6wk2HBgqYVRKWuzS9voXDJHOeayZNf_f7rMJu1ZChL0GyDuLLmcL1-MLdmI2dWtvUmulTJOyOq9_X7SnIJE1RMT1XbE1ndFRtXi3NVksqREDM9rzuUP3D0JDrh8IipQLQPSo2Fk=s4800-w640,5,18,https://maps.google.com/?cid=13871852151333597000&g_mp=Cidnb29nbGUubWFwcy5wbGFjZXMudjEuUGxhY2VzLlNlYXJjaFRleHQQAhgEIAA,No,,2026-09-28
San Bernardino,AC Repair,"1547 Home Ave W, San Bernardino, CA 92411, USA",,,,https://lh3.googleusercontent.com/grass-cs/ACvplmOkCd2jWXmVaIxWsZkN6PYSpZ_aeZS4lmTYLjT5lWyBnR5wX_gVdUj1eYK4vP3phItfm-veEtwZSTCvH26ZdffXGdpEAEbuCN0s9XS8uUZfPF4Kj8PtljqmupIoZRgLEdevXJ1Z=s4800-w640,5,13,https://maps.google.com/?cid=13510229293707265264&g_mp=Cidnb29nbGUubWFwcy5wbGFjZXMudjEuUGxhY2VzLlNlYXJjaFRleHQQAhgEIAA,No,,2026-09-28
San Bernardino,All in One HVAC Services San Bernardino CA,"3541 Laurel Ct, San Bernardino, CA 92404, USA",(909) 872-8670,,,https://lh3.googleusercontent.com/grass-cs/ACvplmOJXm_t9VQYDwyCLrPKLOahhcaOiSNzwZsJPT_d9rtS5dXN6GKg3EDT8DY8jeMH1puTJnbr-BWQlKWGd8Dko6znH-EZoRvLCuEVhGzgXWR9CziuA3uNtjIF-z6VI61FTJzL5JnxsLZbyEEe=s4800-w640,5,10,https://maps.google.com/?cid=17742469703907474666&g_mp=Cidnb29nbGUubWFwcy5wbGFjZXMudjEuUGxhY2VzLlNlYXJjaFRleHQQAhgEIAA,No,,2026-09-28
San Bernardino,HVAC Services San Bernardino: Heating & Air Conditioning,"739 W Highland Ave, San Bernardino, CA 92405, USA",(909) 707-1437,,https://www.hvacservicessanbernardino.com/,https://lh3.googleusercontent.com/grass-cs/ACvplmNlcAKW3SQVqgwbx5LCczBzTORfGBXID9KO-gFPvBXaMRb4IRSFAgSGixUmDBHmiWXMuHt9YOxGMWMnjkJccPjL-2c0fAWWsZBmAqu2ONJEUZISyNyqIpfZAzh3azX-EDGPKioYKNjSXC4=s4800-w640,4.6,42,https://maps.google.com/?cid=5725301377850461169&g_mp=Cidnb29nbGUubWFwcy5wbGFjZXMudjEuUGxhY2VzLlNlYXJjaFRleHQQAhgEIAA,No,,2026-09-28
San Bernardino,San Bernardino Heating and Air Conditioning,"122 N Arrowhead Ave, San Bernardino, CA 92408, USA",(909) 710-8081,,,https://lh3.googleusercontent.com/grass-cs/ACvplmPkRbLfSDDUTv1iFbO7dMMg0lzIj-42c_UyAnIeE4OrSq1NO_RdzFqEDhYQfE6U2Fyr7sgAlZgFnb3hes3NWPffwd-s0rPY8scEUEc2XVhNvV22yP94-N890bqYXbOLoIYBbQKgyRXhkJ2o=s4800-w640,4.6,13,https://maps.google.com/?cid=2110242194940157898&g_mp=Cidnb29nbGUubWFwcy5wbGFjZXMudjEuUGxhY2VzLlNlYXJjaFRleHQQAhgEIAA,No,,2026-09-28
Chula Vista,All Aire Heating & Cooling,"1854 Marielle Pl, Chula Vista, CA 91913, USA",(619) 730-8566,allaireofsd@yahoo.com,http://allaireone.com/,https://lh3.googleusercontent.com/grass-cs/ACvplmM5EPbtB7RAIKom1OXk63BcIUplfk0gM-WdZH1mB1A6NErM__QNTnLuIZmxpEEeZ9Ur1_SjB3-g5paOqelNaiEq3AIXzHoqewRsd2x7rIDdxlckj24xINc-SFybdIk7pkRnxT2A=s4800-w640,5,189,https://maps.google.com/?cid=12865125726349206893&g_mp=Cidnb29nbGUubWFwcy5wbGFjZXMudjEuUGxhY2VzLlNlYXJjaFRleHQQAhgEIAA,Yes,,2026-09-28
Chula Vista,Agape Plumbing Service,"194 G St, Chula Vista, CA 91910, USA",(619) 513-6149,services@agapeplumbingservice.com,https://agapeplumbingservice.com/,https://lh3.googleusercontent.com/grass-cs/ACvplmMDJOESgAxUhVKJ0qkuGyFy7me2rNnVFfd2h7z7Kea8wQcP_ACvZJCu-WvH_N7aN0v1iRIRcUn_RywTzLVSi6ygKgLNOzXmobfOywqmb__hVomkHFYYwfUWamMEF3Qjv3NhxY2jtwsJo2vh=s4800-w640,5,123,https://maps.google.com/?cid=13306553162046798060&g_mp=Cidnb29nbGUubWFwcy5wbGFjZXMudjEuUGxhY2VzLlNlYXJjaFRleHQQAhgEIAA,No,,2026-09-28
Chula Vista,Air Pro Heating & Air,"2434 Fenton St Ste 300, Chula Vista, CA 91914, USA",(619) 693-3661,,https://gotairpro.com/?utm_campaign=gmb,https://lh3.googleusercontent.com/grass-cs/ACvplmOjsBrhht5t5k4O-w62UMyuaQx5nioXkIqSlPIIPkfBum93zrU4vy-xA25ilE_dsv2k-bfBlxZFi-jX-KzisAsHAzuKzYqVl8-GIK7ZlxvpE9LLDMfDbjecCQKVnCKDXP-3puUbg-mseic2=s4800-w640,4.9,393,https://maps.google.com/?cid=4629050031964779954&g_mp=Cidnb29nbGUubWFwcy5wbGFjZXMudjEuUGxhY2VzLlNlYXJjaFRleHQQAhgEIAA,No,,2026-09-28
Chula Vista,Della-Mora Heating and Air Conditioning,"180 Mace St Suite C-17, Chula Vista, CA 91911, USA",(619) 739-6161,,https://della-morahvacca.com/?utm_source=gbp&utm_medium=organic&utm_campaign=gbp-listing,https://lh3.googleusercontent.com/grass-cs/ACvplmM8uvvCfTGObiiJ2BNzoWCyvKEDP4dmz1uqGfmLblkGB-Tndh8kH-aBgp2qz4Ljxsv2f2DgDpGy-sDJ3RxuRLdhBqFuJda8NneK_za8f4yTk77uSZh-rmeSVDc_H4VKH1M4lb-gK2aN5sa8=s4800-w640,5,65,https://maps.google.com/?cid=3827298693700593288&g_mp=Cidnb29nbGUubWFwcy5wbGFjZXMudjEuUGxhY2VzLlNlYXJjaFRleHQQAhgEIAA,No,,2026-09-28
Chula Vista,We Fix Plumbing,"119 Broadway Apt J, Chula Vista, CA 91910, USA",(619) 936-7471,,http://www.wefixplumbingsd.com/,https://lh3.googleusercontent.com/grass-cs/ACvplmP6I-vxtrKzJbM27f9xVoOe_20clqsA3RCELCWp9xKeRMOCcntfkL9s4pkbSm7W21qHeJmcu4Pax9rZe9PlfU9fpGH3r9Hg55m9XywuluPAh9t4O0DumHTpF_7pqcJzXcBoyHMBPw=s4800-w640,5,50,https://maps.google.com/?cid=4884315451304448674&g_mp=Cidnb29nbGUubWFwcy5wbGFjZXMudjEuUGxhY2VzLlNlYXJjaFRleHQQAhgEIAA,No,,2026-09-28
Chula Vista,Friar's Plumbing Heating and AC Repair,"1813 Jackson St, Chula Vista, CA 91913, USA",(619) 317-1906,,https://www.friarsair.com/chula-vista-air-conditioning-services/,https://lh3.googleusercontent.com/grass-cs/ACvplmM82efM_nNH-0_kasJx-u7SWfDEjJMCbH4MaABjXdSi8NBRzRVWYnv4G_4MFf-WOGSTjqwxO84WEQiVbsPpRaUocUniU1rAn_MQKXgI1QJcbF-b8qGPhj4B5dB4GA8wX4KmOPayo05ayjE_=s4800-w640,4.9,122,https://maps.google.com/?cid=8777758330577850059&g_mp=Cidnb29nbGUubWFwcy5wbGFjZXMudjEuUGxhY2VzLlNlYXJjaFRleHQQAhgEIAA,No,,2026-09-28
Chula Vista,PROPER HVAC INC,"839 1st Ave, Chula Vista, CA 91911, USA",(619) 775-2742,bruner@properhvacsd.com,http://properhvacsd.com/,https://lh3.googleusercontent.com/grass-cs/ACvplmMFOc5IikB8NA2NdSMm_y4HyT6GS9oZpUbzpvRrzF5BVAc3tRPBAakuuKJzFp6IP0CqGwJIZLezZLUBgLaGcc2vpOt-5L_NEIKepsdq4oOsAPbgealonbxxsSgede4qQktrQLXoHADlY2A=s4800-w640,5,48,https://maps.google.com/?cid=3029849059849416208&g_mp=Cidnb29nbGUubWFwcy5wbGFjZXMudjEuUGxhY2VzLlNlYXJjaFRleHQQAhgEIAA,No,,2026-09-28
Chula Vista,All Brands Air Conditioning Heating Repair,"951 St Claire Dr, Chula Vista, CA 91913, USA",(619) 541-8899,,http://allbrandsairconditioning.com/,https://lh3.googleusercontent.com/grass-cs/ACvplmPen-43buIhcRl4kUpnw5acNugUBJ0zeOjBxo_nEkRxJCibWqP7I2oYhZqIWRBRyMliNKjvRS6DQEjOMOyEM0CsNqbDif16GUBvsEr8d5tIrVv370fxTVpAW4hHTIZpeL7G27fsqsBt0p3d=s4800-w640,4.8,284,https://maps.google.com/?cid=12839962759965801277&g_mp=Cidnb29nbGUubWFwcy5wbGFjZXMudjEuUGxhY2VzLlNlYXJjaFRleHQQAhgEIAA,No,,2026-09-28
Chula Vista,HVAC Pilot Air Conditioning & Heating Services,"1539 Santa Sierra Dr, Chula Vista, CA 91913, USA",(858) 264-2677,,https://hvacpilot.com/?utm_source=googlebusinessprofile&utm_medium=organic&utm_campaign=Google+Business+Profile,https://lh3.googleusercontent.com/grass-cs/AABkmLeSEWatMNs31isVwUhNbWQLG4E1XcHh_XR0pPHcVfJZ8uZ1zu98jK1aaVp7Gdgm8Cm4w65h8pZS-nLu2rzDQFZNYBoNuI1DjSVsgfe2jcaCZaILUY_OAZEiGoJBtHuudpu7GISt=s4800-w640,4.9,45,https://maps.google.com/?cid=8460166472137128984&g_mp=Cidnb29nbGUubWFwcy5wbGFjZXMudjEuUGxhY2VzLlNlYXJjaFRleHQQAhgEIAA,No,,2026-09-28
Chula Vista,California Mechanical HVAC,"1055 Tierra Del Rey Ste H, Chula Vista, CA 91910, USA",(619) 824-3548,service@californiamech.com,https://californiamech.com/,https://lh3.googleusercontent.com/grass-cs/ACvplmPGPh4IMSM0TvLjqvAuzOYqlpQK-XFM37DpwjrbhIhPigqHcmDsnvktkW2dZCblUwcwTv5pz3qRbTAuC648TX3zaqV2QSVFrYLBGfkqmxFL7lVlPQnVWuxwgJ9L-crp4wI0Dz8n1u0UQMQo=s4800-w640,4.9,30,https://maps.google.com/?cid=7180736360886208747&g_mp=Cidnb29nbGUubWFwcy5wbGFjZXMudjEuUGxhY2VzLlNlYXJjaFRleHQQAhgEIAA,No,,2026-09-28
Chula Vista,Direct Plumbers Chula Vista,"267 3rd Ave, Chula Vista, CA 91910, USA",(619) 325-6009,,https://directplumberschulavista.com/,https://lh3.googleusercontent.com/grass-cs/ACvplmM_OBUUzj42hpVHpY349W06xgXy3MsTxzx2E8cxUjN5t24JLp7GNGrDvQgkdScyUwkLYxcdTNhEGShf9NVLnJ_Yh7byqBXz1v8lIs-RUU_i0xAIjPHyjJ9tcCxzkQ9Vk_N9VusVneY6o7Od=s4800-w640,5,15,https://maps.google.com/?cid=10497344512262801640&g_mp=Cidnb29nbGUubWFwcy5wbGFjZXMudjEuUGxhY2VzLlNlYXJjaFRleHQQAhgEIAA,No,,2026-09-28
Chula Vista,Universal Air Conditioning,"982 Potrero Ct, Chula Vista, CA 91911, USA",(619) 202-3517,,,https://lh3.googleusercontent.com/grass-cs/ACvplmO5_8M1uJcJRmmXhDV748wQI5EijlZbsViQDWMldy_ZhQaK2yNifuSwu2MzG0T6dm1hA1yFVXhud-Ys7tgxa5xePqum-h51JOqEmfXJ51RTNLAxYVh7yFGlClu8x4DSXkMQDohJ51ROiUY=s4800-w400,4.8,24,https://maps.google.com/?cid=16582528459666320396&g_mp=Cidnb29nbGUubWFwcy5wbGFjZXMudjEuUGxhY2VzLlNlYXJjaFRleHQQAhgEIAA,No,,2026-09-28
Escondido,Max Air HVAC,"1145 Industrial Ave # A, Escondido, CA 92029, USA",(760) 309-3364,info@maxairsocal.com,https://www.maxairsocal.com/,https://lh3.googleusercontent.com/grass-cs/ACvplmOYIfc92rCjKMC5PL8rGrxgaY0Fn7sNaK_t-hsiOOrkozBmk6KKMC3O7iIet-5Xp6QxT8738YkUPjLdTlOa5om6Zn3Mxswi_EAX12nFmUGBX7LMXf-u8PyUYXI5Gex3nqJl8cRW=s4800-w640,5,151,https://maps.google.com/?cid=9994531107314999307&g_mp=Cidnb29nbGUubWFwcy5wbGFjZXMudjEuUGxhY2VzLlNlYXJjaFRleHQQAhgEIAA,Yes,,2026-09-28
Escondido,"Viking Heating & Air - AC Repair, Service & Installation of San Diego","350 Pauma Pl, Escondido, CA 92029, USA",(760) 576-2261,marketing@vikingair.net,https://vikingair.net/san-diego-ca/?utm_source=gbp,https://lh3.googleusercontent.com/grass-cs/ACvplmMcSRd0OYiWqOWBkHy-dBG28LCKt2AQyJurXs_aq7DkwjaGS9YlrXxwteuMA5MCRESN99gnQEFugeepNIfTQ8CMBuZ7Ce_-Dd4l9--Ca5xbP4R1_BOSrjOf-Gxgge7ZKGPsofdqu-RHyGlW=s4800-w640,5,125,https://maps.google.com/?cid=2007417472646109683&g_mp=Cidnb29nbGUubWFwcy5wbGFjZXMudjEuUGxhY2VzLlNlYXJjaFRleHQQAhgEIAA,No,,2026-09-28
Escondido,Free Air Mechanical Inc.,"PO#462091, 1157 W Mission Ave, Escondido, CA 92025, USA",(858) 798-6661,,http://www.freeairmechanical.com/,https://lh3.googleusercontent.com/grass-cs/ACvplmPzL7wgUMqAxtjCZvrBesUZbIIbPO1fcsNgG5chLDXDoKCaBxAr4VMc4tEp24FuyTNW_PK7uMdyb2-5WCr-eULCs1cO-0JzAOzHYNIYt9HkTIqNEdltIybL5VBoBLz5pMpYP7RSg0jHp0o=s4800-w640,5,97,https://maps.google.com/?cid=4795427757064714339&g_mp=Cidnb29nbGUubWFwcy5wbGFjZXMudjEuUGxhY2VzLlNlYXJjaFRleHQQAhgEIAA,No,,2026-09-28
Escondido,United HVAC Repair & Installation,"26337 Sky Dr, Escondido, CA 92026, USA",(858) 500-3616,,https://theunitedhvac.com/?utm_campaign=GoogleMyBusiness,https://lh3.googleusercontent.com/grass-cs/ACvplmOx6jao0e5AHOmLzd46GD_ZmGgY5W0THanYERarKy6C1EZNHMD5zhegPT9q6sPNO9NhdR6aJZju7zVlYijfnKeUC8OL9lJO3XdXl6Knlblx4cDz_ZBSrC0momtceiPF0jbgIt1KunOkOdpS=s4800-w640,5,91,https://maps.google.com/?cid=4160122814974751390&g_mp=Cidnb29nbGUubWFwcy5wbGFjZXMudjEuUGxhY2VzLlNlYXJjaFRleHQQAhgEIAA,No,,2026-09-28
Escondido,Aelott AC. Heating. Plumbing,"812 W Washington Ave, Escondido, CA 92025, USA",(760) 746-1333,richard.johnson@aelott.com,https://www.aelott.com/?utm_source=google&utm_medium=organic&utm_campaign=gbp,https://lh3.googleusercontent.com/grass-cs/ACvplmONjq2Tf-LAx51pfY2lkn1vRYKiCpoV7WJfSIKnWcAmiQBTvoRXV1W77A4Pl9w95YHIm077GyKDR2WhrkqM57i23DztX1mBqstY8K_t8z-xRBdeFWHRNZ46HXdQlAZawvTeGWT4ks_DVV0t=s4800-w640,4.9,270,https://maps.google.com/?cid=11558753679768628464&g_mp=Cidnb29nbGUubWFwcy5wbGFjZXMudjEuUGxhY2VzLlNlYXJjaFRleHQQAhgEIAA,No,,2026-09-28
Escondido,Thompson Plumbing Heating and Air Conditioning,"311 E Washington Ave Ste 105, Escondido, CA 92025, USA",(760) 938-9404,contact@thacc.net,https://www.thacc.net/area/escondido-ca-ac-repair/?utm_source=google&utm_medium=organic&utm_campaign=gbp_escondido,https://lh3.googleusercontent.com/grass-cs/ACvplmNKxOOh1sk9oXFwrYaOHB9n_zBhp65TYHqjgAA8LPCKSwuB_u_dQRZ5ayIjnEo_5zf26cs72qeZ0PUzszQ31kuA3v4riM8SjlZEq5MQlZQdxJsNnXOK57oPNcNN1Ne1r3t_MCNw0CkeYdiW=s4800-w640,4.9,247,https://maps.google.com/?cid=18261839666354109997&g_mp=Cidnb29nbGUubWFwcy5wbGFjZXMudjEuUGxhY2VzLlNlYXJjaFRleHQQAhgEIAA,No,,2026-09-28
Escondido,"Excel Air Conditioning, Heating & Plumbing","530 Opper St Ste B, Escondido, CA 92029, USA",(760) 282-2292,,https://excelairca.com/,https://lh3.googleusercontent.com/grass-cs/ACvplmNFtg2aRcmFSMIaT8apc_6ql6xkGC-YbdwmF0s7ypL5clUXExBY1F5LnhDmbMhovcsBr9xVFqj4ynBfZvN7fAFjWf4uXcVbx4ptwP1vkTFNSLU9bR3sdIcEU_GdNU32ycofFwFK=s4800-w640,4.9,216,https://maps.google.com/?cid=10430598262957077466&g_mp=Cidnb29nbGUubWFwcy5wbGFjZXMudjEuUGxhY2VzLlNlYXJjaFRleHQQAhgEIAA,No,,2026-09-28
Escondido,"Mauzy Cooling, Heating, Plumbing, and Electrical","2863 Executive Pl, Escondido, CA 92029, USA",(760) 359-8460,info@mauzy.com,https://mauzy.com/areas-served/escondido/?utm_source=google-gbp&utm_medium=organic&utm_campaign=*335*mauzy-escondido,https://lh3.googleusercontent.com/grass-cs/ACvplmNCc34M_I0rdp7-BIonEoMh0LvR_OdsFHBo2oFouCdiyAwv2XT07rYjzUslZIgPC2COPkusQ1ReKDYlRtwCLyV0FRKfYFBE5n18ekDsI6HwghMs8QkOb6uZypLzSvr62-v-bHHp2A-4rkEA=s4800-w640,4.8,1375,https://maps.google.com/?cid=6172334250509584695&g_mp=Cidnb29nbGUubWFwcy5wbGFjZXMudjEuUGxhY2VzLlNlYXJjaFRleHQQAhgEIAA,No,,2026-09-28
Escondido,Airist Heating and Air Conditioning,"3333 Wild Oak Ln, Escondido, CA 92027, USA",(442) 317-1255,airistops@gmail.com,https://hvac4everyone.com/,https://lh3.googleusercontent.com/grass-cs/ACvplmM6evJseIRVzNQcK8434p7pSHZusp_jN9V4OKfiGlNHf8gB6_OUtxcEkrxCkAmQPR7Ps9chEUzajkKoltZdk068S91FIfcJlnaYDMBQ5capXD5OFI12YK7ERATjX_Rs7afudsVc4zvgJMB5=s4800-w640,5,33,https://maps.google.com/?cid=5402769734730162785&g_mp=Cidnb29nbGUubWFwcy5wbGFjZXMudjEuUGxhY2VzLlNlYXJjaFRleHQQAhgEIAA,No,,2026-09-28
Escondido,"My Guy Heating, Air & Plumbing","934 S Andreasen Dr, Escondido, CA 92029, USA",(760) 859-6999,,https://myguyairsd.com/,https://lh3.googleusercontent.com/grass-cs/ACvplmMdh7ZHArAky4HjwB9jXp-v4xuPGqYiN7Ke7x33tIa1aZhWojULZjtR2bWsSrfO1dQaRlVWrIm8UHVJf0iqfPbasH3J07sL0vR7IQPDLZgWKW7JIfYIJEGr2IhujpVbHFr_bdIry1v6YisQ=s4800-w640,4.8,358,https://maps.google.com/?cid=747938108308042031&g_mp=Cidnb29nbGUubWFwcy5wbGFjZXMudjEuUGxhY2VzLlNlYXJjaFRleHQQAhgEIAA,No,,2026-09-28
Escondido,Templars Plumbing Heating and Air,"970 W Valley Pkwy Ste 709, Escondido, CA 92025, USA",(760) 454-9187,,https://templarsplumbingheatingandair.com/,https://lh3.googleusercontent.com/grass-cs/ACvplmNi6SG1LEFuMiqChspWtipSU6NXLaHExoZQCRwsz1ql7EViOM-bWGfI2oXX4l6RHLeAYIb7C_OkNvGfKpp5UtGbkUv0-URwkyJWmCgGcWOapBUo1rwzl0kE-MACCRF6nm2pRSL0Fbnrc4u4=s4800-w640,5,25,https://maps.google.com/?cid=17580998995606887675&g_mp=Cidnb29nbGUubWFwcy5wbGFjZXMudjEuUGxhY2VzLlNlYXJjaFRleHQQAhgEIAA,No,,2026-09-28
Escondido,Global Heating and Air Conditioning,"333 S Juniper St Unit 214, Escondido, CA 92025, USA",(619) 762-4633,globalheatandair@gmail.com,https://www.globalheatingairconditioning.com/,https://lh3.googleusercontent.com/grass-cs/ACvplmPz-mJjbMROc8HbL2gPxW-zwgib9oRbQFXDW9JdG4wWc1p7HYpuhaGPf9dOovJH7N7zayvG_ymYMDblFxn7RspZ19xeyjVugz1OGQe1rl9P6vmqE7I5A9j6ePOdxOoKa-rqUJY6KrBMjKFF=s4800-w640,5,21,https://maps.google.com/?cid=4023556705898729608&g_mp=Cidnb29nbGUubWFwcy5wbGFjZXMudjEuUGxhY2VzLlNlYXJjaFRleHQQAhgEIAA,No,,2026-09-28
San Diego,EZ Breezy Heating & Air,"5160 Mercury Point Unit B, San Diego, CA 92111, USA",(858) 215-2995,info@ezbreezyac.com,https://www.ezbreezyac.com/,https://lh3.googleusercontent.com/grass-cs/ACvplmN4Lg_ur4XEaJ5QLpSdgBTFsHfSDwd47rMSP2YlTCrS-8LZw9r9hngxT-d2PRmm9o2N6Q7RoaGBdgDE9dkd4DPBgNBizPrCiIIT02Y89CiDbIwjNBsDthh6jPDh0MKlQB9ACHoKD8E-aIIc=s4800-w640,5,584,https://maps.google.com/?cid=15018098709103787493&g_mp=Cidnb29nbGUubWFwcy5wbGFjZXMudjEuUGxhY2VzLlNlYXJjaFRleHQQAhgEIAA,Yes,,2026-09-28
San Diego,Smith & Sons Heating and Air Inc.,"8859 Balboa Ave Ste E, San Diego, CA 92123, USA",(619) 251-9285,,https://smithandsonsheatandair.com/,https://lh3.googleusercontent.com/grass-cs/ACvplmNZMYkmEiSr5Ky_lxxZOEzk7pKjD8tTR35VWM9H8qNBe_t6KkYYsEBS-bAtILjsDBzu3UokJbqgVnmpV4_ryQ6qgSuWawqSBdSBh3jXbBTOWdQO4l9u9LLNTyMWwNketPVzPcH7XfcsCa40=s4800-w640,5,324,https://maps.google.com/?cid=15058237182241654531&g_mp=Cidnb29nbGUubWFwcy5wbGFjZXMudjEuUGxhY2VzLlNlYXJjaFRleHQQAhgEIAA,No,,2026-09-28
San Diego,Comfort Air Conditioning & Heating,"7318 Conestoga Ct, San Diego, CA 92120, USA",(858) 519-8003,,https://www.comfortacandheating.com/?utm_source=google&utm_medium=organic&utm_campaign=gbp,https://lh3.googleusercontent.com/grass-cs/ACvplmPZB2Sv7-YLXSD8dDun6JFLSKQDRcr3Ezwl2F2AqAgk2tiKwnU1UwPhO061gSyhm60Kxnur1t41wbz9o0BqNJs68SJPngzy030rW1F_bs6JI4f6RG5nAmE85T1Esl4IkF4YGQqPLFw6eI4=s4800-w480,5,185,https://maps.google.com/?cid=5492759745080743390&g_mp=Cidnb29nbGUubWFwcy5wbGFjZXMudjEuUGxhY2VzLlNlYXJjaFRleHQQAhgEIAA,No,,2026-09-28
San Diego,HVAC San Diego King,"2040 Columbia St, San Diego, CA 92101, USA",(619) 202-8344,support@topcoolingguys.com,https://topcoolingguys.com/,https://lh3.googleusercontent.com/grass-cs/ACvplmO0_RUJH83GQFT8V6MPDqsve_NiPT9qVuCsYlufLXMZn-7Scb6CCsS1RfQqeGrV3JbqLfKx_JnRpTo54tDSNKNXrYu2TKrdh7TS2hudLng5LP7ruK-Ivt9WMn-1WMApqfquxfpzQQ=s4800-w640,5,94,https://maps.google.com/?cid=9883571530907088147&g_mp=Cidnb29nbGUubWFwcy5wbGFjZXMudjEuUGxhY2VzLlNlYXJjaFRleHQQAhgEIAA,No,,2026-09-28
San Diego,United Plumbing Heating Air & Electric,"6767 Nancy Ridge Dr Unit C, San Diego, CA 92121, USA",(858) 215-6765,unitedwestand95@yahoo.com,https://localunitedservices.com/?utm_source=local&utm_medium=organic&utm_campaign=gmb,https://lh3.googleusercontent.com/grass-cs/ACvplmP3V_pcHs2-VO4BA7dOyyWNdribj6cN0wgtU5UaVzs4IWoaE6vDMaWri_fgYsa_RHlcsK2ysPutIf5uclRtPLChhTihB8r1PcUAY1qTfOdZCdvJ0gFvVtqHJ8w7tj40uOst3k_hlJvNYiw=s4800-w640,4.9,1782,https://maps.google.com/?cid=119528646715820910&g_mp=Cidnb29nbGUubWFwcy5wbGFjZXMudjEuUGxhY2VzLlNlYXJjaFRleHQQAhgEIAA,No,,2026-09-28
San Diego,"Guthrie & Sons Heating, Air and Solar","8248 Ronson Rd, San Diego, CA 92111, USA",(619) 257-2204,,https://www.guthrieandsons.com/?utm_source=google&utm_medium=organic&utm_campaign=GMBListing-San-Diego-CA,https://lh3.googleusercontent.com/grass-cs/ACvplmNtROwwlktCPmfL7f3aJtIVIWMBX6oQW3t_DH7BtxF8QQYUQS_hQ5Da-9D9zM6VzZk5NX62xy7G3YiOW93t5hMOwR9DQd-XEBaJReenJO-Hmt3aB5Mw5CdTSF1g3eW-Hyhgmzol=s4800-w640,4.9,1674,https://maps.google.com/?cid=16498458597155172239&g_mp=Cidnb29nbGUubWFwcy5wbGFjZXMudjEuUGxhY2VzLlNlYXJjaFRleHQQAhgEIAA,No,,2026-09-28
San Diego,Bob Jenson,"8159 Engineer Rd, San Diego, CA 92111, USA",(619) 440-5634,,https://bobjenson.com/?utm_source=gmb&utm_medium=organic,https://lh3.googleusercontent.com/grass-cs/ACvplmOkhgHrxbUzX4h1DobnFG2trKxA_XdKL6QJXnm4MkAz3fi2zdwfponmu353fPSb3yqvMpmW0ah_2PGgikY7UBoIDxgMInleMGopdxguS_nZOY-2RWfIuhorCp72HCOSR6FrW0mbAwujAfSV=s4800-w640,4.9,1566,https://maps.google.com/?cid=11966030703642710423&g_mp=Cidnb29nbGUubWFwcy5wbGFjZXMudjEuUGxhY2VzLlNlYXJjaFRleHQQAhgEIAA,No,,2026-09-28
San Diego,Friar's Plumbing Heating and AC Repair,"5555 Magnatron Blvd Ste G, San Diego, CA 92111, USA",(619) 317-1730,,https://www.friarsair.com/ac-repair-san-diego-ca/?utm_source=gbp,https://lh3.googleusercontent.com/grass-cs/ACvplmPFhyOaPHBceCHfX_7sl6PzwHqYxfoD1nAyWBlOf4G3TgL1xeKMGx7bQyINoUtca7Lx9CYcDw5-JgFEfIOjJtthl5BFgvOmRvjyKXm446PI5OThja1noasdccH10Y572mtbWSy-=s4800-w640,4.9,669,https://maps.google.com/?cid=15686224575716996442&g_mp=Cidnb29nbGUubWFwcy5wbGFjZXMudjEuUGxhY2VzLlNlYXJjaFRleHQQAhgEIAA,No,,2026-09-28
San Diego,HVAC Experts,"4455 Murphy Canyon Rd Ste 8, San Diego, CA 92123, USA",(619) 860-0110,info@hvacexpertssd.com,https://hvacexpertssd.com/,https://lh3.googleusercontent.com/grass-cs/ACvplmMFInL3Hy4A__oqxECcGZngZVlLp8hNHt89XtyrpFw72wsC9LqDzCqr1tMfmqWGCy-0zRb1efYBa0JHcr1HPw6iM3Fm5LClH1MllUVpCIWQMLovyOqDKBwvstw2okz8E39vIk4vjU7Wc9g8=s4800-w640,5,78,https://maps.google.com/?cid=11842840159204090811&g_mp=Cidnb29nbGUubWFwcy5wbGFjZXMudjEuUGxhY2VzLlNlYXJjaFRleHQQAhgEIAA,No,,2026-09-28
San Diego,Stable Temp HVAC,"4901 Morena Blvd Ste 319, San Diego, CA 92117, USA",(858) 766-5520,,http://stabletemphvac.com/,https://lh3.googleusercontent.com/grass-cs/ACvplmMoPEtRNI0MiY_PTikpqZS0x0sfFbh0QtqFx2AKfB9s-9JRRyAgO_2XmAYj1S25G0I2QNXY-oQ85Ej7FvvfMZlqiBxiH-5k30lBpucqKp9Z7DvKYEDiX3DWF3rmMJEvatcGGPg=s4800-w640,4.9,371,https://maps.google.com/?cid=14084178792261618149&g_mp=Cidnb29nbGUubWFwcy5wbGFjZXMudjEuUGxhY2VzLlNlYXJjaFRleHQQAhgEIAA,No,,2026-09-28
San Diego,Castle Comfort HVAC,"8880 Rio San Diego Dr #800, San Diego, CA 92108, USA",(800) 484-4323,,http://castlecomfort.com/,https://lh3.googleusercontent.com/grass-cs/ACvplmNuX_jrdvL0S9uExKHjKtsWb7DrC4Of1-lnPKED8gt0otV6H7HbK1UT7sBSsWksdc51OB04WTjAN8wqJjrcTiRrNeq7mpIMTOoISLqY1mKQQET5RkVf5VPdwKR327zpzCHbB0WB=s4800-w640,5,74,https://maps.google.com/?cid=5114528739025047120&g_mp=Cidnb29nbGUubWFwcy5wbGFjZXMudjEuUGxhY2VzLlNlYXJjaFRleHQQAhgEIAA,No,,2026-09-28
San Diego,Surf Bros HVAC,"2710 Adams Ave, San Diego, CA 92116, USA",(619) 848-3133,,https://www.surfbroshvac.com/,https://lh3.googleusercontent.com/grass-cs/ACvplmPecPQu2zKYCjDJK9J6ZhAhMR1WyzRiJ15R6HSaVIjDzNFBau7RaHjrljdIRjBHL6i31Lnz9kzUB8meOSnhtAueTIBfM-vDJZ1-u0SlOAaMZBTQHaDUuqjWs1-kGHETPXLTcYJB=s4800-w640,4.9,141,https://maps.google.com/?cid=15244165690905121449&g_mp=Cidnb29nbGUubWFwcy5wbGFjZXMudjEuUGxhY2VzLlNlYXJjaFRleHQQAhgEIAA,No,,2026-09-28
Folsom,American Energy Home Pros,"2330 E Bidwell St Ste 160, Folsom, CA 95630, USA",(916) 675-8934,general@americanenergyair.com,https://americanenergyair.com/folsom-hvac-contractor/,https://lh3.googleusercontent.com/grass-cs/ACvplmNskIeJ7VcLv3QY_i5Mu5KIrkNrnqBpJL3vYSCyMgLd3RF0mK9UPBJNtrNKd_FSYfvSx6Ax44fG9iue3xqd5_Tjpsqo7TgPz0WC4i7_lqQ0dZpyerkXI6k6MgmtNAxaXj3w4ML-P74zfhde=s4800-w640,5,266,https://maps.google.com/?cid=12619046701389524204&g_mp=Cidnb29nbGUubWFwcy5wbGFjZXMudjEuUGxhY2VzLlNlYXJjaFRleHQQAhgEIAA,Yes,,2026-09-28
Folsom,ICM Mechanical Inc,"625 Sutter St, Folsom, CA 95630, USA",(916) 949-0465,,http://icmhvac.com/,https://lh3.googleusercontent.com/grass-cs/ACvplmOEfZ3m6EmKVNsgaNw8gnG6zEShfPnXRm8TKbUaZcZzgV2insQJavPoZx4t4scWe7blfk8hgQHv8AU11l4cDnxDEniODzRGEVIOsM_YDeoXB_v_5chQi_EViU9sa7SUZeAI4tI3=s4800-w640,5,221,https://maps.google.com/?cid=9612164569075642638&g_mp=Cidnb29nbGUubWFwcy5wbGFjZXMudjEuUGxhY2VzLlNlYXJjaFRleHQQAhgEIAA,No,,2026-09-28
Folsom,"Water Heaters Only, Inc","47 Natoma St Ste C-1, Folsom, CA 95630, USA",(916) 243-6299,sacramento@waterheatersonly.com,https://waterheaters-sacramento.com/folsom-water-heaters/,https://lh3.googleusercontent.com/grass-cs/ACvplmPRzh-cI_ztF1BeWj_DVX2toYBF8vCmuMmDfHAtv4aM8vawXV35wr_PrmEGWGN864CK9qjJmYnE0r0rYZPR0GnYujKzkSQzo13I5o2rQ9qBLPg9odKe0kIqlCqXGU9aeAgjjEwxfRg_oBcy=s4800-w640,5,145,https://maps.google.com/?cid=3053724156757651901&g_mp=Cidnb29nbGUubWFwcy5wbGFjZXMudjEuUGxhY2VzLlNlYXJjaFRleHQQAhgEIAA,No,,2026-09-28
Folsom,"Atticman Heating and Air Conditioning, Insulation","101 Parkshore Dr #100, Folsom, CA 95630, USA",(916) 675-9219,info@attic-man.com,https://atticmanhvac.com/folsom-hvac/?utm_source=google&utm_medium=organic&utm_campaign=gmb&utm_id=GBP_Folsom,https://lh3.googleusercontent.com/grass-cs/ACvplmOnpEId5d--BLipyyj3P8kgJRNTsuQqQokPNqKGzFmF84M111gi8FWvvS47VnbTtl4Td_xMyfCzaUTHajss2eBfGPpK0wyZQmHRwHAvRg8jTO0ODDJfey-LNz-dkih-1el5fMUdC2CWiKOg=s4800-w640,5,98,https://maps.google.com/?cid=2496461728412367198&g_mp=Cidnb29nbGUubWFwcy5wbGFjZXMudjEuUGxhY2VzLlNlYXJjaFRleHQQAhgEIAA,No,,2026-09-28
Folsom,"Lee's Air, Plumbing, & Heating","101 Parkshore Dr Ste 193, Folsom, CA 95630, USA",(916) 314-3816,,https://leesair.com/,https://lh3.googleusercontent.com/grass-cs/ACvplmNvB_BQihGlp55iONrvxJ90IpuIzjlMRez01DWTx7puFslwSoIcSeog-WlI1_wrU5m-RkXXsFMnQgMXB3RPVTDmec17bprY62YnviNjSFzGb1ZE6pp-UkLv2gXx_1pMs70DuuPVaC9VQ8hH=s4800-w640,4.9,103,https://maps.google.com/?cid=15127234893312952024&g_mp=Cidnb29nbGUubWFwcy5wbGFjZXMudjEuUGxhY2VzLlNlYXJjaFRleHQQAhgEIAA,No,,2026-09-28
Folsom,Domco Plumbing,"809 Reading St, Folsom, CA 95630, USA",(916) 353-0203,,https://www.domcoplumbing.com/coverage-areas/folsom-plumbers/,https://lh3.googleusercontent.com/grass-cs/ACvplmNqXrDqMTJvVAIBwcnoELW62WcW_zfWZqOkt46XTe4J7Lz65GUzcOOJUSUcYRG_QWghw4It1wqMtwoKQ7gjMP-0zzmBHJF_kNR8jJEhdqgbYNrJFuE4QVZLaYDhP9MsTOyyDx5jvg=s4800-w640,4.8,336,https://maps.google.com/?cid=11743067619863520798&g_mp=Cidnb29nbGUubWFwcy5wbGFjZXMudjEuUGxhY2VzLlNlYXJjaFRleHQQAhgEIAA,No,,2026-09-28
Folsom,Next Level Comfort,"312 Silberhorn Dr, Folsom, CA 95630, USA",(916) 796-2544,curtis@nextlevelcomfortca.com,https://nextlevelcomfortca.com/?utm_source=google&utm_medium=organic&utm_campaign=gbp,https://lh3.googleusercontent.com/grass-cs/ACvplmM7_b579SvtZ9zS89Frle9wAI7s3kqB3kj_Ul1Jcm3X1YBUbWbZMOP81dprGnw_Mgl-gj3OiuLr4uX2Nx0CEZQZbo_WicKUoCzhDKBbuEKpiKQDSTkue6TQC_PLaPJ73QwmX0qsTCoTYgc=s4800-w640,5,30,https://maps.google.com/?cid=15883347743075256244&g_mp=Cidnb29nbGUubWFwcy5wbGFjZXMudjEuUGxhY2VzLlNlYXJjaFRleHQQAhgEIAA,No,,2026-09-28
Folsom,Mike Mechanical Heating and Air Conditioning,"9580 Oak Ave Pkwy Ste 7-259, Folsom, CA 95630, USA",(916) 501-0393,,http://www.mike-mechanical.com/,https://lh3.googleusercontent.com/grass-cs/ACvplmO6krdPet_blBB-Si-ciOLKa91Np-p097KXgLeHWfu051r1ND8kmfKItguDoHmco5RaRb5_iFvf3fdcjFipRWaj9OfBbasGxiMwt_CaNhL1sX4BexGraCA4eCr_rQoPOX6R0lgZbfoWl7rP=s4800-w640,4.8,93,https://maps.google.com/?cid=7651958587010534167&g_mp=Cidnb29nbGUubWFwcy5wbGFjZXMudjEuUGxhY2VzLlNlYXJjaFRleHQQAhgEIAA,No,,2026-09-28
Folsom,"Super Brothers Plumbing, Heating and Air - Folsom","1024 Iron Point Rd, Folsom, CA 95630, USA",(916) 866-1172,,https://www.superbrothers.com/cities/folsom/?utm_campaign=gmb,https://lh3.googleusercontent.com/grass-cs/ACvplmMsKjJq_2YdYtRP6IwkD3fzR4bNz8HVWSRLw-1JHZeX6nLcsrjiK0rC9RkPcGEQatPlSYI6dGJW3JLAOzUdE-diiAHe4dp5eAz8-03GW8Yy3t7ggnvAKse3cJMFq6uhpXYpGYDxsRvIehE5=s4800-w640,4.9,36,https://maps.google.com/?cid=17363532885848663453&g_mp=Cidnb29nbGUubWFwcy5wbGFjZXMudjEuUGxhY2VzLlNlYXJjaFRleHQQAhgEIAA,No,,2026-09-28
Folsom,"Bell Brothers Electrical, Plumbing, Heating, & Air","7610 Folsom-Auburn Rd #170, Folsom, CA 95630, USA",(916) 232-8705,csr@bellbroshvac.com,https://bellbroshvac.com/service-area/folsom-ca/?utm_source=GBP&utm_medium=organic&utm_campaign=BBF_ORG_HVAC_A_GBP_Listing_Folsom,https://lh3.googleusercontent.com/grass-cs/ACvplmORByx2lCGndyeRv-vOHZa6mRbEGhiRoD6Df4D9kykj5hJStOe79WRs-8N2ZkV6pD7nKldRH0DDb2IlTj-ZsYCG4V1jsn_dy4VTzgzKP_akHhJCZ7NtzWYO45P7_ikBFnGzdlWdOd1_nMcJ=s4800-w640,4.5,36,https://maps.google.com/?cid=8809349648294432691&g_mp=Cidnb29nbGUubWFwcy5wbGFjZXMudjEuUGxhY2VzLlNlYXJjaFRleHQQAhgEIAA,No,,2026-09-28
Rancho Cordova,Fox Family Heating and Air Conditioning,"3345 Sunrise Blvd #5, Rancho Cordova, CA 95742, USA",(916) 877-1577,customerservice@foxfamilyhvac.com,https://foxfamilyhvac.com/?utm_source=google&utm_medium=organic&utm_campaign=gbp,https://lh3.googleusercontent.com/grass-cs/ACvplmN7wfJWC0mQCi_YfdH2-V6ixMEJio8-2AKZJqHCSJC6Izh9ItUu3_znU3icWD111FszE6_ryLYrqAVLHvDpIVUqOhVnUd3Fc91R5mhfyjs9dKLsZr90A-SPwXDBVoI6XnLvjJ7CVA=s4800-w640,5,3334,https://maps.google.com/?cid=13005426304793386940&g_mp=Cidnb29nbGUubWFwcy5wbGFjZXMudjEuUGxhY2VzLlNlYXJjaFRleHQQAhgEIAA,Yes,,2026-09-28
Rancho Cordova,Ray O. Cook Heating & Air,"11358 Amalgam Way Unit 3 Suite C, Rancho Cordova, CA 95670, USA",(916) 784-6525,service@rayocook.com,https://www.rayocook.com/,https://lh3.googleusercontent.com/grass-cs/ACvplmPvW7n63X1-TMERr5fEAgtkh8cJGkOgSIywA4U6vm5rSfQJZ576IZeSXKvbQ8QSgFzXGG6unQlfVBEfpbWvzSg2e1PG1HtVMlTR7IwQHyQtEVsiy0rwTUyButFvmr2ZJGUD2SGD3FUoh4TQ=s4800-w640,5,415,https://maps.google.com/?cid=8564332879559002258&g_mp=Cidnb29nbGUubWFwcy5wbGFjZXMudjEuUGxhY2VzLlNlYXJjaFRleHQQAhgEIAA,No,,2026-09-28
Rancho Cordova,"Bonney Plumbing, Sewer, Electrical, Heating & Air","11101 Trade Center Dr, Rancho Cordova, CA 95670, USA",(916) 461-9039,,https://www.bonney.com/?utm_source=gbplisting&utm_medium=referral&utm_campaign=gbp,https://lh3.googleusercontent.com/grass-cs/ACvplmNJKaquEmRItDaMfbx34IrjQ8ALfvvXRse62t83_elHu9Z5EKxZmmiYz9YoLTSXivQIlcNYY5pc24hFPEjRojfW5IqpzAC4lBbZ3toQ2dG73mbKuIxoWNVR-8Pnc96Qmyzirfw=s4800-w480,4.9,10548,https://maps.google.com/?cid=10198441995911271959&g_mp=Cidnb29nbGUubWFwcy5wbGFjZXMudjEuUGxhY2VzLlNlYXJjaFRleHQQAhgEIAA,No,,2026-09-28
Rancho Cordova,Water Heater Pros,"11362 Monier Park Pl, Rancho Cordova, CA 95742, USA",(916) 344-4500,info@waterheaterpros.com,https://waterheaterpros.com/,https://lh3.googleusercontent.com/grass-cs/ACvplmNDysQPeiQdq262bKik8DwUTshcyfuPrC5A3z7xuFyhQ-mndQUlQ1R5pcp3OgMcaWzjSK9ZKIXaNUA4hcnCRsayesKqaATPLSlRFfUlacpC40lh8uIVEtzKFkvN1Iw5N1vYN84X=s4800-w640,4.9,487,https://maps.google.com/?cid=1616645419739515191&g_mp=Cidnb29nbGUubWFwcy5wbGFjZXMudjEuUGxhY2VzLlNlYXJjaFRleHQQAhgEIAA,No,,2026-09-28
Rancho Cordova,Sierra Valley Mechanical,"11476 Elks Cir, Rancho Cordova, CA 95742, USA",(916) 635-3120,service@sierravalleymechanical.com,https://www.sierravalleymechanical.com/,https://lh3.googleusercontent.com/grass-cs/ACvplmNU7Ut4RAPqq1l-6_2BwpPsvBxBGmAwwZpUYBqKyhtal45f3IUBTxLEe__GjlnadHZ8tVjEPDvTszN7CuQHt-Gj10pMJQObUWlrl1sjvXpTDvxV6P0h9ITCZxWqrDlaaDX4kiqQOCVx6Jh-=s4800-w640,4.9,246,https://maps.google.com/?cid=17850357097737541279&g_mp=Cidnb29nbGUubWFwcy5wbGFjZXMudjEuUGxhY2VzLlNlYXJjaFRleHQQAhgEIAA,No,,2026-09-28
Rancho Cordova,"Bradshaw Heating & Air, Inc.","3481 Listan Way, Rancho Cordova, CA 95670, USA",(530) 903-6061,,https://bradshawheatingandairpro.com/hvac-rancho-cordova/,https://lh3.googleusercontent.com/grass-cs/AABkmLf1gaS6Mwpc92sSZijOcylyI0FtlpFzpHKROFr-AnpE2H9vIbKZt7VXmJY4SRqgrffhqNMlrGctPmFc27__ZVpBN4kaEqyRrmNoMX0LKKe76IiNmi4P0BLrTy7V_og3QNeODZR6=s4800-w640,4.9,134,https://maps.google.com/?cid=6260480265254480963&g_mp=Cidnb29nbGUubWFwcy5wbGFjZXMudjEuUGxhY2VzLlNlYXJjaFRleHQQAhgEIAA,No,,2026-09-28
Rancho Cordova,"Bell Brothers Electrical, Plumbing, Heating, & Air","2429 Mercantile Dr F, Rancho Cordova, CA 95742, USA",(916) 866-1497,csr@bellbroshvac.com,https://bellbroshvac.com/service-area/rancho-cordova-ca/?utm_source=GBP&utm_medium=organic&utm_campaign=BBR_GBP_ELEC_A_GBP_Listing_Rancho,https://lh3.googleusercontent.com/grass-cs/ACvplmMVJRWGlmidJsHzRfy0vyM3Z4qxlHr9nR8KLrHhHEC0-wHqQqgB_mmaewIBLMDG35qp3Z-GEq4wrmqEPi8vHsW4G2bTem7625OE5H1nkWkdW3FL16KidnlnrFlBOTgIBB7Wa5nWhrbqHz1d=s4800-w376,4.9,99,https://maps.google.com/?cid=10995648408608334477&g_mp=Cidnb29nbGUubWFwcy5wbGFjZXMudjEuUGxhY2VzLlNlYXJjaFRleHQQAhgEIAA,No,,2026-09-28
Rancho Cordova,"Bud's Plumbing, Heating & Air","2489 Mercantile Dr, Rancho Cordova, CA 95742, USA",(916) 238-0828,,https://www.budshomeservices.com/,https://lh3.googleusercontent.com/grass-cs/ACvplmMI_0Tr6u-PoGl0jDVz3zNF9HVNcrITWkzCLOkAll9ti2bCXH6brizoxXSrnXtP-N_xohMAp9LcnyUaZMirC0wLLyUJcO8xoLScVULJUvJMN5B1OMtq3Dpy6Pqu3C7QXh_gmmS7FwdB7V4=s4800-w640,4.8,520,https://maps.google.com/?cid=3944706198220031686&g_mp=Cidnb29nbGUubWFwcy5wbGFjZXMudjEuUGxhY2VzLlNlYXJjaFRleHQQAhgEIAA,No,,2026-09-28
Rancho Cordova,Plumbing Care Inc.,"3236 Fitzgerald Rd a, Rancho Cordova, CA 95742, USA",(916) 510-8804,plumbingcareinc@gmail.com,http://www.plumbingcareinc.com/,https://lh3.googleusercontent.com/grass-cs/ACvplmPNAGWDp9FwECb4CWeb1CRHgVZxHgWLszzOHQ0jd_hrHk3kD7nyZZ1eBlxn78Eh5ixDjwv0wJ4vO-zzUUxQ4X5_3pwZUnQlkziC5COex_HBVBea9i0CEgEQsYEqj9bzRJUPJIRs=s4800-w640,4.8,423,https://maps.google.com/?cid=3671164153672039753&g_mp=Cidnb29nbGUubWFwcy5wbGFjZXMudjEuUGxhY2VzLlNlYXJjaFRleHQQAhgEIAA,No,,2026-09-28
Rancho Cordova,Dairy Air Heating And Air Conditioning,"11351 Trade Center Dr #550, Rancho Cordova, CA 95742, USA",(916) 247-6260,utterly.hvac@gmail.com,https://dairyairhvac.com/,https://lh3.googleusercontent.com/grass-cs/ACvplmNHDdQWtb1uU658ZXUC0RnunIxXXyfJ_BmUQ5fbYk-punbWCZVJuys9YJZ10lW0fBAM353Hc_znOyEuuLil2-g_9feUxaifeHUZOY_UVBdSbxQjm1QyvXXSG6ik5QA-WmDzXwBjBGwLlVen=s4800-w640,5,30,https://maps.google.com/?cid=12713425080705564949&g_mp=Cidnb29nbGUubWFwcy5wbGFjZXMudjEuUGxhY2VzLlNlYXJjaFRleHQQAhgEIAA,No,,2026-09-28
Rancho Cordova,American Precision Heating & Air,"3250 Monier Cir # A, Rancho Cordova, CA 95742, USA",(916) 917-4483,,https://bestheatingcooling.co/,https://lh3.googleusercontent.com/grass-cs/ACvplmOlJvyqPHv5eaW7Fg7zhfBZaMU_iwFYRirbCS5zHipth_vzet2xjBw_GZmK9Ly3JJ8fbzfYnlCb8BPSteBXItnHoV_kCKNklYDgYRINwpJZqEABcNlKKfvtw7lOyvaaVQIVr3459Y6Y2Ig6=s4800-w640,4.8,76,https://maps.google.com/?cid=12698629189251322448&g_mp=Cidnb29nbGUubWFwcy5wbGFjZXMudjEuUGxhY2VzLlNlYXJjaFRleHQQAhgEIAA,No,,2026-09-28
Rancho Cordova,Cal-Air Home and Comfort LLC,"2205 Rossmoor Dr, Rancho Cordova, CA 95670, USA",(916) 225-7851,calairsac@gmail.com,http://calairsac.com/,https://lh3.googleusercontent.com/grass-cs/ACvplmNinpkJJyK7uhic_2z7XMKkMvmJUJQVumYYcLeLdesSNyXU0XX9avLjdYNjqK9RGIY9XhpfTl7bExvc7pWoQS83bxonR2HMHRbrtIQzjC8Dpke0RRtHdHquNEtZMhrSgllCocWICHY4Hjx7=s4800-w640,5,17,https://maps.google.com/?cid=15966908158909596654&g_mp=Cidnb29nbGUubWFwcy5wbGFjZXMudjEuUGxhY2VzLlNlYXJjaFRleHQQAhgEIAA,No,,2026-09-28
Roseville,Royalty Heating & Air,"7211 Galilee Rd #145, Roseville, CA 95678, USA",(916) 713-5558,service@royaltyheatingair.com,https://www.royaltyheatingair.com/?utm_source=google&utm_medium=organic&utm_campaign=gbp,https://lh3.googleusercontent.com/grass-cs/ACvplmNUzNFGUv5ZN2a-sOQWK7nOfn0N0PPpmGuNkm0eoxo_mBFDIX1vT9w8Ka4MHIhr5s757_0sGQqG6dmw-mXqeu9yviPpPe3zlsQQNuosWOna3-esne6cVm3adOjSLdXOyUOdPCJpGxUg9bfs=s4800-w640,5,437,https://maps.google.com/?cid=5997146341476165974&g_mp=Cidnb29nbGUubWFwcy5wbGFjZXMudjEuUGxhY2VzLlNlYXJjaFRleHQQAhgEIAA,Yes,,2026-09-28
Roseville,T3 Energy Inc.,"941 Washington Blvd #305, Roseville, CA 95678, USA",(916) 757-4588,tyler@t3-energy.com,http://www.t3-energy.com/,https://lh3.googleusercontent.com/grass-cs/ACvplmOGho1p5ZTeN4sLa0KvcNxhpNu7heE_CKm2TOEYxAWSj6A4VPyzwzgfcDPG0rtxuYjod8QMyaTqbI78iMDNmu0raZB7dgZTjWsKOdmkScqRgfE0gPzEGdhP6rL1uGh07mpE0CFw=s4800-w640,5,175,https://maps.google.com/?cid=18235075921343567063&g_mp=Cidnb29nbGUubWFwcy5wbGFjZXMudjEuUGxhY2VzLlNlYXJjaFRleHQQAhgEIAA,No,,2026-09-28
Roseville,Vasyl AC Heating & Air,"8572 Cortina Cir, Roseville, CA 95678, USA",(916) 343-8855,info@vasyl.ac,https://vasyl.ac/,https://lh3.googleusercontent.com/grass-cs/ACvplmPYqwd94apO5ssd78Eu5TdxjN7je2Yi--ICChFG7y_7jm9SUjZQL7catTzGvXAvv8PF1PedIK86q8RqhcKW4EirUcDemXj3ZUg1p9Mkm07cfPQF9txh7b5GEwyJzOCxWa2MbEZE5A=s4800-w640,5,139,https://maps.google.com/?cid=6139987129178527592&g_mp=Cidnb29nbGUubWFwcy5wbGFjZXMudjEuUGxhY2VzLlNlYXJjaFRleHQQAhgEIAA,No,,2026-09-28
Roseville,BELLE AIR SYSTEMS,"2024 Opportunity Dr #120, Roseville, CA 95678, USA",(916) 521-3144,eric@belleairsystems.com,https://belleairsystems.com/,https://lh3.googleusercontent.com/grass-cs/ACvplmNRNEL-Vwqp3yNmuZKsj7YoVK2dXgoH_YiZmCye0RFAWm6PN7dmKNqvbPqIJEHlkyX6ddqQTICrCjXXLLHkE_-6B_7CiZHcoK_Se-yJHBX9F4fehQQuBlTLkMs55fFxpdPG-bqgYg=s4800-w640,5,124,https://maps.google.com/?cid=1970572688565289317&g_mp=Cidnb29nbGUubWFwcy5wbGFjZXMudjEuUGxhY2VzLlNlYXJjaFRleHQQAhgEIAA,No,,2026-09-28
Roseville,Aloha Heating & Cooling,"420 Folsom Rd Ste A4, Roseville, CA 95678, USA",(530) 823-0363,debbies1102@gmail.com,https://airataloha.com/,https://lh3.googleusercontent.com/grass-cs/ACvplmMJHrr9LFYF6kQcW10JxrFKBMZPNJ3lbFLkf9XhQpt58FTXTg7xR7oupd1JQP11Zops9bEVaZbp1u2zmShbCnnBoXqOMFjaHCPyEP-B6kOcAEzaixo7rCVfdQp2sPC8AD5rYmOaH10pD3X1=s4800-w640,5,96,https://maps.google.com/?cid=16744004309729629633&g_mp=Cidnb29nbGUubWFwcy5wbGFjZXMudjEuUGxhY2VzLlNlYXJjaFRleHQQAhgEIAA,No,,2026-09-28
Roseville,"Atticman Heating and Air Conditioning, Insulation","2999 Douglas Blvd Ste 180J, Roseville, CA 95661, USA",(916) 964-5593,info@attic-man.com,https://atticmanhvac.com/roseville-hvac/?utm_source=google&utm_medium=organic&utm_campaign=gmb&utm_id=GBP_Roseville,https://lh3.googleusercontent.com/grass-cs/ACvplmNvoeaq3CSiJbU53GOdz-iX5OZENcZVDC0ty7uTtdCEET-Csw3ypkZpPGIkLjb8xrCvsVbhFyevHSXrFffbK_CfiStTjK2eJIjiOQUZWlm8w8qGMaWiY5jD5DvVd-6Kzt5ijIXn0YUJy4Y=s4800-w640,5,95,https://maps.google.com/?cid=12611866909074328647&g_mp=Cidnb29nbGUubWFwcy5wbGFjZXMudjEuUGxhY2VzLlNlYXJjaFRleHQQAhgEIAA,No,,2026-09-28
Roseville,Environmental Heating and Air Solutions,"8417 Washington Blvd Ste 170, Roseville, CA 95678, USA",(916) 780-4328,,http://www.ehasolutions.com/,https://lh3.googleusercontent.com/grass-cs/ACvplmN8NDJFHqxdrrTOQF9ZJ_QXUfJFk4leW60tQYC3BxEweBqtgKKzOED2SYTsXN_5aS5U_oibOQ3CvyEXLaRJM2-lyaAkux48SVfdkDz4ILxBGU0Ywaio3h2lqvGwhvSnbpxhY7w=s4800-w640,4.9,918,https://maps.google.com/?cid=18361820575993593937&g_mp=Cidnb29nbGUubWFwcy5wbGFjZXMudjEuUGxhY2VzLlNlYXJjaFRleHQQAhgEIAA,No,,2026-09-28
Roseville,RPM HVAC Service,"521 Vernon St, Roseville, CA 95678, USA",(916) 870-2311,admin@rpmhvacservice.com,http://www.rpmhvacservice.com/,https://lh3.googleusercontent.com/grass-cs/ACvplmNA7iOOvXbx41Lhiipj-DjOSpge19SkIBRgYdrHZo5jwLWfdet9QxVQPjD7kTJEpGOCI101L8Liv5Il1ASTxuUCuq7mctYuSFBjyDdbdmZsJe1Tzge1knAMqaHEfjXqtWijWBIKcg=s4800-w640,4.9,430,https://maps.google.com/?cid=15160056064739502752&g_mp=Cidnb29nbGUubWFwcy5wbGFjZXMudjEuUGxhY2VzLlNlYXJjaFRleHQQAhgEIAA,No,,2026-09-28
Roseville,Economy Heating & Air,"1750 Vernon St #3, Roseville, CA 95678, USA",(916) 410-8477,economyhvac@economyhvacinc.com,https://www.economyheatandair.com/,https://lh3.googleusercontent.com/grass-cs/ACvplmMvMMsxomicuvUCbkwZxzAt2KWyfLmA_FVqWfyMTvNJASvd0GnC5VIJTKW07H6mTKEjporHdeGFLcsrkMFMEndRQCIhE39_9ZiMprZpRIV5RxNlOS9yKocjIFPLVXrhOXsgnYkLQQ=s4800-w640,4.9,384,https://maps.google.com/?cid=577721182563580868&g_mp=Cidnb29nbGUubWFwcy5wbGFjZXMudjEuUGxhY2VzLlNlYXJjaFRleHQQAhgEIAA,No,,2026-09-28
Roseville,Christensen Heating and AC Repair,"1201 Plumber Way #107, Roseville, CA 95678, USA",(916) 747-4020,info@christensenair.com,https://christensenair.com/ac-repair-service-roseville-ca/?utm_campaign=gmb,https://lh3.googleusercontent.com/grass-cs/ACvplmP08GGLhUL9-ADhDCGWnME_oMmX8p5y55LFaYSUzwr5J5C6wPANejS4dT5Sl-6COIAIM0Ck8oukTPcdwsScxaIDHjT5EAJhELzfR8frVi8_3cf2HRUUKzN9dLIk7pajn5Y78_Tq=s4800-w640,4.9,270,https://maps.google.com/?cid=1861496818809447646&g_mp=Cidnb29nbGUubWFwcy5wbGFjZXMudjEuUGxhY2VzLlNlYXJjaFRleHQQAhgEIAA,No,,2026-09-28
Roseville,United Plumbing & Water Heaters,"8800 Sierra College Blvd Apt 316, Roseville, CA 95661, USA",(916) 656-0304,,https://unitedplumbingheating.com/,https://lh3.googleusercontent.com/grass-cs/ACvplmOzJT8TVhMWryeeDzvsmpFO19x2SDAQ7iWIEMMTC8zJ4MLrCh5CeBZAkCyoT4mi5rNTXBAwECGFYLD5HqOyT6z-xJRR8kouP5X9KZihM_66BXieOnBzi3WqhnQJn5_tAi-iPyXj=s4800-w640,4.9,217,https://maps.google.com/?cid=5517453029064953099&g_mp=Cidnb29nbGUubWFwcy5wbGFjZXMudjEuUGxhY2VzLlNlYXJjaFRleHQQAhgEIAA,No,,2026-09-28
Roseville,Levano Pro HVAC Solutions,"67 Westminister Ct, Roseville, CA 95678, USA",(916) 299-0955,info@levanohvac.com,https://levanohvac.com/,https://lh3.googleusercontent.com/grass-cs/ACvplmOBpc-DHOOMfNs6II9cMot1Uqs2DXico-dxHtbsjcW3fqOlpHrYazvcvDmgOlGjF9DBAyfISnK2tzQ8vORwjfs5Z1GiGqSQhp9smDgNNw2zLYsNvOmTjy-5p7eMQwm9yT1NAYAveov6nVZK=s4800-w640,5,44,https://maps.google.com/?cid=2321602475732741982&g_mp=Cidnb29nbGUubWFwcy5wbGFjZXMudjEuUGxhY2VzLlNlYXJjaFRleHQQAhgEIAA,No,,2026-09-28
Fresno,Mechanical Air LLC,"4762 W Jennifer Ave #105, Fresno, CA 93722, USA",(559) 577-3668,john@doe.com,https://mech-air.com/,https://lh3.googleusercontent.com/grass-cs/ACvplmO0Kam49r8t6IT6jYA4qZs2gP4cPirGzspxDzDwJe79e1-o0ebbRuw7sLC7aGW1rumt3n_epsZx3B9mK7qo2IfLhZdL9N3WAC697GrGqBysbe22X1zZmlzUkJpbLl4CuLGn5qdycw8vyXzr=s4800-w640,5,305,https://maps.google.com/?cid=10527429847171403150&g_mp=Cidnb29nbGUubWFwcy5wbGFjZXMudjEuUGxhY2VzLlNlYXJjaFRleHQQAhgEIAA,Yes,,2026-09-28
Fresno,"Apex Air, Heating & Electric","5796 S Elm Ave, Fresno, CA 93706, USA",(559) 210-9405,,http://apexgeneralinc.com/?utm_source=gbp&utm_medium=social&utm_campaign=1seo_gbp_profile,https://lh3.googleusercontent.com/grass-cs/ACvplmMrRWEVuSzlpUt-EmFRi0IG1asZKgaSNjX9tJAqTD6y20tUlA8s4TTGZD67txw9vZXOt-bBYkk13uH4sx8tE6qs0h6gfr60jv--AbOuLAO4rCfpwbnpmVG7mQUBK-jolnS8iwhT3lMCB_c=s4800-w640,5,248,https://maps.google.com/?cid=8298312387552321228&g_mp=Cidnb29nbGUubWFwcy5wbGFjZXMudjEuUGxhY2VzLlNlYXJjaFRleHQQAhgEIAA,No,,2026-09-28
Fresno,Balanced Comfort,"4485 N Selland Ave, Fresno, CA 93722, USA",(559) 328-5664,info@balancedcomfort.com,https://www.balancedcomfort.com/?utm_campaign=gmb,https://lh3.googleusercontent.com/grass-cs/ACvplmMG8YGZ2fCwItw4Op5HMgwSClfZNjCKqBb1nAxaX5aHFBjBnG96j7zuSQ5xh52l4YLMPFXqzzhXQLVFRGCl9JlvlndG-wU6gOG0rQPkiKDdf5-pSQE5K0BepB80wOyKmr6IuUk=s4800-w640,4.9,3664,https://maps.google.com/?cid=12381387179133056331&g_mp=Cidnb29nbGUubWFwcy5wbGFjZXMudjEuUGxhY2VzLlNlYXJjaFRleHQQAhgEIAA,No,,2026-09-28
Fresno,Fresno Heating and Cooling,"4051 N Valentine Ave #108, Fresno, CA 93722, USA",(559) 720-0479,fresnoheatandcool@gmail.com,https://www.fresnosheatingandcooling.com/,https://lh3.googleusercontent.com/grass-cs/ACvplmP-Fv9se4ChCeFhBtR3hAHg_30q2plKuO8F4Zhl_7ptlaf2X7NHcJTt5cYMcN72IyqFhpWnRmDFELQtqe7icMls_BlYwnDZKBhEQV_4VFNFAls02xwnqZKb8xfhra-PM63SVl5g7Q=s4800-w640,4.9,621,https://maps.google.com/?cid=13488661938580365930&g_mp=Cidnb29nbGUubWFwcy5wbGFjZXMudjEuUGxhY2VzLlNlYXJjaFRleHQQAhgEIAA,No,,2026-09-28
Fresno,"Balanced Comfort Cooling, Heating & Plumbing","1318 E Shaw Ave Ste 280, Fresno, CA 93710, USA",(559) 500-1672,,https://balancedcomfort.com/service-areas-cooling-heating-plumbing/?utm_campaign=gmb,https://lh3.googleusercontent.com/grass-cs/ACvplmOzvu2AS85NfWRGSlLXpm2TXUP-Nejj1i3EdB_Xd1HZ1H_C5GSCEpQDJO5qzfg4_4C7vwC2QhHKrGLTR__UbUNkV6cb9GofX7UBCrwr3O-o5P0tTHwjztya53YfA17UrV0t7uqoL6-XTiVd=s4800-w640,4.9,490,https://maps.google.com/?cid=11920062950375776302&g_mp=Cidnb29nbGUubWFwcy5wbGFjZXMudjEuUGxhY2VzLlNlYXJjaFRleHQQAhgEIAA,No,,2026-09-28
Fresno,Just Air Heating & Cooling,"1849 N Helm Ave Ste 109, Fresno, CA 93727, USA",(559) 908-0992,justairfresno@gmail.com,http://justairfresno.com/,https://lh3.googleusercontent.com/grass-cs/ACvplmMNMvfT_H6xNAkoFIbPV-AtCvsGpPOzslFvl3N8gXzw_xJsaHOSoiuF--V5HSbDPgVjbOuTYK0Ixf3P619EjIVbzTQjQq1INAT0b0fseN4emgyYfbXHCzkALOFMmvOA1X7hYRtu7p6x3uP7=s4800-w640,4.9,368,https://maps.google.com/?cid=7477019420950963251&g_mp=Cidnb29nbGUubWFwcy5wbGFjZXMudjEuUGxhY2VzLlNlYXJjaFRleHQQAhgEIAA,No,,2026-09-28
Fresno,"Controlled Climates Heating, Cooling, & Plumbing","2705 N Larkin Ave, Fresno, CA 93727, USA",(559) 400-8180,,https://controlled-climates.com/,https://lh3.googleusercontent.com/grass-cs/ACvplmMHeqJUqNgiPDzRUG1774Fmf-JYFkiOfZ18_lbg0MVemvGAJBFIGh_lOmHbJhn5-8ECJO7PwdH1g6ezVR9CSt6EGL8wMqRclNJ41ojeyQlqbRzFy409CRqI-SZXIi2XGX_fdGU=s4800-w640,4.9,332,https://maps.google.com/?cid=14281463730645383859&g_mp=Cidnb29nbGUubWFwcy5wbGFjZXMudjEuUGxhY2VzLlNlYXJjaFRleHQQAhgEIAA,No,,2026-09-28
Fresno,J's Heating & Cooling,"2269 S G St, Fresno, CA 93721, USA",(559) 871-7000,,https://www.js-hvac.com/,https://lh3.googleusercontent.com/grass-cs/ACvplmPP-5JxCmv1OzF2XQHaHVf1W2IC3e3fSX54sLyPHZFmV1TwKR4vtQjJHs_5szPpi7JsdfIGbUbJY_9x1_-QaJYGSl4OEyvxgbZcdU13vdI69QtjSjwGbtlm7x89dBeZA9q66R6u=s4800-w640,4.9,265,https://maps.google.com/?cid=3667590020103337477&g_mp=Cidnb29nbGUubWFwcy5wbGFjZXMudjEuUGxhY2VzLlNlYXJjaFRleHQQAhgEIAA,No,,2026-09-28
Fresno,"California Indoor Comfort, Inc.","4323 N Selland Ave #106, Fresno, CA 93722, USA",(559) 276-7457,02-about-couple-281x300@2x.avif,https://calindoorcomfort.com/,https://lh3.googleusercontent.com/grass-cs/ACvplmP3jwknBhqb-zAEltBxwh9eec6VmYStqW0Lhpz-ebjBsJQxNEuzI7hiX1h623kLp5A0C_JWbNjgnZXUIajF34RUTlqbN2Y4HD-R3aukT9zV_rodSw-R2dCdMDcIlywM17WMdNAjIw=s4800-w640,4.9,250,https://maps.google.com/?cid=6998321193985020066&g_mp=Cidnb29nbGUubWFwcy5wbGFjZXMudjEuUGxhY2VzLlNlYXJjaFRleHQQAhgEIAA,No,,2026-09-28
Fresno,Cosmic Comfort Electrical & HVAC,"497 W Bedford Ave #105, Fresno, CA 93711, USA",(559) 354-3356,ben@cosmiccomfort.com,https://cosmiccomfort.com/fresno-ca-hvac-services/,https://lh3.googleusercontent.com/grass-cs/ACvplmM0Z-y3BBoKavMPQ6mxd2niU-fsTkpRsbsTYA18OlO4AT-8TcTWj04kc9IxiuVwYz7r3epOdkQDXPNaZKhgAY9ikmDlOjhapbQg7uFCM333O2mUqXYaYXxgsHI5EiZkbmgE3L1yYsn7fOQ=s4800-w640,5,64,https://maps.google.com/?cid=3319327085265709437&g_mp=Cidnb29nbGUubWFwcy5wbGFjZXMudjEuUGxhY2VzLlNlYXJjaFRleHQQAhgEIAA,No,,2026-09-28
Fresno,Golden Comfort AC & Heating Repair,"155 E Shaw Ave Unit 206, Fresno, CA 93710, USA",(559) 729-0363,info@goldencomfortairhvac.com,https://goldencomfortairhvac.com/hvac-fresno-california,https://lh3.googleusercontent.com/grass-cs/ACvplmMkW2aQlAwAdMd_9Yd48BW7zrW2ypRoJmosEkwTZ2RvaWW_tE5s9LP66zhYLvOJJkVYJ4pk-a3QBymca-mzvlLP_tLvlVM3JE9aCMhjQgmyChXQh8SjXLdZYMBOFZH3ytrjhGBlNKB0ehyu=s4800-w640,4.9,100,https://maps.google.com/?cid=5458438336685411499&g_mp=Cidnb29nbGUubWFwcy5wbGFjZXMudjEuUGxhY2VzLlNlYXJjaFRleHQQAhgEIAA,No,,2026-09-28
Fresno,"Allbritten Heating, Air Conditioning, Plumbing, and Electrical","2842 N Business Park Ave, Fresno, CA 93727, USA",(559) 292-4919,csr@allbritten.com,https://www.allbritten.com/,https://lh3.googleusercontent.com/grass-cs/ACvplmMeu3xgI4hZBY4RpZyehsuxOFy2ylPKXeSucHtpx5QVLnRcG-uM8LkUZEk9rQ3m1xDlDT2bZ3tN89i_M0ZclIfjFn5aSCUQ-HlQlt-AeruRvUfxUzHEZZztdRTHes7ynSkvT0Kauny0bNs=s4800-w640,4.8,6082,https://maps.google.com/?cid=14712879357149848435&g_mp=Cidnb29nbGUubWFwcy5wbGFjZXMudjEuUGxhY2VzLlNlYXJjaFRleHQQAhgEIAA,No,,2026-09-28
Bakersfield,South Valley AC & Heating LLC,"332 E Norris Rd Ste 5, Bakersfield, CA 93308, USA",(661) 332-3940,hello@southvalleyac.com,https://www.southvalleyac.com/,https://lh3.googleusercontent.com/grass-cs/ACvplmOaSEfjuUj0IlcllsYiNmZ4C_N1vIm0h9JB1qqHhW3uiY7Hj4s6IYuWQYn-sL3ZK2znDnI0RJ1s9Qq6ZX9BDMSGALt-DAVPyps2sOIhuMj9rRLrmhPMdwS6hWcPv3oqBnoc6i4HBk3c3vxV=s4800-w640,5,595,https://maps.google.com/?cid=301295480966858938&g_mp=Cidnb29nbGUubWFwcy5wbGFjZXMudjEuUGxhY2VzLlNlYXJjaFRleHQQAhgEIAA,Yes,,2026-09-28
Bakersfield,Xceptional Heating & Air,"1700 Cherry St, Bakersfield, CA 93304, USA",(661) 808-6021,callxceptional@gmail.com,http://callxceptional.com/,https://lh3.googleusercontent.com/grass-cs/ACvplmNbs5c-alZkuZF5m8Ql-A8B1u05e6oNTTyjmkXtu7ACsQkUD1HdwooR7furc1OEfdd1d2OLzwtthd5CpuCIz5meN8Sfk9OHAWruGcqho-xZawLL9DpaqEuppnPQHOK-wLTkWNTP4VqYCfDl=s4800-w640,5,423,https://maps.google.com/?cid=13527731113489496186&g_mp=Cidnb29nbGUubWFwcy5wbGFjZXMudjEuUGxhY2VzLlNlYXJjaFRleHQQAhgEIAA,No,,2026-09-28
Bakersfield,"All Heart Heating, Cooling & Plumbing","4031 Alken St Ste a3, Bakersfield, CA 93308, USA",(661) 249-9651,,https://callallheart.com/?utm_medium=organic&utm_source=google&utm_campaign=gbp_bakersfield,https://lh3.googleusercontent.com/grass-cs/ACvplmO3FwS9WANjHG4-c3qj_xdo5Xi-AAdluEJnlHQbZ1ZzoPhDWyauZhcx0C301cl9FYN1cLM9MPn3me83UOROtxSCLA_wy7Um0lyoSwN5WMYm1UzN_X4evFGkc1VBObbEjH3WESPFYA=s4800-w640,5,205,https://maps.google.com/?cid=8026463482085589261&g_mp=Cidnb29nbGUubWFwcy5wbGFjZXMudjEuUGxhY2VzLlNlYXJjaFRleHQQAhgEIAA,No,,2026-09-28
Bakersfield,Central California Air Inc.,"2200 St Helens Ave, Bakersfield, CA 93304, USA",(661) 577-5018,info@centralcaliforniaair.com,https://centralcaliforniaair.com/?utm_source=google&utm_medium=organic&utm_campaign=gbp-profile,https://lh3.googleusercontent.com/grass-cs/ACvplmMQw89rqAm0TN3dM7uUqi1tzsPnExwLHf6NFqbUvxQRtbJajOnr_1ZDKNxXUKv4FRDoR2O_emATyph48w6UFClHpJELzSfhwO3MmeCxX-goBIMQ6htSIqOZI4f2lqINN893QEMmwIFDvnAg=s4800-w640,5,194,https://maps.google.com/?cid=9115961956444992986&g_mp=Cidnb29nbGUubWFwcy5wbGFjZXMudjEuUGxhY2VzLlNlYXJjaFRleHQQAhgEIAA,No,,2026-09-28
Bakersfield,Optimal Heating & Air,"3601 Titan Ln, Bakersfield, CA 93313, USA",(661) 319-4258,,https://www.optimalheatingandair.com/,https://lh3.googleusercontent.com/grass-cs/ACvplmOBrd7kE4HGIyyBXXv62R-ZNCIhkLenNB7V-xJk_29ik5jg-ew4fir45J_FmuN7nSvaaH1SOEHq2DpUfo4_rQQkxAkhChHZ84zUht-lrMFi2b_E6jIpk-mvt05JAUunX9GneJV4Iw=s4800-w640,5,156,https://maps.google.com/?cid=1535033475801858912&g_mp=Cidnb29nbGUubWFwcy5wbGFjZXMudjEuUGxhY2VzLlNlYXJjaFRleHQQAhgEIAA,No,,2026-09-28
Bakersfield,Napoles Heating & Air Conditioning,"4905 Forestdale Ct, Bakersfield, CA 93313, USA",(661) 369-9630,,,https://lh3.googleusercontent.com/grass-cs/ACvplmO8v5q1ilvcySF3x8gi7-lMaqsw4dDeAwzRUxVtH7Ex_5JNbNXMD3fpn0l-2bOEO3zXaGMMJAhJfST-9iZr_-_sGN1hj_AqfwSypJVwxG4pGc4bxFZ-JcYctht8kXPnsM2D548e=s4800-w640,5,140,https://maps.google.com/?cid=10868396623338218674&g_mp=Cidnb29nbGUubWFwcy5wbGFjZXMudjEuUGxhY2VzLlNlYXJjaFRleHQQAhgEIAA,No,,2026-09-28
Bakersfield,Valley Strong heating & Air conditiong,"13061 Rosedale Hwy, Bakersfield, CA 93314, USA",(661) 342-8361,,http://valleystronghvac.com/,https://lh3.googleusercontent.com/grass-cs/ACvplmOAL0lY51Ut7fWj_HgUf1XNeQDEvl_yQcn3Jvwf0KwFzhtgQAwCR5wI1DOvyMqWLUg-53Z1ywaxL5dbzhaMdvI27nmoF6ThQi8S9onEwPS40MGqz1XwgTNXeS-ryeb9hlX9lS4C=s4800-w640,5,126,https://maps.google.com/?cid=16679108158054995629&g_mp=Cidnb29nbGUubWFwcy5wbGFjZXMudjEuUGxhY2VzLlNlYXJjaFRleHQQAhgEIAA,No,,2026-09-28
Bakersfield,AirMax Heating & Air Conditioning,"9337 Langley Rd, Bakersfield, CA 93312, USA",(661) 474-9110,sales@airmaxacconsulting.com,https://www.airmaxacconsulting.com/,https://lh3.googleusercontent.com/grass-cs/ACvplmOmQQ1kwdjT-u7epGVn7CI5E03D8x2XhytsAvq0j1V9b_vigWkiXPKnqzhN6ASB5Rwc68P1Xd5e5Xni754Pc_9oK1L_TJU3cKDHte80ETS8c0QGNWjXF1gNfO_rau0ItDDop3uwYxMf_tNt=s4800-w640,4.9,599,https://maps.google.com/?cid=4561165568539396514&g_mp=Cidnb29nbGUubWFwcy5wbGFjZXMudjEuUGxhY2VzLlNlYXJjaFRleHQQAhgEIAA,No,,2026-09-28
Bakersfield,American Dream Services Heating and Cooling,"4609 New Horizon Blvd, Bakersfield, CA 93313, USA",(661) 588-1776,rjallen@adshc.com,https://www.americandreamserviceshc.com/?utm_source=google&utm_medium=organic&utm_campaign=gbp,https://lh3.googleusercontent.com/grass-cs/ACvplmMs53GnqjLDM3sAt_sl_quoxOLQDE5JQ9eQ7eDGIJPu0OL7XpKsdUHA1Tqh0jNdXxBHciOXNo9SJhRneTFBRpUfOOQNduFfWWwaeiR2mWxI9GxaximW-HIYeq5gdN7o7dflBnky=s4800-w639,4.9,209,https://maps.google.com/?cid=18291574674534920288&g_mp=Cidnb29nbGUubWFwcy5wbGFjZXMudjEuUGxhY2VzLlNlYXJjaFRleHQQAhgEIAA,No,,2026-09-28
Bakersfield,Premier AC & Heating Services Inc.,"4800 New Horizon Blvd H, Bakersfield, CA 93313, USA",(661) 543-7237,emmanuel@premierac1.com,https://www.premierac1.com/,https://lh3.googleusercontent.com/grass-cs/ACvplmMiXRo1im90Yy8YhkY41iQGv-60heA9ir14wRIEE5i74espeOE-kfTwMEFSjKWE6ApOHUG5rY_Tp1Dh7xolix3UJ0y6uNmOuOtfBM0Iaa4hdGXQfK-yyOsIMIuNu4Zqs2uUy0Xbf98RpBB9=s4800-w640,5,57,https://maps.google.com/?cid=15271648451777123496&g_mp=Cidnb29nbGUubWFwcy5wbGFjZXMudjEuUGxhY2VzLlNlYXJjaFRleHQQAhgEIAA,No,,2026-09-28
Bakersfield,Golden Comfort AC & Heating Repair,"1430 Truxtun Ave Unit 792, Bakersfield, CA 93301, USA",(661) 952-4124,info@goldencomfortairhvac.com,https://goldencomfortairhvac.com/hvac-bakersfield-california,https://lh3.googleusercontent.com/grass-cs/ACvplmOkDYVvs8yf3CSx9VfwlS6LeOUXCeSJRd1H1EVvuk0B_oamuVg0ZvVpgKnZy24QukqnAwzj6IG4yubSNTJNC2QE91qmkKLAZWOoMacl_O0ePe6Jl7YXoPlp5FsOzVyfuECGdQM1s-CcVkWS=s4800-w640,4.9,93,https://maps.google.com/?cid=12601024481590840497&g_mp=Cidnb29nbGUubWFwcy5wbGFjZXMudjEuUGxhY2VzLlNlYXJjaFRleHQQAhgEIAA,No,,2026-09-28
Bakersfield,Can Do Crew Plumbing Heating & AC,"4204 Armour Ave, Bakersfield, CA 93308, USA",(661) 588-6444,,https://www.callcandocrew.com/?utm_source=google&utm_medium=gbp&se_campaign=Google%20Organic,https://lh3.googleusercontent.com/grass-cs/ACvplmOtfB7T63uyTmJASGDSxvgDt8oeKzazbl8kwOneDqLU-OjFzMAhNqmFGoQ0-Qkj_A_KGMOyLQLUnjY5k4V1QTHX5XweARZeuUlZxuyrYtnCgHmAvQbf7KMaxRIdcz8B3A4ltZBTustP821C=s4800-w640,4.8,2923,https://maps.google.com/?cid=2304269343426624614&g_mp=Cidnb29nbGUubWFwcy5wbGFjZXMudjEuUGxhY2VzLlNlYXJjaFRleHQQAhgEIAA,No,,2026-09-28
Sacramento,American Energy Home Pros,"3050 Fite Cir #101, Sacramento, CA 95827, USA",(916) 623-7591,general@americanenergyair.com,https://americanenergyair.com/,https://lh3.googleusercontent.com/grass-cs/ACvplmPSwhYQZsf9b46XcKrEkbM7tf_CZRdg6MAskOhRv5i8S67uxeuTuxWlg525LQ1MkHMULBjtwYG2eWqPUu3pVcwe4R8YKBkBFqCd_-8usRkAV_Vrsw_sM0dWD_-IqccLM5ArjrCGuOUJFC4m=s4800-w640,5,529,https://maps.google.com/?cid=2333994353544777162&g_mp=Cidnb29nbGUubWFwcy5wbGFjZXMudjEuUGxhY2VzLlNlYXJjaFRleHQQAhgEIAA,Yes,,2026-09-28
Sacramento,Green Home Heating and Air,"4221 Northgate Blvd #6, Sacramento, CA 95834, USA",(916) 234-0599,,https://ghcomfort.com/,https://lh3.googleusercontent.com/grass-cs/ACvplmMk5rekr-T0Kuen0cE3xvTnC7b3M3ng6aRLr_Q6WK7GnLc0wL2owdrytY3jRa1wknK0EzhTVKwr-lU10z81ZoTgHKnjzEgp0UE4IfyNGanOievJy2qG90vVAcPyVFOTYIRbB172gyJP4-tW=s4800-w640,5,307,https://maps.google.com/?cid=1394952942803527538&g_mp=Cidnb29nbGUubWFwcy5wbGFjZXMudjEuUGxhY2VzLlNlYXJjaFRleHQQAhgEIAA,No,,2026-09-28
Sacramento,"Maverick Electric, Heating and Air","1779 Tribute Rd D, Sacramento, CA 95815, USA",(916) 659-6658,service@maverickelectricalservices.com,https://callamaverick.com/sacramento-ca/,https://lh3.googleusercontent.com/grass-cs/ACvplmPSzPlyO4hqgmqWEr_W6EKQljYQsc4Rx5KXPaklccxiqve3GZCGi_BgGC8w1XPd6dhmODN17grGsfofQNSb4mN9I3b2CdTxh0bTvKPhVH-DtDpN-2rKOY05HcN4fy_dQ0ggQTOd6GKdMy7K=s4800-w640,5,292,https://maps.google.com/?cid=13039899797412584038&g_mp=Cidnb29nbGUubWFwcy5wbGFjZXMudjEuUGxhY2VzLlNlYXJjaFRleHQQAhgEIAA,No,,2026-09-28
Sacramento,"Ivy Heating and Air, Inc.","8 Poncia Ct, Sacramento, CA 95823, USA",(916) 256-7814,ivyheatingandair@gmail.com,https://www.ivyheatingandair.com/?utm_source=GBP,https://lh3.googleusercontent.com/grass-cs/ACvplmPC9fRQJlTXrFRofEfrS_gXFNUPoJSRiikneUjYbsMKXeW97TdNwMjBqYPcPoxAmBBrHeh99QTMTWHqCdmWflPTo8m4XRrCRbkBWK_hINEzi2OEps91h6Ji1g8ii5SipEF2l1s7=s4800-w640,5,124,https://maps.google.com/?cid=15370834985103188474&g_mp=Cidnb29nbGUubWFwcy5wbGFjZXMudjEuUGxhY2VzLlNlYXJjaFRleHQQAhgEIAA,No,,2026-09-28
Sacramento,"Atticman Heating and Air Conditioning, Insulation","9745 Business Park Dr F, Sacramento, CA 95827, USA",(916) 818-1194,info@attic-man.com,https://atticmanhvac.com/?utm_source=google&utm_medium=organic&utm_campaign=gmb&utm_id=GBP_Sacramento,https://lh3.googleusercontent.com/grass-cs/ACvplmPHkS-VNRGqEuWw-VkOGaMHr3Itepz7ggBiLvOMdmmVM5aG_FfyF-ucNvKSMDtL4g4YwEE2quMIwMi6-e99XfguiY2ldBK1cS_tNVIxUdVUXVS1j-FDE1AY7SonUt3ap_MosjKc=s4800-w640,4.9,3039,https://maps.google.com/?cid=12558174600457628653&g_mp=Cidnb29nbGUubWFwcy5wbGFjZXMudjEuUGxhY2VzLlNlYXJjaFRleHQQAhgEIAA,No,,2026-09-28
Sacramento,Jaguar Heating & Air,"501 W St, Sacramento, CA 95818, USA",(916) 646-2007,jaguarheatingandair@gmail.com,https://www.jaguarheatingandair.com/?utm_source=google&utm_medium=organic&utm_campaign=gbp,https://lh3.googleusercontent.com/grass-cs/ACvplmODJcxBp4J-4wb5j-hfblaUcajZ-d7ZwTRtqvRDvce2c_3fGpjxAW-a4nw_ccPcF-FyVq9T-AOx0upsGPk65srlH1erv485MdjLexPreb-i_kO7uZnGk4PKhhDLXpsNZVQdjczYgBags_0=s4800-w640,4.9,2506,https://maps.google.com/?cid=18429931916693497401&g_mp=Cidnb29nbGUubWFwcy5wbGFjZXMudjEuUGxhY2VzLlNlYXJjaFRleHQQAhgEIAA,No,,2026-09-28
Sacramento,"Clarke & Rush Mechanical - HVAC, Plumbing & Windows","4411 Auburn Blvd, Sacramento, CA 95841, USA",(916) 609-2665,info@clarke-rush.com,https://clarke-rush.com/,https://lh3.googleusercontent.com/grass-cs/ACvplmMzkgKjS1OEkcgygbF8UYuIlro4jyfR3XtrJvVNUiP47WwqdQA7AAddl9RnKQyeKYYyBVky00YptuYOb2OGyFCg_s8b6LM3HLinkBCu-Gpd63Rf0K1OfPPI4N3m2PNM3pFK6hGkAdoqhMRC=s4800-w640,4.9,1897,https://maps.google.com/?cid=15782989261678200493&g_mp=Cidnb29nbGUubWFwcy5wbGFjZXMudjEuUGxhY2VzLlNlYXJjaFRleHQQAhgEIAA,No,,2026-09-28
Sacramento,Rey's Air Solution Inc,"1550 Jefferson Blvd, West Sacramento, CA 95691, USA",(916) 616-1456,,https://reysair.com/,https://lh3.googleusercontent.com/grass-cs/ACvplmNG6TuhSLgfovNQNJ_GD1Hau1q_sGm2k-Pfg3sKPrI-9pMoiQQI8dZwv4qukVZtlb8TW9yIqWLdiC3ACHqbks78Tpzc91dNj4r8e1l1SfyFZ2lJniaLrh1_eNycuwZI7JPk-ntUyfqSPtOh=s4800-w640,4.9,916,https://maps.google.com/?cid=516366227963464146&g_mp=Cidnb29nbGUubWFwcy5wbGFjZXMudjEuUGxhY2VzLlNlYXJjaFRleHQQAhgEIAA,No,,2026-09-28
Sacramento,CABS Heating & Air Conditioning,"950 Riverside Pkwy Ste 70, West Sacramento, CA 95605, USA",(916) 243-6431,,https://www.cabshvac.com/?utm_source=google&utm_medium=organic&utm_campaign=gbp,https://lh3.googleusercontent.com/grass-cs/ACvplmNcAYrgNq659NUCoRA94b2xyO4IxRkTkBydpclbpolW9-9VGnlrp_TN7O6RK2vaqHFn5NAw-v9RFqiIzJNM2uGP6LyuAIZs6hdeC_6qW6VisEqadaIpi5iBXZnM_bdh3_nRekSA6OiexalO=s4800-w640,4.9,749,https://maps.google.com/?cid=1170520092920704314&g_mp=Cidnb29nbGUubWFwcy5wbGFjZXMudjEuUGxhY2VzLlNlYXJjaFRleHQQAhgEIAA,No,,2026-09-28
Sacramento,Minisplit Experts (Ductless HVAC Specialist),"1625 S St, Sacramento, CA 95811, USA",(916) 237-9966,contact@minisplit-experts.com,https://minisplit-experts.com/,https://lh3.googleusercontent.com/grass-cs/ACvplmOlTz78xp1Zg1rjyKK7KPyhdEuCAolXYO8kQKNWWReWfdGscss5BRF5JZ0IUMtqg243PTlqxkyjcve_pxnsiqXJDHQcU5dkQKwti3acRkH-NW00spVoVEwCu_D7cu8sbFPL6d9ju7BcQqLm=s4800-w640,5,74,https://maps.google.com/?cid=9018314000549971993&g_mp=Cidnb29nbGUubWFwcy5wbGFjZXMudjEuUGxhY2VzLlNlYXJjaFRleHQQAhgEIAA,No,,2026-09-28
Sacramento,Airmech Heating and Air Conditioning,"8301 Folsom Blvd E, Sacramento, CA 95826, USA",(916) 915-9456,,https://www.airmechhvac.com/sacramento-air-conditioning-services/?utm_source=google&utm_medium=organic&utm_campaign=gbp_sacramento,https://lh3.googleusercontent.com/grass-cs/ACvplmM_BrIEnrzbpvgAVBMHTbLMMwluZSV4-GFWJsLzs1pPGn6zoiytFakqTpfFgOivr_7VxOIj513uPbub-uXmnu4OYgB5z0E2OhHZrEtPgkR9zegVkWVbLfZOpkbYTC4BLx27WOkR5EClJS0e=s4800-w640,4.9,197,https://maps.google.com/?cid=1882285243634757069&g_mp=Cidnb29nbGUubWFwcy5wbGFjZXMudjEuUGxhY2VzLlNlYXJjaFRleHQQAhgEIAA,No,,2026-09-28
Sacramento,Comfortable HVAC Services,"10057 Briantown Ct, Sacramento, CA 95827, USA",(916) 616-3115,mikev@comfortablehvacservices.com,https://comfortablehvacservices.com/,https://lh3.googleusercontent.com/grass-cs/ACvplmPRPBkjMcjJh4ERdXsQ2JcqFtUzNhRzP8umJVuRIDYu0BR7PfxxlFi240Dm-_JBUPy5chA9Bflv1c9sl4hUi4uop0nUwk-VViBrpE8dNDUHj_pEMGXAsNtkYDuSwx0zeoBjfJ3RO5jEokdJ=s4800-w640,5,46,https://maps.google.com/?cid=8941006667710237445&g_mp=Cidnb29nbGUubWFwcy5wbGFjZXMudjEuUGxhY2VzLlNlYXJjaFRleHQQAhgEIAA,No,,2026-09-28
Burbank,North Air,"150 S Glenoaks Blvd, Burbank, CA 91502, USA",(818) 567-0056,,http://northairinc.com/,https://lh3.googleusercontent.com/place-photos/AG9NLjAfHTKn-VfC5l2tdUEk0dRs4lSmSTFW4o9ztTy7gUUnV236cShdSdbBf8U6W-xeonZviqsqWH_04l5-W3fk2G6HOxkPa6QN2_e89hep_5rmw3_Kg5pnpZRwbwJPosSy8FTfeXc1GyOBFGyNoA=s4800-w640,5,103,https://maps.google.com/?cid=4128143533432386145&g_mp=Cidnb29nbGUubWFwcy5wbGFjZXMudjEuUGxhY2VzLlNlYXJjaFRleHQQAhgEIAA,Yes,,2026-09-02
Burbank,Rhino Air,"215 W Palm Ave Ste 203, Burbank, CA 91502, USA",(818) 535-8888,info@rhinoair.com,https://www.rhinoair.com/,https://lh3.googleusercontent.com/place-photos/AG9NLjB5nSNyYFIKIDkbtwIjxX_xsIIHxALAr08Hxpb82bEx0q_pAwStLhGXtKi5WFZSsMcEvztQSYB9KDOD1rB9lPT_yaqGCKH4DslB1QRvCxMEW8Z9zu6cuWb2x5qM7V5a2Ime600eD3cRSw5enUh12bOKdQ=s4800-w640,5,88,https://maps.google.com/?cid=16683465137074841306&g_mp=Cidnb29nbGUubWFwcy5wbGFjZXMudjEuUGxhY2VzLlNlYXJjaFRleHQQAhgEIAA,No,,2026-09-02
Los Angeles,West Lake Heating,"615 S Olive St, Los Angeles, CA 90014, USA",(818) 928-6887,info@westlakeheatingandhvac.com,https://www.westlakeheatingandhvac.com/,https://lh3.googleusercontent.com/place-photos/AG9NLjA7oHlCtXzttf76Kt68Bqs7wINNDi77wE9WIGrdU1IgUY_OIToGwkYrSFXZy8_Dee9_OCq91fU6O_yIx7DuT3ftfReDwqAdXRMBSTk7Q5Jy5tUKM7vwRShpkv2wjU7ewQ_N3VbaVS9n6RrUvA=s4800-w640,5,39,https://maps.google.com/?cid=2060917901834065005&g_mp=Cidnb29nbGUubWFwcy5wbGFjZXMudjEuUGxhY2VzLlNlYXJjaFRleHQQAhgEIAA,No,,2026-09-02
Santa Monica,Jackson Heating,"1299 Ocean Ave suite 815, Santa Monica, CA 90401, USA",(310) 494-5479,,https://jacksonheatsantamonica.com/,https://lh3.googleusercontent.com/place-photos/AG9NLjBgTV2ljVwcSlwKcVRDTpuzBcV9zZ0HIy7hgt6_kY7PyerXnKIFaiXvpKtdkOI6ByLdLve-aoHtxDEs6WFqfMJC60APsgwp8d7i8vVWVKfDW-Ypt8KYiF30vgmg5kwDaMFOt00Joz5im7VAjemvOZcx2Q=s4800-w640,5,28,https://maps.google.com/?cid=249674272091639453&g_mp=Cidnb29nbGUubWFwcy5wbGFjZXMudjEuUGxhY2VzLlNlYXJjaFRleHQQAhgEIAA,No,,2026-09-02
Berkeley,1-888-Heat-Pumps,"1826 Prince St, Berkeley, CA 94703, USA",(888) 432-8786,info@1888heatpumps.com,https://1888heatpumps.com/,https://lh3.googleusercontent.com/place-photos/AG9NLjBwgkEeat7eKpZH7SgGPnmQKsTz9mci5IqJk72w1hKbECgifdZnKTAIBpxscl9oVG7evpl5LefTKLONmq2Uqm_kujmde4pzhPrWZIbjyPZkYsqR_YJSsI3hcVGBFH0N6W_HuA67NCjv9Y4KLqo4WQkpzQ=s4800-w640,5,49,https://maps.google.com/?cid=5362908578568369538&g_mp=Cidnb29nbGUubWFwcy5wbGFjZXMudjEuUGxhY2VzLlNlYXJjaFRleHQQAhgEIAA,No,,2026-09-02
Oakland,AirTong Heating and Air,"212 9th St #371, Oakland, CA 94607, USA",(510) 585-4503,,https://airtongheating.co/,,5,11,https://maps.google.com/?cid=12349315041756085162&g_mp=Cidnb29nbGUubWFwcy5wbGFjZXMudjEuUGxhY2VzLlNlYXJjaFRleHQQAhgEIAA,No,,2026-09-02
San Jose,Air Heating Masters San Jose,"313 Piercy Rd, San Jose, CA 95138, USA",(669) 800-4335,,http://san-jose-hvac-service.com/,https://lh3.googleusercontent.com/place-photos/AG9NLjBoNsEgl0o3i7nx3P2TZM-eUgZ3kiAeRAt2kc9hoGoyyg_W48ncUwE_wRkqhFL85cubss-tvN1eCcbAoUtekUd7p9hFDds2ZoB1Ml97LRs70r3octic90goYFU88SFZZPmNccpsJhMdX_p_GQUko2WiRQ=s4800-w596,5,35,https://maps.google.com/?cid=7283588067970491440&g_mp=Cidnb29nbGUubWFwcy5wbGFjZXMudjEuUGxhY2VzLlNlYXJjaFRleHQQAhgEIAA,No,,2026-09-02
San Jose,Martinico and Sons - Heating & Air Conditioning/HVAC,"1776 S 7th St, San Jose, CA 95112, USA",(408) 508-5414,info@martinicoandsons.com,http://martinicoandsons.com/,https://lh3.googleusercontent.com/place-photos/AG9NLjB7K7Pa8NsiXq3ZZRsb5GzHLC7j9VP170g1kQ-wyfjiliVhRz0BRPsgAGlKk9skWuOALhAQa-w5ru9n52ak4eD2B4NjyuyNMrouiB8m7ksQ-pj4iItjkPliE4l_YqdYBZejCb94cHggXrrYAvY=s4800-w640,5,30,https://maps.google.com/?cid=13012563031837865157&g_mp=Cidnb29nbGUubWFwcy5wbGFjZXMudjEuUGxhY2VzLlNlYXJjaFRleHQQAhgEIAA,No,,2026-09-02
Ontario,Brook's Heating and Air,"337 N Vineyard Ave #337, Ontario, CA 91764, USA",(909) 312-7161,,https://brooksheatingandair.co/,,5,10,https://maps.google.com/?cid=15123917803760054927&g_mp=Cidnb29nbGUubWFwcy5wbGFjZXMudjEuUGxhY2VzLlNlYXJjaFRleHQQAhgEIAA,No,,2026-09-02
Riverside,Year Round Heating & Air Conditioning,"9820 Indiana Ave #23, Riverside, CA 92503, USA",(951) 533-7069,info@yround.com,https://yround.com/?utm_source=gbp&utm_medium=organic,https://lh3.googleusercontent.com/place-photos/AG9NLjAJA1_iIKtzjvo4eS6hre5g431UVPzg24VYidBHgB8EwNRNuZAA45zcmFldUuthb7OPKt5dpIL7qndi5B64lSzgUEeuXpT5qj2Uh1iOj4uglh6Bc89vecqsYkHyq2jdmBpAL2Nma6vePESgIIrl3bWsjQ=s4800-w640,5,407,https://maps.google.com/?cid=5776013340942460461&g_mp=Cidnb29nbGUubWFwcy5wbGFjZXMudjEuUGxhY2VzLlNlYXJjaFRleHQQAhgEIAA,No,,2026-09-02
San Bernardino,AJ Heating & Air Conditioning,"25474 E Lynwood Dr, San Bernardino, CA 92404, USA",(714) 474-3056,,,https://lh3.googleusercontent.com/place-photos/AG9NLjDIVbAIRVgOsu93HvatwIpWTIlhuh0DZwWZXc-SipiWpA1iKhphX89-7V3wrqM0W-sIlWZK09zfp9OZZdZ-U6G9jvYgv2zvj-S8tCS_JvUIiZ7u--PvOaPgNLNqcuYjlCdpiW98fPM0ZtHs-shw8HSE_g=s4800-w640,5,21,https://maps.google.com/?cid=14759410038851320849&g_mp=Cidnb29nbGUubWFwcy5wbGFjZXMudjEuUGxhY2VzLlNlYXJjaFRleHQQAhgEIAA,No,,2026-09-02
San Diego,"Morey Plumbing, Heating, & Cooling, Inc.","7895 Convoy Ct Ste 13, San Diego, CA 92111, USA",(858) 505-4500,,https://www.moreyphc.com/,https://lh3.googleusercontent.com/place-photos/AG9NLjCLhb_WUmsMCcNUUUQBDK4IRcM6oVUeiLcJu08C8BYsVjCQK74suxbxYkafyWEYCBi1QfI3HvD29G0_o70ONQwVjRdtCg4eBFaNpXP6W_U5fWbbGVyzZKheudcV51LMcdKJ62MDfVKrRJFZeg=s4800-w640,5,226,https://maps.google.com/?cid=3322968194716041345&g_mp=Cidnb29nbGUubWFwcy5wbGFjZXMudjEuUGxhY2VzLlNlYXJjaFRleHQQAhgEIAA,No,,2026-09-02
Rancho Cordova,A-Class Heating And Air,"2317 Sierra Madre Ct, Rancho Cordova, CA 95670, USA",(916) 342-9108,service@a-classhvac.com,https://a-classhvac.com/,https://lh3.googleusercontent.com/place-photos/AG9NLjC1bS2tCXFMum72D773LvoTINiqNZjZ44MtoA8GBTHvGMnxwmNS0jGEhH_b8ldTroVs4jbF1H22t-TRsaN7Sb4sgRNn_b7SpThaJ7k3_pwNlJL55eo2Eh_agQxXLp_CLydiHBO-459QYdmdhISZBoZ_ow=s4800-w640,5,50,https://maps.google.com/?cid=7216665584317062897&g_mp=Cidnb29nbGUubWFwcy5wbGFjZXMudjEuUGxhY2VzLlNlYXJjaFRleHQQAhgEIAA,No,,2026-09-02
Rancho Cordova,Rancho Cordova Heating & Air Conditioning,"10951 White Rock Rd Ste 200, Rancho Cordova, CA 95670, USA",(916) 232-5756,,,,5,11,https://maps.google.com/?cid=11246438414411101352&g_mp=Cidnb29nbGUubWFwcy5wbGFjZXMudjEuUGxhY2VzLlNlYXJjaFRleHQQAhgEIAA,No,,2026-09-02
Fresno,Maximum Air,"3634 W Swift Ave, Fresno, CA 93722, USA",(559) 222-0733,maximumair@sbcglobal.net,https://www.maximumairfresno.com/,https://lh3.googleusercontent.com/place-photos/AG9NLjAWIxyMtHyNhitkRpUDpzzUYpF51CpgcmJusVSZq-VaKO6FXOjUubPrNQcaz70LgNjtOnidzihRQ-04l7SaZNb61Y5lTLVkgMzUBTYpuKSqQ_IkBDftsGjqzrPGFqEKQNpgerDNlSpW_22bqGg=s4800-w640,5,205,https://maps.google.com/?cid=18191595252957786612&g_mp=Cidnb29nbGUubWFwcy5wbGFjZXMudjEuUGxhY2VzLlNlYXJjaFRleHQQAhgEIAA,No,,2026-09-02
Sacramento,Roach Heating And Air Conditioning,"8521 Younger Creek Dr Suite 100, Sacramento, CA 95828, USA",(916) 605-8583,roachhvac@gmail.com,https://roachhvac.com/,https://lh3.googleusercontent.com/place-photos/AG9NLjDrLN09sQ1Wo_bPoT42ZBpJPS-VjZXR_iAah7bbrfxUkHM1ZBi0cG9asILlOJozJ-1XgtDehskKB0X6MPC6aad7sImbTPdXeTEfqrKcNtzW_OsSOKdBow84FboMU2Pxr0-mvlqXufUt2oIGFBURCcOmbw=s4800-w640,5,53,https://maps.google.com/?cid=9702451491343500257&g_mp=Cidnb29nbGUubWFwcy5wbGFjZXMudjEuUGxhY2VzLlNlYXJjaFRleHQQAhgEIAA,No,,2026-09-02
