City,Business Name,Address,Phone,Email,Website,Image URL,Google Rating,Review Count,Google Maps URL,HomePowerRebate Recommended,Notes,Last Updated
Abbotsford,AirVantage Heating & Cooling,"3095 McCallum Rd #6A, Abbotsford, BC V2S 7W4, Canada",(604) 359-7997,hello@callairvantage.ca,https://www.callairvantage.ca/?utm_campaign=gmb&utm_medium=organic&utm_source=gmb,https://lh3.googleusercontent.com/grass-cs/AABkmLdCRalB8dS2ZZMXeHvuCyb0rcXSn8P3MQxxhd8fJWb7afFRV-Zu0R3RaBw4FcLc5I_vEgnCrezpdm2KgVVwE4fpwKe29XjPMlyjc2Qmj-FZoDdgTvBCQa7ze63U4WWn25i9VYqz=s4800-w640,5,1835,https://maps.google.com/?cid=3305216337236912941&g_mp=Cidnb29nbGUubWFwcy5wbGFjZXMudjEuUGxhY2VzLlNlYXJjaFRleHQQAhgEIAA,Yes,,2026-09-28
Abbotsford,Laxton Plumbing and Heating,"33222 Old Yale Rd #4, Abbotsford, BC V2S 2J5, Canada",(604) 300-8787,info@laxtonplumbing.ca,https://laxtonplumbing.ca/,https://lh3.googleusercontent.com/grass-cs/ACvplmNNHL5QPtugySr054wK0Sp0n4g_sw_hmyfyGvA5QokVoBDl9g7jyoDZgPsbD8cYiHvtFMdbgPRZgLtLfzvCuRemCULoaBFREptrLiGVRcXnsfKoYCUyztiVbU8h3epcuzvJOQhIHqWvRKQ=s4800-w640,5,338,https://maps.google.com/?cid=16969986643856329764&g_mp=Cidnb29nbGUubWFwcy5wbGFjZXMudjEuUGxhY2VzLlNlYXJjaFRleHQQAhgEIAA,No,,2026-09-28
Abbotsford,TYS Plumbing & Heating,"31125 Westridge Pl unit 57, Abbotsford, BC V2T 0B9, Canada",(778) 697-9433,tyler@tysplumbingandheating.com,https://tysplumbingandheating.com/,https://lh3.googleusercontent.com/grass-cs/ACvplmOdLd7pPBpyJGD86txaJez7cbvQcM4FR4clXPMZESwRLiM06zNtPxhOMjIcsb-zlNiUaEH5-YAqr7v_4YSly4Q8Os6CEwurJTo9OeXUBo_2ag0uNrl517j7ZlJZMkInAcBKaSoZbZkCu0Al=s4800-w640,5,240,https://maps.google.com/?cid=9835546023918836556&g_mp=Cidnb29nbGUubWFwcy5wbGFjZXMudjEuUGxhY2VzLlNlYXJjaFRleHQQAhgEIAA,No,,2026-09-28
Abbotsford,Hudson Service Group,"31053 Peardonville Rd A, Abbotsford, BC V2T 6K4, Canada",(604) 826-7989,info@hudsonservice.ca,https://www.hudsonservice.ca/,https://lh3.googleusercontent.com/grass-cs/ACvplmO-XG0-0DxzGkeQJf8CGcbU8r4SUBIxG65QIji8GcsGfzQ7Nhek8FsugFuVm8zlM007V6Pht-5d_HY3FhZsZsvGIBuNLDxXpoyUyFWNfpm2BuMuZXLrMS29LEqDYGkbqKSp3fZF=s4800-w640,4.9,1075,https://maps.google.com/?cid=9744144360637572820&g_mp=Cidnb29nbGUubWFwcy5wbGFjZXMudjEuUGxhY2VzLlNlYXJjaFRleHQQAhgEIAA,No,,2026-09-28
Abbotsford,Wagner Heating & Air Ltd,"37459 Kilgard Rd Unit#110, Abbotsford, BC V3G 2H6, Canada",(604) 855-9516,info@wagnerheating.com,https://wagnerheating.com/,https://lh3.googleusercontent.com/grass-cs/ACvplmMTsYnzbLWa2MiNeN70q1rH7dimsAMbgMeygE9D_HWbHoBFh901s1c49CeRU7qwK3t0UAjl1iymzGBDtW6Qe_Tq4ohjqept0_PimOSadWeqaMKVQppEVPDI_wrToLYgTpbRx2MJVCO0kdjd=s4800-w640,4.9,550,https://maps.google.com/?cid=916461805665334977&g_mp=Cidnb29nbGUubWFwcy5wbGFjZXMudjEuUGxhY2VzLlNlYXJjaFRleHQQAhgEIAA,No,,2026-09-28
Abbotsford,Big Bird Plumbing & Heating inc,"31034 Sidoni Ave, Abbotsford, BC V2T 5K1, Canada",(604) 551-0046,bigbirdplumbing@gmail.com,https://bigbirdplumbingheating.com/,https://lh3.googleusercontent.com/grass-cs/ACvplmNnkwA7FVXb1QQOoEPO2MIFVHDB5vq039ALJmqapYEJ9PFmPXxj2iJ7Zz7KvKSXJXARTadvj_MPG7NTRN1AT9qGuJcAEV29UEKtBMNRxLOD_jCE2CphFgvL2lJ_FdcYe5p_LKTP8XwBVcU=s4800-w640,5,74,https://maps.google.com/?cid=10039669725867594812&g_mp=Cidnb29nbGUubWFwcy5wbGFjZXMudjEuUGxhY2VzLlNlYXJjaFRleHQQAhgEIAA,No,,2026-09-28
Abbotsford,Knowledge Hvac & Refrigeration Ltd,"30445 Progressive Way #5, Abbotsford, BC V2T 6W3, Canada",(778) 522-5669,info@knowledgehvacr.ca,https://www.knowledgehvacr.ca/,https://lh3.googleusercontent.com/grass-cs/ACvplmMHzQ0AmSqdTg9C5kSipIlU6Sb02ch0bumQ6g3iJ9dhlNoCMgve-HhImm0RlYH6WsQ5XCYTT8WhHHpem7RcIKwEUCeVh0s0jLolf5w6JUhHZI3zJ_yLbwJyoDjVZhyd6gsQOIC8OB_uATTg=s4800-w640,4.9,234,https://maps.google.com/?cid=6915952342339929777&g_mp=Cidnb29nbGUubWFwcy5wbGFjZXMudjEuUGxhY2VzLlNlYXJjaFRleHQQAhgEIAA,No,,2026-09-28
Abbotsford,Mathew Crarey Heating and Air Conditioning Ltd.,"35846 McKee Rd #3, Abbotsford, BC V3G 0G6, Canada",,,https://hvac-mc.ca/,https://lh3.googleusercontent.com/grass-cs/ACvplmOehEAmU6pUbcZt0SuaOuyn0J2zSoyPN9E2jxPYpNa3qASsB2SZlL-u7uFM3YIiEsXzbCQxW2Lo_Lxd35_6e4S1WumDYx3cgrwG-KPIX2bTGtpTTLBilgmsNloJfpBRShM_J-W3Z2eEcRqO=s4800-w640,5,61,https://maps.google.com/?cid=1687029655647231123&g_mp=Cidnb29nbGUubWFwcy5wbGFjZXMudjEuUGxhY2VzLlNlYXJjaFRleHQQAhgEIAA,No,,2026-09-28
Abbotsford,Deus Plumbing & Heating Ltd,"32229 Rogers Ave, Abbotsford, BC V2T 5B6, Canada",(778) 246-2610,info@deusplumbingandheating.com,https://deusplumbingandheating.com/,https://lh3.googleusercontent.com/grass-cs/ACvplmObtbjYu0Wq_rz4ywXDkPgkrHdcWTxp3eOf_WAsgxiJZ0R3jyJ7kBVvrk2xjbQvDUK-w4Gl4kFkOvshfzuOc8BvTyWRWeQDK-8v_k8kMYP7kgR5R8yx0bv4rCeLXSRB6NQTpPU=s4800-w640,4.9,193,https://maps.google.com/?cid=2454100447447377213&g_mp=Cidnb29nbGUubWFwcy5wbGFjZXMudjEuUGxhY2VzLlNlYXJjaFRleHQQAhgEIAA,No,,2026-09-28
Abbotsford,Ringaway Plumbing Heating & Cooling,"6413 Riverside St, Abbotsford, BC V4X 1T9, Canada",(604) 808-7111,,https://ringawayhvac.ca/,https://lh3.googleusercontent.com/grass-cs/ACvplmPveS0f9QYFhVGY7jUnQCfXdZz50V6VdaUG3Q6ptUGZ8oYgneq_g11HY7frMo0CcpiG1n8nKWjByo27RuJYUwC7UsiotvBn-LfxPiL4kZf9yd3NUFGWkSJ2vIhzjBFrjObKcMHJag=s4800-w640,4.9,170,https://maps.google.com/?cid=14794782184577909131&g_mp=Cidnb29nbGUubWFwcy5wbGFjZXMudjEuUGxhY2VzLlNlYXJjaFRleHQQAhgEIAA,No,,2026-09-28
Abbotsford,Neufeld Heating Service,"31831 Conrad Ave, Abbotsford, BC V2T 2K3, Canada",(604) 854-6792,neufeldheating@gmail.com,https://www.neufeldheatingservice.ca/,https://lh3.googleusercontent.com/grass-cs/ACvplmMEdSgRQq_1de8woYtFFtvSOGxdBbrPXAq42o5ziv6wTqtMHsmKhFNp7B5MfBCnhg8EYprkE-A7tF2aLdYS13PkEOv1ETFEWxthGhe-r-Ac9EHVIYS7y7aLhkzwALYReUsF3lso4g=s4800-w640,4.9,95,https://maps.google.com/?cid=16411367337600047629&g_mp=Cidnb29nbGUubWFwcy5wbGFjZXMudjEuUGxhY2VzLlNlYXJjaFRleHQQAhgEIAA,No,,2026-09-28
Abbotsford,North Valley Plumbing & Heating LTD,"32880 Bevan Way, Abbotsford, BC V2S 6R3, Canada",(778) 965-0740,info@nvplumbing.ca,http://www.nvplumbing.ca/,https://lh3.googleusercontent.com/grass-cs/ACvplmN4Z5UkmgXIkcAxCrViaNoP8ri4_--wBV_f2yjK0SHArG6vGm434Zhi8ZvLZlf4BZmjWBYOw-vAz2YjOozf6TkZYWkr0CQgN1b5nLVTg7rMlGcRahY7acCc30_DlU6tBZiQXAcnhg=s4800-w640,4.9,54,https://maps.google.com/?cid=5946563957582959287&g_mp=Cidnb29nbGUubWFwcy5wbGFjZXMudjEuUGxhY2VzLlNlYXJjaFRleHQQAhgEIAA,No,,2026-09-28
Burnaby,Nation Furnace Heating & Air Conditioning HVAC Ltd.,"4170 Still Creek Dr Ste 200, Burnaby, BC V5C 4T5, Canada",(604) 299-5006,info@nationheating.ca,https://nationheating.ca/burnaby/,https://lh3.googleusercontent.com/grass-cs/ACvplmNCQK5rGyBXcnQ_ANcZSFFFi4U57CBVP77H1hEi2ZmTNvzOaICi6e5nxqdJHenSQn9ndt0nZyWU4Te7FYNTFv4EJweFU-_lKyCVr7RdEHdPZGqN_IJ0OrOJ4GyXC5-8GNvKiq2u=s4800-w640,5,301,https://maps.google.com/?cid=9463418027746310235&g_mp=Cidnb29nbGUubWFwcy5wbGFjZXMudjEuUGxhY2VzLlNlYXJjaFRleHQQAhgEIAA,Yes,,2026-09-28
Burnaby,Techno Gas Heating & Cooling Services Ltd.,"7634 Winston St, Burnaby, BC V5A 2Z2, Canada",(604) 900-9140,info@technogasheating.com,https://www.technogasheating.com/,https://lh3.googleusercontent.com/grass-cs/ACvplmOltIzFUlqoKxKl1BnVgsk8qv-qU1GGZwLv1zO8AZrpoayKvEVVdJUzgc-5mGnB2WcaSJQ___g-fH00Ki_4uxPLpJ3aXAGEJ0J_DmsFCreKpMYlu1zglkoFBlOLVzNJLag8oDgY=s4800-w640,5,216,https://maps.google.com/?cid=4915066090020333607&g_mp=Cidnb29nbGUubWFwcy5wbGFjZXMudjEuUGxhY2VzLlNlYXJjaFRleHQQAhgEIAA,No,,2026-09-28
Burnaby,Safeline Heating & Cooling Ltd.,"4406 Oxford St, Burnaby, BC V5C 1E5, Canada",(604) 889-1444,care@safelineheating.ca,https://www.safelineheating.ca/,https://lh3.googleusercontent.com/grass-cs/ACvplmO29OEP97rvJO8oiXTl5cKdFU5vO0QHx7LadNsvH2WOduQho7yC-Nfrgolc2KXG54pcZo2fO0Hm2sfNNQUG4UPddu7x_iaF4I-kSPGCBMmuUJUS5U4LECPvuMujqcwm43afRKaMd7ENG5WK=s4800-w640,5,110,https://maps.google.com/?cid=173550397586516156&g_mp=Cidnb29nbGUubWFwcy5wbGFjZXMudjEuUGxhY2VzLlNlYXJjaFRleHQQAhgEIAA,No,,2026-09-28
Burnaby,"Milani Plumbing, Heating & Air Conditioning","5526 Kingsway, Burnaby, BC V5H 2G2, Canada",(604) 888-8888,info@milani.ca,https://www.milani.ca/locations/burnaby-bc/?utm_source=gmb&utm_medium=organic&utm_campaign=Burnaby,https://lh3.googleusercontent.com/grass-cs/ACvplmMEnVhK8w5b5V2PAOhyGZI_Pl62RCGUSgszQ0hT-acvf-YbdEtt6UPb5627jMr4bXKGkE4EqwSse7FG9RpNW7d4JwC-qYSeT_PGQr7agHk9sVqktkoB9Z9k9_7alIsXj7p32oOQLrSwLl7s=s4800-w640,4.9,12707,https://maps.google.com/?cid=1388755289118283626&g_mp=Cidnb29nbGUubWFwcy5wbGFjZXMudjEuUGxhY2VzLlNlYXJjaFRleHQQAhgEIAA,No,,2026-09-28
Burnaby,ATMOSERRA Heating & Cooling,"1955 Alpha Wy., Burnaby, BC V5C 0K6, Canada",(778) 200-9054,info@atmoserra.ca,https://www.atmoserra.ca/,https://lh3.googleusercontent.com/grass-cs/ACvplmPPyCgcVusceavLFuvq60nERSVSwBKUxtyucqEnKrswM6VDI9EXc8REqtt2TVTgWo6eduy-3810rmvXHnZ_oQ-k5j2bjmpxEufz4JP92yq60oKf6f3TDOv9y1nNt1AwCOOqWiHa=s4800-w640,5,91,https://maps.google.com/?cid=6326748346677560096&g_mp=Cidnb29nbGUubWFwcy5wbGFjZXMudjEuUGxhY2VzLlNlYXJjaFRleHQQAhgEIAA,No,,2026-09-28
Burnaby,Aquatech Vancouver Heating & Air Conditioning,"3191 Thunderbird Crescent #115, Burnaby, BC V5A 3G1, Canada",(778) 562-8195,info@aquatechmechanical.ca,https://aquatechmechanical.ca/,https://lh3.googleusercontent.com/grass-cs/ACvplmNdZvJdetJ3cSwqaj8Oezu2JUoFRWTgnZNn1HJUvcLlaU6iF_d3Adruq2jKz2OLK_yV4b5-fQ6Fwx84p1fyaUv65T-nbTZ_HN-hBLF8D21RjVbHZeErduE0LIBCh0qeDopwAIcGKOfCwbMy=s4800-w640,5,83,https://maps.google.com/?cid=14269399813577562134&g_mp=Cidnb29nbGUubWFwcy5wbGFjZXMudjEuUGxhY2VzLlNlYXJjaFRleHQQAhgEIAA,No,,2026-09-28
Burnaby,Vortex HVAC solutions,"4720 Lougheed Hwy, Burnaby, BC V5C 0N8, Canada",(604) 345-2447,info@vortexhvacs.ca,https://www.vortexhvacs.ca/,https://lh3.googleusercontent.com/grass-cs/ACvplmPW5Qwufauebj5MuQcK5lH_92jlMS4_ebfNbhy3gIue9nn_i2VgAdLg0FcfRMF1ELrbBvS57tzbjwfJm5fUnzKU9ceore854fvAcWhz6BuQl4_sfJGcyXtn2QyxXVdEedZWqzLTi01s3fc=s4800-w640,5,77,https://maps.google.com/?cid=17973481039753708462&g_mp=Cidnb29nbGUubWFwcy5wbGFjZXMudjEuUGxhY2VzLlNlYXJjaFRleHQQAhgEIAA,No,,2026-09-28
Burnaby,Central HVAC,"7152 Curragh Ave #100B, Burnaby, BC V5J 4V9, Canada",(604) 401-4848,info@centralgasservices.com,https://centralgasservices.com/?utm_source=google&utm_medium=organic&utm_campaign=gbp_listing,https://lh3.googleusercontent.com/grass-cs/ACvplmO7T2cSuDJkoRj7mzOcXRfP-JuOZZznN3R4n7CQCt_W2Y2ye9Ms_npYzaOH326sMMSFHEypsqH1ZQVQm8UUWBW12geLKlz6WUpaZcFTlGXD1yrSNWco6tmkzYrPTh9zmwwk5allGFKxTa-J=s4800-w640,4.9,339,https://maps.google.com/?cid=11133776751724805045&g_mp=Cidnb29nbGUubWFwcy5wbGFjZXMudjEuUGxhY2VzLlNlYXJjaFRleHQQAhgEIAA,No,,2026-09-28
Burnaby,Heat Co. ( Heating & Cooling ),"102B, 7012 Merritt Ave, Burnaby, BC V5J 4R6, Canada",(604) 780-2080,info@heatcofurnace.com,http://heatcofurnace.com/?utm_campaign=gmb,https://lh3.googleusercontent.com/grass-cs/ACvplmMfKv8e-5mr2rxmWDdOkc4JTky4SW0bJZnmYC8yXrIbKZN9j9_K7VdPfC2QWY4MRY8YrSO_jFlYw8BIf7Lh-OuMmQ6KBMzLQ_u7X82Uu2r6BE-2MHq36bk99c8KIbPjVG8gKjSaOA=s4800-w480,4.9,235,https://maps.google.com/?cid=9253176715520831310&g_mp=Cidnb29nbGUubWFwcy5wbGFjZXMudjEuUGxhY2VzLlNlYXJjaFRleHQQAhgEIAA,No,,2026-09-28
Burnaby,Canadian Pacific Heating and Cooling,"7220 Edmonds St, Burnaby, BC V3N 4T9, Canada",(604) 715-1894,info@cpheating.ca,https://cpheating.ca/?utm_source=google_business_profile,https://lh3.googleusercontent.com/grass-cs/ACvplmOoA76q40H2EEFbQh_T_yUUKFYLzIxHcp4v2-zre4wrONM_yP90qWjPxhJdenA-KUezmb1oocy1mq8IrJkoSbL7UIJaWqt4-rqI6pPE0NzpGIRvBog-6c27-Qmuikz4MeXehLew=s4800-w640,4.9,220,https://maps.google.com/?cid=1023622860768527029&g_mp=Cidnb29nbGUubWFwcy5wbGFjZXMudjEuUGxhY2VzLlNlYXJjaFRleHQQAhgEIAA,No,,2026-09-28
Burnaby,"Whyte Plumbing, Heating, and Air Conditioning","1625 Ingleton Ave, Burnaby, BC V5C 4L8, Canada",(604) 232-7611,contact@whytemechanical.ca,https://www.whytemechanical.ca/,https://lh3.googleusercontent.com/grass-cs/ACvplmO0G5JwE57VU4faEjlkOyqQdccZe4TYycFWWVRaMantYGs0gFxpkCophQfKCGlqFNCyqrZxrjxZdERObiGJX1EJHK8ff8PbF3f6HbpBx_4g4OeOZ6wYpaTYq2cvoTcD6Hq3W0rW=s4800-w640,4.9,210,https://maps.google.com/?cid=8506524192486977651&g_mp=Cidnb29nbGUubWFwcy5wbGFjZXMudjEuUGxhY2VzLlNlYXJjaFRleHQQAhgEIAA,No,,2026-09-28
Burnaby,BCRC Heating and Cooling,"6851 Sellers Ave, Burnaby, BC V5J 4R2, Canada",(604) 781-7272,bcrc.p.h@gmail.com,https://bcrcheating.com/,https://lh3.googleusercontent.com/grass-cs/ACvplmNHuQxZiL4jcEId49U9K562E0zNFRO8ghctQQptcQTjLJpN6wxYDSU4qHS5AN3GPuUh20Gf4vwuhN5w-ajt3m2NFw2TuLAd-DcpnPVCGNk5uPTzL4_IVCAruxldBUco-shWeOP5igoblwEU=s4800-w640,4.9,177,https://maps.google.com/?cid=2893986466690942322&g_mp=Cidnb29nbGUubWFwcy5wbGFjZXMudjEuUGxhY2VzLlNlYXJjaFRleHQQAhgEIAA,No,,2026-09-28
Chilliwack,Promontory Plumbing & Heating,"4778 Teskey Rd, Chilliwack, BC V2R 5W8, Canada",(778) 834-6000,,https://www.promontoryplumbing.ca/,https://lh3.googleusercontent.com/grass-cs/ACvplmN3AoI7aa_2QaXKFr0TV4tkTj_5QQN7-_G2jk4SHkFUGR8tqMO-tpD2CDOb_AGT9RlDjtXI18FbzcS6gIphHdotl4xmaKzWExdcxK3plvBVqexmzEPeBrAEDqTZ_-JWf5lAv8s2h5aFOQGx=s4800-w640,5,745,https://maps.google.com/?cid=12554935574784882811&g_mp=Cidnb29nbGUubWFwcy5wbGFjZXMudjEuUGxhY2VzLlNlYXJjaFRleHQQAhgEIAA,Yes,,2026-09-28
Chilliwack,Trium Mechanical Heating & Cooling,"6750 Worthington Pl, Chilliwack, BC V2R 1N6, Canada",(778) 536-4822,office@triummechanical.ca,https://www.triummechanical.ca/,https://lh3.googleusercontent.com/grass-cs/ACvplmPnf1-3txM-zd2FYxK5gZ9BGan3quZFxJnXhz2BB-UXz1dS-8DjFCx6KuoDbqMiJf_voLPRJ3DS_C0oulXOxpoAZd0vkGuzdFmVLdJffhELZAvCAChrlYefdUMhfUVk9NXak5sruc_3a7tT=s4800-w640,5,67,https://maps.google.com/?cid=6972294579385002243&g_mp=Cidnb29nbGUubWFwcy5wbGFjZXMudjEuUGxhY2VzLlNlYXJjaFRleHQQAhgEIAA,No,,2026-09-28
Chilliwack,High Standard Heating & Cooling,"45831 Hocking Ave #201, Chilliwack, BC V2P 1B5, Canada",(604) 799-5377,office@highstandardhvac.ca,http://highstandardhvac.ca/,https://lh3.googleusercontent.com/grass-cs/ACvplmPH1QrXHkLCLajmKDah0RFfux5yKOCw12l5DuVGFcp8iRETDm-bjI17xskRsLe0qeMiD8tUOWvZf1vp85H-mNT0scY81rV4qoZb9HzSyKszzIwsFKfvoirfmnjVc09wobK-QHD0sw4cJKY=s4800-w640,4.9,214,https://maps.google.com/?cid=8621657318120991426&g_mp=Cidnb29nbGUubWFwcy5wbGFjZXMudjEuUGxhY2VzLlNlYXJjaFRleHQQAhgEIAA,No,,2026-09-28
Chilliwack,Horne Plumbing & Heating,"6755 Worthington Pl, Chilliwack, BC V2R 1N6, Canada",(604) 835-7650,taylor@horneplumbing.ca,https://www.horneplumbing.ca/,https://lh3.googleusercontent.com/grass-cs/ACvplmNClhoHHhl9Xjg1HvEY91j3s2WOQNnvTDLnXZn_OA0KiJE_AZBrgWqFlFUxCbsNqh_QlE8d8WUGViOs4tqobOiD5s0nCjcsSllNcgPjPJTJG1oF8F6yGkTTBg1Aj9INU8R_TNYyLAF8eGag=s4800-w640,5,57,https://maps.google.com/?cid=2408974166228533367&g_mp=Cidnb29nbGUubWFwcy5wbGFjZXMudjEuUGxhY2VzLlNlYXJjaFRleHQQAhgEIAA,No,,2026-09-28
Chilliwack,RGS Refrigeration & Heating LTD,"8461 Grand View Dr, Chilliwack, BC V2R 4A3, Canada",(604) 248-4302,rgs.refrigeration@gmail.com,https://www.rgsheating.com/,https://lh3.googleusercontent.com/grass-cs/ACvplmMB7b7yIkfyKQAtt6uVJBnIHSsebMDqWio6ngaV5P_k4tqi77iMo-RoE7tqlmTh7YYf07GtBg5m-zjulCMExzrgr1slRs-pdR6-6nWrJBlEb4OVvJIW-pPBimC-XHcB_mh44Wla2A=s4800-w640,5,56,https://maps.google.com/?cid=17093387291145861503&g_mp=Cidnb29nbGUubWFwcy5wbGFjZXMudjEuUGxhY2VzLlNlYXJjaFRleHQQAhgEIAA,No,,2026-09-28
Chilliwack,Expert Plumber Chilliwack,"45922 Higginson Rd CC, Chilliwack, BC V2R 2C7, Canada",(604) 990-2735,info@plumberchilliwack.com,https://www.plumberchilliwack.com/,https://lh3.googleusercontent.com/grass-cs/ACvplmMLqyiF0qOUOeTul5s3ksXwCV7luwQ-8wT8xwdo0Wx8X3P2-5LJqYkE5v71tE7Zebr7KzpRks-wWu76AKPlTvCUELHnD14FvCrXIc-eGQ5HewaFNYshK2GE0MDS7zovmzQl6Vce3w=s4800-w640,4.9,119,https://maps.google.com/?cid=15142508625180394180&g_mp=Cidnb29nbGUubWFwcy5wbGFjZXMudjEuUGxhY2VzLlNlYXJjaFRleHQQAhgEIAA,No,,2026-09-28
Chilliwack,Kingdom Plumbing and Heating,"5495 Chilkwayuck Rd, Chilliwack, BC V2R 5K6, Canada",(604) 795-0220,service@kingdomplumbing.ca,https://kingdomplumbing.ca/,https://lh3.googleusercontent.com/grass-cs/AABkmLcBknJgq_5fxfkZ1TTWwSOvfE85Cp25BhQ19zFwbjL_Ma9mBWf3gyEGFzok23-G3MbfjP-Ue_dwTyxqY2NNnHMkGhHA5s3MDHhaUpA5NuwkyURBlVHhpzlHP3GYXRnI--yqHF8XBQ=s4800-w640,4.9,115,https://maps.google.com/?cid=8757410967724085466&g_mp=Cidnb29nbGUubWFwcy5wbGFjZXMudjEuUGxhY2VzLlNlYXJjaFRleHQQAhgEIAA,No,,2026-09-28
Chilliwack,Ian's Plumbing Heating And Gas Services ltd.,"6518 Wiltshire St, Chilliwack, BC V2R 1P8, Canada",(604) 845-2114,ian@iansplumbingheatingandgasservicesltd.com,https://www.iansplumbingheatingandgasservicesltd.com/?utm_source=google&utm_medium=wix_google_business_profile&utm_campaign=4352738352821114059,https://lh3.googleusercontent.com/grass-cs/ACvplmPrXcVqcz865yY-CACdEas2xf1W1u9P0RvwggRg6saQth1qMLlp3eIbkLxb-D4QLwmcWKByGDRlE9TXFmRsN0uEx22XHOFB7umLMoMI_sUX-PK_LG1P5KTbDQF2U4wT5KFXHvGPDA=s4800-w640,4.9,65,https://maps.google.com/?cid=18066724404720948346&g_mp=Cidnb29nbGUubWFwcy5wbGFjZXMudjEuUGxhY2VzLlNlYXJjaFRleHQQAhgEIAA,No,,2026-09-28
Chilliwack,Valley View Plumbing & Heating Ltd.,"41725 Woodridge Pl, Chilliwack, BC V2R 5G8, Canada",(604) 845-9804,sam@valleyviewplumbing.ca,https://www.valleyviewplumbing.ca/,,5,34,https://maps.google.com/?cid=1161787213167597508&g_mp=Cidnb29nbGUubWFwcy5wbGFjZXMudjEuUGxhY2VzLlNlYXJjaFRleHQQAhgEIAA,No,,2026-09-28
Chilliwack,"Armacom Plumbing & Heating Ltd.,","5850 Cowichan St, Chilliwack, BC V2R 0G8, Canada",(604) 329-4009,armacomplumbing@gmail.com,https://armacom.ca/,https://lh3.googleusercontent.com/grass-cs/ACvplmM1a_EJsVXAux0IvAYc0NlwtY6hvTYhgxgNSwHcyMldaOcrZpLCFrnmKlJB8JOMg28S90MyMKZomcbU6ZUgT4anlSfgFyWedpItHafn9jxEmbJrwH7MQzSkt4ZDIjv0N_t0RGLOkHgEb7w=s4800-w640,4.9,63,https://maps.google.com/?cid=6751766026877911884&g_mp=Cidnb29nbGUubWFwcy5wbGFjZXMudjEuUGxhY2VzLlNlYXJjaFRleHQQAhgEIAA,No,,2026-09-28
Chilliwack,Valhalla Plumbing and Heating,"45455 Ariel Pl, Chilliwack, BC V2R 0K7, Canada",(604) 798-8294,,,https://lh3.googleusercontent.com/grass-cs/ACvplmM2XfCF70Y8BGGn92ZWuQpsFf_6jiJdtcEgvlNrjivDHon9oNyK5G7oOtvKQ57zdIjKdg_k4ODThcvrQgzC1ZLQM-QvsSr0O_ugBKW6IIKwDsnc_DIfwJ7qSVDbvvjR5pskOlm8=s4800-w640,5,30,https://maps.google.com/?cid=14672123015240343164&g_mp=Cidnb29nbGUubWFwcy5wbGFjZXMudjEuUGxhY2VzLlNlYXJjaFRleHQQAhgEIAA,No,,2026-09-28
Chilliwack,Pettie's Plumbing & Heating Ltd.,"8881 Walters St Unit #60, Chilliwack, BC V2P 6X6, Canada",(604) 897-0711,info@pettiesplumbing.com,https://www.pettiesplumbing.com/book-now,https://lh3.googleusercontent.com/grass-cs/ACvplmOhYINk5z7JiEcZ3LfPa4lkuwWo2yVwSnoR8qZLnV3t4yXFMv-yxJkz7l7PjIi3G4ciz9qiL1gTCe3KCWJ_A_5AIynHrKnkzEbkKyhrbyizu4BrrtMaJBvjnhjSTwtGrS3Mp_F2=s4800-w640,4.8,210,https://maps.google.com/?cid=12312054594904625861&g_mp=Cidnb29nbGUubWFwcy5wbGFjZXMudjEuUGxhY2VzLlNlYXJjaFRleHQQAhgEIAA,No,,2026-09-28
Coquitlam,TAK Heating & Cooling Ltd.,"712 Roderick Ave, Coquitlam, BC V3K 1P5, Canada",(778) 846-4822,hello@takheating.com,https://www.takheating.com/,https://lh3.googleusercontent.com/grass-cs/ACvplmOrwLdQju_91nnrpuIhaJml4BoQB9u88pM8HKWmEcACNU8ynlnG-ObKQQDK4rYijVNF9gVpYA9HMQBr_ylzQl13QPrq3KV47pYiZgpserv0WDnQrZQknsjO4TEllfcDLm-jLNvM_bAWwbdQ=s4800-w640,5,214,https://maps.google.com/?cid=7298511421586894447&g_mp=Cidnb29nbGUubWFwcy5wbGFjZXMudjEuUGxhY2VzLlNlYXJjaFRleHQQAhgEIAA,Yes,,2026-09-28
Coquitlam,Perfect Choice Heating & Cooling,"3082 Dayanee Springs Blvd #203, Coquitlam, BC V3E 0A3, Canada",(778) 833-2893,info@perfectchoicehvac.com,https://perfectchoicehvac.com/,https://lh3.googleusercontent.com/grass-cs/ACvplmP6ANwFqC-Zd4B4JkJZVkI1jHsm8St8_LFJUDS3_1OPupXmHLdRy0XgwkmxtR44ViFxAxnygoGrQahTqYP4Z2_mhHwl2eDD6eAoAfarifXQMuHdki5QoK-YY0nqQ5J6rIUjhAb550z2eEGb=s4800-w640,5,152,https://maps.google.com/?cid=7874230940115287871&g_mp=Cidnb29nbGUubWFwcy5wbGFjZXMudjEuUGxhY2VzLlNlYXJjaFRleHQQAhgEIAA,No,,2026-09-28
Coquitlam,Hippo Plumbing and Heating,"3080 Lincoln Ave #709, Coquitlam, BC V3B 0L9, Canada",(604) 365-0812,service@hippoplumbing.com,https://hippoplumbing.com/,https://lh3.googleusercontent.com/grass-cs/ACvplmOyJ8kvaUhvx4DRcSbvdF7z8APv3qefmtFqBoRMi58yhj7RtWhPXeNgM3ijigNd2rs24DM38rzeK2OjXTh2GJJoqO68PDm4wDVzQx63Xhrg2UT6YxFyCRs-7cMmro31r4pR3ug=s4800-w640,5,122,https://maps.google.com/?cid=11608856546492063277&g_mp=Cidnb29nbGUubWFwcy5wbGFjZXMudjEuUGxhY2VzLlNlYXJjaFRleHQQAhgEIAA,No,,2026-09-28
Coquitlam,Master Fix Building Ltd.,"3328 Turner Ave, Coquitlam, BC V3E 3B9, Canada",(604) 788-5158,info@masterfixbuilding.com,https://masterfixbuilding.com/,https://lh3.googleusercontent.com/grass-cs/ACvplmP-u-4seaqgsaKxGVR29Yz6NhNWwp8VIK_kPkFG1PSemdVqvzYXmFnmK3obkyD9wutqdQa2bnlI31qKQm2AsoIK586oJSdL7CHbLQinmhsMvoKvH-GV9jq2_ZVDlWrVEHrLwns5=s4800-w640,5,100,https://maps.google.com/?cid=8758116082343225941&g_mp=Cidnb29nbGUubWFwcy5wbGFjZXMudjEuUGxhY2VzLlNlYXJjaFRleHQQAhgEIAA,No,,2026-09-28
Coquitlam,Best Way Heating,"1556 Tanglewood Ln, Coquitlam, BC V3E 2V5, Canada",(604) 474-3355,info@bestwayheating.ca,https://www.bestwayheating.ca/,https://lh3.googleusercontent.com/grass-cs/ACvplmN1pEQX_q851nPsqS3vD-ibzEhoAOs86z7S1LwXP5CYitBJxLAG5wrvxBl483g6i2iLYdfWNzGw0ecqN69GlHfYA9irXcNUrxurEAi58JXqxiJNYYj2Y7inqwxxFjYrdbLZ0VNU=s4800-w640,4.9,569,https://maps.google.com/?cid=10771961356755826478&g_mp=Cidnb29nbGUubWFwcy5wbGFjZXMudjEuUGxhY2VzLlNlYXJjaFRleHQQAhgEIAA,No,,2026-09-28
Coquitlam,Eaton's Furnace Heating & Air Conditioning HVAC,"17 Fawcett Rd #117, Coquitlam, BC V3K 6V2, Canada",(604) 535-8434,info@eatonshomecare.com,https://www.eatonshomecare.com/,https://lh3.googleusercontent.com/grass-cs/ACvplmNdDSjYpOt3NgWxNmbq_mAp2rs3UC96OYr5uvxOc3HHYbYkpMvDHKS8KKDJpWiYKa8CIwsL7poE91QuYKKgOb6-XfAQDv0c2lq8oQ6s33Ajw1gEE7Yx9cv1_dlhBCEKNPObU4-sQg=s4800-w640,4.9,509,https://maps.google.com/?cid=17441595488362074495&g_mp=Cidnb29nbGUubWFwcy5wbGFjZXMudjEuUGxhY2VzLlNlYXJjaFRleHQQAhgEIAA,No,,2026-09-28
Coquitlam,Pro West Heating & Air Conditioning,"3030 Lincoln Ave, Coquitlam, BC V3B 6B4, Canada",(604) 337-2030,info@prowestheating.com,https://www.prowestheating.com/?utm_source=google&utm_medium=organic&utm_campaign=GoogleMyBusiness&utm_content=Coquitlam,https://lh3.googleusercontent.com/grass-cs/AABkmLfb8IL-jeHN9v9agXnK32Ukc0lTGm0dabombKvTv58gKfLHQ1QmM22frSIMZ7ks2lbR5jhO9CBppRGpnkXEXO5RfyPuZ6Sr3dxb3bUo5v0-c0RYyM-2c4GrXb8vp4xo4CYZVcgq=s4800-w640,4.9,410,https://maps.google.com/?cid=17251410283585264510&g_mp=Cidnb29nbGUubWFwcy5wbGFjZXMudjEuUGxhY2VzLlNlYXJjaFRleHQQAhgEIAA,No,,2026-09-28
Coquitlam,"Gregori Plumbing, Heating & Air Conditioning Ltd","2878 Norman Ave, Coquitlam, BC V3C 2L8, Canada",(778) 814-2636,info@gregoriplumbing.ca,http://www.gregoriplumbing.ca/,https://lh3.googleusercontent.com/grass-cs/ACvplmOZwl6xSWYjJf2Vrglqy5GNJk07axM6buxuG4Vlu_yjL4F-HOpiswmv1YfXc_OeESmJ-lQAnD2OOac68kLXvRRoMKNkzCFIUO7iRPjj8yYsHuXQXCOohZZ4-oHkuT78wfMugsQTEg=s4800-w640,5,70,https://maps.google.com/?cid=17928520860342053257&g_mp=Cidnb29nbGUubWFwcy5wbGFjZXMudjEuUGxhY2VzLlNlYXJjaFRleHQQAhgEIAA,No,,2026-09-28
Coquitlam,Skylimit Heating and Gas Ltd.,"3550 Woodland Dr #14, Port Coquitlam, BC V3B 4R4, Canada",(778) 892-5119,skylimitheating@gmail.com,https://skylimitheating.ca/,https://lh3.googleusercontent.com/grass-cs/ACvplmPkP3DNaInV6lDmIXhywhxInqDedyuFasQJE4XLhaMwxaB2wWxDf_kfBr3MflRyiukcULFqZjWzN5RPVSUgtv5P505vbnG1JQKICg3djjEZhkL6N_49-Bzgtqo3JYKVIOdB-xT8n8cOjpsj=s4800-w640,4.9,182,https://maps.google.com/?cid=9604300176529261372&g_mp=Cidnb29nbGUubWFwcy5wbGFjZXMudjEuUGxhY2VzLlNlYXJjaFRleHQQAhgEIAA,No,,2026-09-28
Coquitlam,"Whitestone Heating and Cooling LTD, BC","3030 Lincoln Ave Unit 211, Coquitlam, BC V3B 6B4, Canada",(604) 725-8355,whitestoneheating@gmail.com,http://www.whitestoneheating.ca/,https://lh3.googleusercontent.com/grass-cs/ACvplmM9heH_PWSmoA6T5Nt_qjlEA9bNIcR8M-J0ctrl17pFVV0y1-mPoTQx-qhZaxxpcyqD1jhlw0iGLFkuFM4aerYNDXyZ3mwtKlq1npQi7hLXJu3JxCx7NwU7zakO3tZwOs6hV2IZ=s4800-w640,5,56,https://maps.google.com/?cid=16051504394698001766&g_mp=Cidnb29nbGUubWFwcy5wbGFjZXMudjEuUGxhY2VzLlNlYXJjaFRleHQQAhgEIAA,No,,2026-09-28
Coquitlam,Action Care Furnace Heating,"1302 Daimler St, Coquitlam, BC V3B 6P4, Canada",(604) 945-5801,info@actioncarefurnace.com,https://actioncarefurnace.ca/,https://lh3.googleusercontent.com/grass-cs/ACvplmMM7filvA5PB2y-IE5Je8TqlHbWpYg7bMllqP50kvuWXw_5LkNS-5FTEU0nwWwRNgJrADGnE8AJM7ONQUdK-586blNnhmIEianiac-YlfuY-fhDrG6m-Y4lEfSAqTBtr1laXYnJ81PDQ7L9=s4800-w640,4.9,114,https://maps.google.com/?cid=10687048011693824484&g_mp=Cidnb29nbGUubWFwcy5wbGFjZXMudjEuUGxhY2VzLlNlYXJjaFRleHQQAhgEIAA,No,,2026-09-28
Coquitlam,Prime Tech Heating Ltd.,"1846 Coquitlam Ave, Port Coquitlam, BC V3B 1H7, Canada",(604) 255-4771,,http://www.primetechfurnace.ca/,https://lh3.googleusercontent.com/grass-cs/ACvplmNsywYdu8kWi71EmvHD0v3UgQHBIKdxqbk549L1-Iu9acmYREj98x_0C0ZH0NtVktse5CKUWG1P2csDcVGHMd8XUEnFqhrtBcX4gmRctjr1E2_Jvz5tZ6ciLW9pYAXs1UTmWlN-vA=s4800-w640,4.9,111,https://maps.google.com/?cid=10865128920319443417&g_mp=Cidnb29nbGUubWFwcy5wbGFjZXMudjEuUGxhY2VzLlNlYXJjaFRleHQQAhgEIAA,No,,2026-09-28
Fort St. John,Pro North Heating Inc.,"8484 Old Fort Rd, Fort St John, BC V1J 8B3, Canada",(250) 785-5545,info@pronorthheating.com,https://pronorthheating.com/,https://lh3.googleusercontent.com/grass-cs/ACvplmMZ6C5WShuHAFQRutixYOOOXB1p7hXQJmudyMm6oflpvQEUPKs56IZelPZCjWfw7INFATajwY1kdfC5zz2gB2ApxOyqI-6M4aeB7XRVX3Ty9LVo6y02AilUJ-mfRIc1r0Y_qjdPuw=s4800-w640,4.3,11,https://maps.google.com/?cid=15338390834235987419&g_mp=Cidnb29nbGUubWFwcy5wbGFjZXMudjEuUGxhY2VzLlNlYXJjaFRleHQQAhgEIAA,Yes,,2026-09-28
Fort St. John,Marsh & Son Ventures,"10411 95 Ave, Fort St John, BC V1J 5Z4, Canada",(250) 787-9733,,,https://lh3.googleusercontent.com/grass-cs/ACvplmOh3Z1AVErCy3NjyTS2xDjvS5jlLp1GaQjQPsdUoE6dvTCXPPwU4e5sWuFPx1WsLOaryafwb1_lg_Wl1UFF0_zaIjJnF5mQpEzPOdr_dwnb8JcnEeRq0Sk6KuWz2urB-Wk2nFcH=s4800-w640,4,21,https://maps.google.com/?cid=16843837871290839289&g_mp=Cidnb29nbGUubWFwcy5wbGFjZXMudjEuUGxhY2VzLlNlYXJjaFRleHQQAhgEIAA,No,,2026-09-28
Kamloops,KDB HVAC,"340b 12 Ave, Kamloops, BC V2C 3Y6, Canada",(250) 572-0209,,http://kdbhvac.ca/,https://lh3.googleusercontent.com/grass-cs/ACvplmMFlP-waiivvacqy3vrja7YsKxxUf_7Ib_WUBq7sv8f8QzBl4oCnXH8IZgFh9COvtS3vBcXVGwvkbleqX_6WFjhFw6bVg4lpo1hCZRuTgdZcnZUbHbBQZs5Q9S67S1hFcWVMP19=s4800-w640,5,186,https://maps.google.com/?cid=8353402224982495017&g_mp=Cidnb29nbGUubWFwcy5wbGFjZXMudjEuUGxhY2VzLlNlYXJjaFRleHQQAhgEIAA,Yes,,2026-09-28
Kamloops,Full Spectrum Heating and Air Conditioning Ltd.,"1450 Pearson Pl #200, Kamloops, BC V1S 1J9, Canada",(250) 319-5938,,http://fullspectrumheating.ca/,https://lh3.googleusercontent.com/grass-cs/ACvplmOcKfdTQ2Kzg7-uU41kLoB3D3Ov5TTA_Sy6XX4F0vviqVzxEEHsc1YQu7GEIrY6IUsSzNu8nYuYLowiEEh7IWdhRKe2Ies4kvFGSZ17n3r0V2Mp7QXO_Jgkolr_6nlg07dI740kw5_V09HT=s4800-w640,5,184,https://maps.google.com/?cid=18043509147513423730&g_mp=Cidnb29nbGUubWFwcy5wbGFjZXMudjEuUGxhY2VzLlNlYXJjaFRleHQQAhgEIAA,No,,2026-09-28
Kamloops,Interior Plumbing & Heating Ltd,"782 Laval Crescent, Kamloops, BC V2C 5P3, Canada",(250) 372-3441,,http://www.iphltd.com/,https://lh3.googleusercontent.com/grass-cs/ACvplmN2HwO4voOV5ETXYekSFiNnaBioYn5cYa9f9Hr2cLUx5JIgzGXHXKcV3X9noLrG9hdGHC63yVFWdCpelLAXbTmxeymSQQDorX_DGZyJpvVYuwKIDkyEuhrh7FTdKPIxULWbpA=s4800-w640,4.9,1182,https://maps.google.com/?cid=690397089895484355&g_mp=Cidnb29nbGUubWFwcy5wbGFjZXMudjEuUGxhY2VzLlNlYXJjaFRleHQQAhgEIAA,No,,2026-09-28
Kamloops,All Things Mechanical,"1264 Sitka St, Kamloops, BC V2B 2B7, Canada",(250) 318-5891,,,https://lh3.googleusercontent.com/grass-cs/ACvplmO-I6TsYFeHBFJ6A8phWEcqJGArbBSv8g0TsYvZSLKDBrIMtbSxTkfjB5EkP15Ki9QTKEboy9bZf5o4LmHN-WxLn0Y295n-aSLUUpT9Pnz7dIN2hKpjpHMbNDCeSpfASvKECIwN=s4800-w640,5,43,https://maps.google.com/?cid=7756397903120016480&g_mp=Cidnb29nbGUubWFwcy5wbGFjZXMudjEuUGxhY2VzLlNlYXJjaFRleHQQAhgEIAA,No,,2026-09-28
Kamloops,Hartley and Co. Heating and Air Conditioning - Kamloops,"971 Laval Crescent, Kamloops, BC V2C 5P4, Canada",(778) 220-2142,,https://hartleyco.ca/,https://lh3.googleusercontent.com/grass-cs/ACvplmMDti6H03fQNU9EBXX4d_1vStq8bT78xO_61ySZxHAPcM5OUE_LBaKF4m3aoMXFr6T5BCL1bM3hn2_f3f2K38EeAedF4g1_BMW8NtBMCr-NME6yh3seRXoDezwITsHqtw=s4800-w640,4.9,71,https://maps.google.com/?cid=9307957244522395112&g_mp=Cidnb29nbGUubWFwcy5wbGFjZXMudjEuUGxhY2VzLlNlYXJjaFRleHQQAhgEIAA,No,,2026-09-28
Kamloops,Rapid Cool Mechanical,"921B Laval Crescent, Kamloops, BC V2C 5P4, Canada",(250) 374-6858,,http://www.rapidcool.ca/,https://lh3.googleusercontent.com/grass-cs/ACvplmNNv4iGCeAKvBEegyQmqcvD75r-pokB27gi6293AjOMZ1dGEo_EmHUps2cRgBgOYHoAhclJNXhdKHctzmxV_9FN-Ca04D6kwqjuCmiw20UXVxUNr-kYZjuoLHbfmBW_WEDbIKLb=s4800-w640,4.8,947,https://maps.google.com/?cid=6215008914397247866&g_mp=Cidnb29nbGUubWFwcy5wbGFjZXMudjEuUGxhY2VzLlNlYXJjaFRleHQQAhgEIAA,No,,2026-09-28
Kamloops,Hadwin's HVAC & Gas Inc.,"265 Cn Rd, Kamloops, BC V2H 1K3, Canada",(250) 574-9333,info@hadwinshvac.ca,http://www.hadwinshvac.ca/,https://lh3.googleusercontent.com/grass-cs/ACvplmOLIWauEHps5O2CN_nZHy_-xzQzyAHV5ckvBmRn30cOonaRywer4rWvGpvVmY3vDONisQ6Fe9vATVsA-xirSyJHhqmapsJ7jSUosEwEd6VUHovHqjtR3JCK_-t-zu0mTAM-IycS7anljhk=s4800-w640,4.8,727,https://maps.google.com/?cid=13695982359540258110&g_mp=Cidnb29nbGUubWFwcy5wbGFjZXMudjEuUGxhY2VzLlNlYXJjaFRleHQQAhgEIAA,No,,2026-09-28
Kamloops,Kamloops Heating & Air Conditioning,"805 Notre Dame Dr #115, Kamloops, BC V2C 5N8, Canada",(250) 879-2777,service@kamloopshvac.com,https://kamloopsheatingandairconditioning.com/,https://lh3.googleusercontent.com/grass-cs/ACvplmP6-frUL-tPD7XJ3x1l7Rxt20FblYa3NLSTvdGujHtzAzJpM89YvAbXCg7Ywji8DliRtFCTKrD5tntrqdb0bLsr47At0gwzODcYTqF8tp6Pd4joVRmiyXVTSRTpgrbpQioXqIJtxg=s4800-w640,4.8,183,https://maps.google.com/?cid=8491212665035930796&g_mp=Cidnb29nbGUubWFwcy5wbGFjZXMudjEuUGxhY2VzLlNlYXJjaFRleHQQAhgEIAA,No,,2026-09-28
Kamloops,Greenfoot Energy Solutions,"2405 Trans-Canada Hwy, Kamloops, BC V2C 4A9, Canada",(778) 504-7059,info@greenfootenergy.ca,https://www.greenfootenergy.ca/locations/british-columbia/kamloops?utm_campaign=local&utm_medium=organic&utm_source=gmb&province=bc&location=kamloops,https://lh3.googleusercontent.com/grass-cs/ACvplmM0N_rKBXxuwxz2igUXWZv-PMpWtHpvJECZuoAmv1oeUtp1D3883VjSr6Ijp9Xab2a2Zn29cnn3D8zQhZvcLMo2Vq6uXfERjCnegEZtLef4J9YRAwRPK0_HjbrZneJHkekdpU9dgVMspWb8=s4800-w640,4.8,169,https://maps.google.com/?cid=1790137861302312101&g_mp=Cidnb29nbGUubWFwcy5wbGFjZXMudjEuUGxhY2VzLlNlYXJjaFRleHQQAhgEIAA,No,,2026-09-28
Kamloops,KamCity Mechanical Ltd.,"2706 Tranquille Rd, Kamloops, BC V2B 3P1, Canada",(250) 299-5900,info@kamcity.ca,http://www.kamcity.ca/,https://lh3.googleusercontent.com/grass-cs/ACvplmNW5fasHQuX6j8-wSVunP9c2uB_p5fhoV4bER4RrS1hEMMeK3A8EBcL641Byz_rwUBFfcekpC3DCEaIi8KyZ0S4BInJwj30Xzrmoy2ucrD2r-_Q3RlRl0W-9Dbn5qd5li5FCdf4JE-lfLqO=s4800-w640,4.8,136,https://maps.google.com/?cid=4379835367008842530&g_mp=Cidnb29nbGUubWFwcy5wbGFjZXMudjEuUGxhY2VzLlNlYXJjaFRleHQQAhgEIAA,No,,2026-09-28
Kamloops,HIGHMARK PLUMBING.COM,"1831 Ord Rd, Kamloops, BC V2B 7V5, Canada",(778) 765-5235,,https://highmarkplumbing.com/kamloops,https://lh3.googleusercontent.com/grass-cs/ACvplmOiKFuCsBMaBS7uM2SGWY1LZcfHl_wYTudIYynCt9uOHGypnb3xJN_I148BdG3mLXj0XWMgGXfny3F9P79d4-l5hT2wYOs0trBeX2wSkDdIJsYk6nGia_EGlu1voUUPLLaERHscV9rR-D4o=s4800-w640,4.8,128,https://maps.google.com/?cid=12914433454735057188&g_mp=Cidnb29nbGUubWFwcy5wbGFjZXMudjEuUGxhY2VzLlNlYXJjaFRleHQQAhgEIAA,No,,2026-09-28
Kamloops,Cal Geothermal Refrigeration and Heating Ltd,"1760 Copperhead Dr Unit 33, Kamloops, BC V1S 2B4, Canada",(778) 586-4169,calistus@calch.ca,https://calch.ca/,https://lh3.googleusercontent.com/grass-cs/ACvplmMv8s9rvAWVZ7ch5GwGyDl7s0At0eyI2NRvRj72C7altDMSXHbr6PIBsUwsqJN4rMQ9NpaYuqtoNSFzB5V7rQqn9RhzfBg_CDjHF8hk4pxF2tCVOmQsSffs6x6tUZGtnFnZFrw=s4800-w640,5,19,https://maps.google.com/?cid=7796452850778952150&g_mp=Cidnb29nbGUubWFwcy5wbGFjZXMudjEuUGxhY2VzLlNlYXJjaFRleHQQAhgEIAA,No,,2026-09-28
Kelowna,Airtika Heating and Cooling Ltd.,"550 Brighton Rd, Kelowna, BC V1X 5K5, Canada",(778) 821-2665,605a7baede844d278b89dc95ae0a9123@sentry-next.wixpress.com,http://www.airtika.com/,https://lh3.googleusercontent.com/grass-cs/ACvplmO4tQu4XS_JFYYxUFRw31UzfDXpSvpum2xi4Epb0tofZ_4nY6IRqjlCYSCN1921ZE5Vj3nqU5CDwy214kZQZNMzmzPfCIBoKVJLq1v8J63aCFMBu4t5F6-F9f3yMtx_LzMgxYel=s4800-w640,5,203,https://maps.google.com/?cid=38054717063207036&g_mp=Cidnb29nbGUubWFwcy5wbGFjZXMudjEuUGxhY2VzLlNlYXJjaFRleHQQAhgEIAA,Yes,,2026-09-28
Kelowna,Key West Mechanical,"1300 Gaggin Rd, Kelowna, BC V1X 4G1, Canada",(250) 300-3682,keywestmechanical@yahoo.com,http://keywestmechanical.ca/,https://lh3.googleusercontent.com/grass-cs/ACvplmMkJNMesPuEAZfZdJj36-4ujCkYbJN6T2NfKeNdVC3-E2oTQ8qqxHH4Ov6qiDJ50Jknj1iCrdpfJUDXaSN6yGIAO87TNI32YCKFDMPBmmYMHE9CGh9DMsTh_V6TM4YsrLpf3Yk_SCH1PpQ=s4800-w640,5,98,https://maps.google.com/?cid=9538346228121723022&g_mp=Cidnb29nbGUubWFwcy5wbGFjZXMudjEuUGxhY2VzLlNlYXJjaFRleHQQAhgEIAA,No,,2026-09-28
Kelowna,Air Temp Heating & Cooling Specialist,"2410 Mountains Hollow Ln, West Kelowna, BC V4T 3H5, Canada",(250) 707-0381,airtemphvac@gmail.com,http://www.airtemphvac.ca/,https://lh3.googleusercontent.com/grass-cs/ACvplmPK8WRoxpSFbvebelHKlWNTtGPSXdw-jalPibC6oY7f_HOtGydRSjDDOfS5n6AP-IghF1ghH1A9KTVZvB9-BxAw7JZoE9g9o0npVWve0hdq4mOBvunltb5BPAmI_DL2sLM72y40pw=s4800-w640,5,91,https://maps.google.com/?cid=10107559066726913892&g_mp=Cidnb29nbGUubWFwcy5wbGFjZXMudjEuUGxhY2VzLlNlYXJjaFRleHQQAhgEIAA,No,,2026-09-28
Kelowna,Bree-link plumbing and Heating,"485 Beaver Lake Rd, Kelowna, BC V4V 1S5, Canada",(250) 859-6778,chris@bree-linkplumbingandheating.ca,http://www.bree-linkplumbingandheating.ca/,https://lh3.googleusercontent.com/grass-cs/ACvplmPWHZq2T4JxNPM5gfaP0lnJxfLJz_0lbk3rw6buqDMdMOaVPI0wkk5hyolLTJQbXSsqvM1xcPbQpSjuTLCVEWA8Z1OiuzJnSUb7_2wI-fSuJK8DU3feOzdwQn13JlCxMp5wZekJQw=s4800-w640,4.9,1058,https://maps.google.com/?cid=1879632469394194262&g_mp=Cidnb29nbGUubWFwcy5wbGFjZXMudjEuUGxhY2VzLlNlYXJjaFRleHQQAhgEIAA,No,,2026-09-28
Kelowna,TruFinity Plumbing Heating & Cooling,"470 Neave Ct #104, Kelowna, BC V1V 2M2, Canada",(250) 800-3811,info@trufinity.ca,https://www.trufinity.ca/service-areas/kelowna?utm_source=google&utm_medium=organic&utm_campaign=gbp_kelowna&utm_content=kelowna,https://lh3.googleusercontent.com/grass-cs/ACvplmMR-xpzPYvfsdcJ14amtRD9P1Z419-tqjOHqWOPbke6ClH50WnBsybays-NB1CY7tH35BXVQviqQQRu1MVA0BrvYAkb6aMwSLVmDE5mrlWXthyQwFr2vx_3yAFpiLYmkUy2SNpn4aMqcyZn=s4800-w640,4.9,1015,https://maps.google.com/?cid=4701766594822825736&g_mp=Cidnb29nbGUubWFwcy5wbGFjZXMudjEuUGxhY2VzLlNlYXJjaFRleHQQAhgEIAA,No,,2026-09-28
Kelowna,"Reliance Wightman Mechanical Heating, Air Conditioning & Plumbing","3190 Sexsmith Rd #1A, Kelowna, BC V1X 7S6, Canada",(250) 762-3122,,https://reliancehomecomfort.com/kelowna/?utm_source=google&utm_medium=organic&utm_campaign=gmb-kelowna,https://lh3.googleusercontent.com/grass-cs/ACvplmM-hgph4cYKZflKBLWoyEnQzyAWwAET9Md9HdpHZwl5imoaDoWFwXUE-rxEmDzupYfNXLainV1QLsqGuvuGY_vyh3CwJ6QX5YG8KT6sOnvlfgKddtbBybcV2h8a6UQrk7NFikR5LQ=s4800-w640,4.9,712,https://maps.google.com/?cid=5576606514049086425&g_mp=Cidnb29nbGUubWFwcy5wbGFjZXMudjEuUGxhY2VzLlNlYXJjaFRleHQQAhgEIAA,No,,2026-09-28
Kelowna,Vision Plumbing Heating Cooling,"2600 Acland Rd Unit 8, Kelowna, BC V1X 7J3, Canada",(778) 760-2926,info@visionplumbingandheating.com,https://visionplumbingandheating.com/?utm_campaign=gmb&utm_medium=organic&utm_source=gmb_listing,https://lh3.googleusercontent.com/grass-cs/ACvplmMelAKwZfrjHhGHGxiOhomXr-CvpJYdqO_pfbWXQT8diRGtCSr9t3LSr3hYMahdKi7F1OKH87FIXaTN_SX2GKKkA_JylfBl2O-ysEx-WReE-FYuvnmt63EzH00oJns-QDxQXwEQiLGz5pI=s4800-w640,4.9,703,https://maps.google.com/?cid=1392478681936053797&g_mp=Cidnb29nbGUubWFwcy5wbGFjZXMudjEuUGxhY2VzLlNlYXJjaFRleHQQAhgEIAA,No,,2026-09-28
Kelowna,Phillips Plumbing Heating and Air Conditioning,"3025 Saturn Rd, West Kelowna, BC V1Z 1S8, Canada",(250) 869-6390,info@phillipsplumbingandheating.ca,http://www.phillipsplumbingandheating.ca/?utm_source=infotel,https://lh3.googleusercontent.com/grass-cs/ACvplmMlpNwTH790B5aLAe88WNpRZho7sy_v3vQpuYw-LY2M125ybyf0kXE2XD4ytRLhLB9v5L3sXiF2oA9Az6vju4YAqQFcN147KNAqaoyFd6gAN0yd3OScXKWr5qJ_qyE2gzWLBndt=s4800-w640,4.9,457,https://maps.google.com/?cid=7619393622108382968&g_mp=Cidnb29nbGUubWFwcy5wbGFjZXMudjEuUGxhY2VzLlNlYXJjaFRleHQQAhgEIAA,No,,2026-09-28
Kelowna,TruFinity Plumbing Heating & Cooling,"615 Keefe Rd, West Kelowna, BC V1Z 1C6, Canada",(778) 721-8344,info@trufinity.ca,https://www.trufinity.ca/service-areas/west-kelowna?utm_source=google&utm_medium=organic&utm_campaign=gbp_west-kelowna&utm_content=west-kelowna,https://lh3.googleusercontent.com/grass-cs/ACvplmO7oZ8VvinC43gRs-1FZKqIshuEgrH4YB-tvDCIwMObveUaRETUmbP3RS-2CAa1hnUwZdA3AyUj5hVeP0nity5hAd-4jsDRn9IUBPNgz6ozi4cqKA3RzK3G3jZH-CIut4uXRXc5o7-FkDfB=s4800-w640,4.9,358,https://maps.google.com/?cid=17165347837021120756&g_mp=Cidnb29nbGUubWFwcy5wbGFjZXMudjEuUGxhY2VzLlNlYXJjaFRleHQQAhgEIAA,No,,2026-09-28
Kelowna,"Air Tech Plumbing, Heating, Cooling & Electrical","2411 Drought Rd #2, West Kelowna, BC V4T 1P6, Canada",(250) 542-7255,,https://www.airtechmechanical.ca/,https://lh3.googleusercontent.com/grass-cs/ACvplmNatRwruMaZLh5F9hhPtbuo1JGFDDy13DLAKKfS2Va67ChPcnQ_-yhpSeLiuCVG7zEW2JZgxG8a5lp5bLQg-DgPjN5xyvV_bP4qEUk6jTkusG3P3K1g06dcPVuu0r6G41j4AFIxCQ=s4800-w640,5,72,https://maps.google.com/?cid=13156614495410781598&g_mp=Cidnb29nbGUubWFwcy5wbGFjZXMudjEuUGxhY2VzLlNlYXJjaFRleHQQAhgEIAA,No,,2026-09-28
Kelowna,Adlem Mechanical,"397 Clifton Rd, Kelowna, BC V1V 1C9, Canada",(250) 763-3491,adlemmechanical@gmail.com,http://adlemmechanical.com/,https://lh3.googleusercontent.com/grass-cs/ACvplmPLvTtdeMUM0e0eUAS1gbc0K_cC8XjzCsY9E68Bijd_AvGmxhPYqWmBr4vkOsX7DFyVfnkact5mzp_VIIhDVisKr1qT3Aj2rjGNyOY9Ti8RhBIry-evypS8Abrtr2x-ltbcEmPUtg_sg2Ye=s4800-w640,4.9,265,https://maps.google.com/?cid=17631224479632961594&g_mp=Cidnb29nbGUubWFwcy5wbGFjZXMudjEuUGxhY2VzLlNlYXJjaFRleHQQAhgEIAA,No,,2026-09-28
Kelowna,Anderson Plumbing and Gas Fitting,"160 Clifton Rd N, Kelowna, BC V1V 1A2, Canada",(250) 859-3548,info@andersonplumbingandgas.com,http://andersonplumbingandgas.com/,https://lh3.googleusercontent.com/grass-cs/ACvplmOR-qG_OpOQUyv6QeD-Z8cI0dGw-5IxNH-3pREOZbKZ4ZdMZAizQA9E97d8R-kLWFKnRWd2ORkwCX7g3MaQ255-uTRxRrdzd8DHFm4ipUeRS3pqgjfj2KVT-9NdMbvXBPOmvFawwMwGRICO=s4800-w640,5,56,https://maps.google.com/?cid=7209639561142639071&g_mp=Cidnb29nbGUubWFwcy5wbGFjZXMudjEuUGxhY2VzLlNlYXJjaFRleHQQAhgEIAA,No,,2026-09-28
Langley,"Willowbrook Plumbing, Heating & Hot Water Tank Installation Langley","20088 36a Ave, Langley, BC V3A 2S1, Canada",(604) 514-9967,info@willowbrookplumbing.ca,https://willowbrookplumbing.ca/?utm_source=google&utm_medium=organic&utm_campaign=gmbwebsite%5Blangley%5D,https://lh3.googleusercontent.com/grass-cs/ACvplmP_GClP1pBFY64l9BYAJrlDyefYztBNXzvCYwL-0TpiOkwjkMOQfBffxXRzip_bJw8khGgQRpG0Fj_KFJDMVe6DwYZsQ7LSND9B53GjX7SKh2ZOev06u7n7CvKshlmSASSfA4k=s4800-w640,5,593,https://maps.google.com/?cid=9615314851937605049&g_mp=Cidnb29nbGUubWFwcy5wbGFjZXMudjEuUGxhY2VzLlNlYXJjaFRleHQQAhgEIAA,Yes,,2026-09-28
Langley,Freestyle Plumbing and Heating Ltd.,"19948 Willoughby Way, Langley, BC V2Y 1G2, Canada",(604) 644-3971,freestyleplumbing@yahoo.com,https://www.freestyleplumbing.ca/,https://lh3.googleusercontent.com/grass-cs/ACvplmN92twcEelJVpRr5vGdmacPE-_QBdVEW4iJFgX3wdycB6Kg69JszbyAymVVGvCc6vNasDEvrUuohzGu5FtNAqkIMphsmlHXC8YwBRoKprYaK6-lT60Tw9QhDsbrYIR32m0beRG6OA=s4800-w640,5,117,https://maps.google.com/?cid=7062877854293720966&g_mp=Cidnb29nbGUubWFwcy5wbGFjZXMudjEuUGxhY2VzLlNlYXJjaFRleHQQAhgEIAA,No,,2026-09-28
Langley,Cloudy Town Heating & Cooling,"21233 95a Ave, Langley Twp, BC V1M 1P2, Canada",(778) 242-3202,info@cloudytown.ca,http://www.cloudytown.ca/,https://lh3.googleusercontent.com/grass-cs/ACvplmMAl5LyAGnocKktWKLGxt_THCtyqErVSePtl35bup23qFAfhkDjznJBMrGc_Zw_gaMkOFvSPLpxKgMjgHDOQzudGY9g4z89jrZs-P0Cms2M1QvsVdeRTe_aG1FcbApz6MGCK2fnSnz4IDrX=s4800-w640,5,90,https://maps.google.com/?cid=14506282491984883210&g_mp=Cidnb29nbGUubWFwcy5wbGFjZXMudjEuUGxhY2VzLlNlYXJjaFRleHQQAhgEIAA,No,,2026-09-28
Langley,Nation Furnace Heating & Air Conditioning HVAC Ltd.,"20627 Fraser Hwy, Langley, BC V3A 4G4, Canada",(604) 332-8599,info@nationheating.ca,https://nationheating.ca/langley,https://lh3.googleusercontent.com/grass-cs/AABkmLe9DHB00lljhW7O13xM66qmWWBXwXxFXLl5xlzQA0ETL2XiATzmr6Ph0WaESh00XclYsOtccU3LdFZlx4q-cvMkhcgpAxY2gok2Fuaz1p1gFWQpWpM2YoH0iM2W25OU-7FUrpw9QDzJSd7x=s4800-w640,5,86,https://maps.google.com/?cid=16858172871204361597&g_mp=Cidnb29nbGUubWFwcy5wbGFjZXMudjEuUGxhY2VzLlNlYXJjaFRleHQQAhgEIAA,No,,2026-09-28
Langley,South Fraser Heating & Cooling Ltd,"19835 56 Ave Unit 101, Langley, BC V3A 3Y1, Canada",(604) 536-6676,chris@southfraserheating.com,http://southfraserheating.com/,https://lh3.googleusercontent.com/grass-cs/ACvplmNJKB5R2X34zNCuFXnZm4fVSmbx-_FVy9YRu0zkVsRtFNu1e7Wt8n6P3Jl1nOIjKFxlXv695WWepu1wGeqwVl7ivjKZj4k2RjXxxyHoNK5UPXf4azG35k5zEF8yyVfi_Xn5aP7JzmLgX2T4=s4800-w640,4.9,460,https://maps.google.com/?cid=9380720626956485997&g_mp=Cidnb29nbGUubWFwcy5wbGFjZXMudjEuUGxhY2VzLlNlYXJjaFRleHQQAhgEIAA,No,,2026-09-28
Langley,"Yorkson Plumbing, Heating & Cooling LTD","8258 207A St. #162, Langley Twp, BC V2Y 0N4, Canada",(604) 366-4727,info@yorksonplumbing.ca,http://yorksonplumbing.ca/,https://lh3.googleusercontent.com/grass-cs/ACvplmOdq0LoW29pbLwgAgrs95P-NXdIDVvcj2XDW0OnWDiMZQlDpSRXsMXCBWvSGtf5qndvh6us40ysYhHa8fBb-h0Hglwys1TRK8Y2FmOnG2T8JApOmX9lpwd97DyPv2acETVxbMK6qLbItZo=s4800-w640,4.9,197,https://maps.google.com/?cid=10136556390911287124&g_mp=Cidnb29nbGUubWFwcy5wbGFjZXMudjEuUGxhY2VzLlNlYXJjaFRleHQQAhgEIAA,No,,2026-09-28
Langley,Air West Mechanical (AWM) - Langley,"19748 86 Ave Unit 110, Langley Twp, BC V2Y 1Z5, Canada",(833) 655-1288,admin@airwestmechanical.ca,https://www.awm.ca/,https://lh3.googleusercontent.com/grass-cs/ACvplmMY8EyEP9Ys6zHas2AUrECBqkVlPXjJaRJHFXjtrgbRYJnXve4VBOvx-z_VOz5EYqDrq0Ibm-WXCrifAWn0CBtv3ric1SPb6MD7SF87FVeCLfFUaTc-DFMRRwTyuJ5NjdFO5vkE=s4800-w640,4.9,153,https://maps.google.com/?cid=16760251792142779559&g_mp=Cidnb29nbGUubWFwcy5wbGFjZXMudjEuUGxhY2VzLlNlYXJjaFRleHQQAhgEIAA,No,,2026-09-28
Langley,Pacific Blue Mechanical & Plumbing,"20627 Fraser Hwy, Langley, BC V3A 4G4, Canada",(778) 955-9999,info@pacificbluemechanical.ca,https://pacificbluemechanical.ca/langley/,https://lh3.googleusercontent.com/grass-cs/ACvplmOAGiN9WzyhxVO0YKjnU9v4nKGeJn1uqQb0NY88bXXAX722paTSKVHdyZVh-F69fGVZQ2uwp5Gf95OXC7-Dd0G5fR5xXkkpWPW--_jNGrH9lW1zc7v3rUKPC7Kqub8SXr3wNAc5Kbq6MVVB=s4800-w640,5,45,https://maps.google.com/?cid=13052480253752076514&g_mp=Cidnb29nbGUubWFwcy5wbGFjZXMudjEuUGxhY2VzLlNlYXJjaFRleHQQAhgEIAA,No,,2026-09-28
Langley,Combined Comfort Systems,"8661 201 Street, Langley Twp, BC V3S 6J8, Canada",(604) 514-1132,info@combinedcomfortsystems.com,https://www.vancouverheatpumps.ca/,https://lh3.googleusercontent.com/grass-cs/ACvplmMtJGFeVss8uFjX6Vdfpq8pGBzMNFJl3te1EwJQVh3a5kX5Wtijv6my3gtyfd02OBgrtdxaI0RH6eMpOW3IvOJuFOaS_EI6DVEXSUwpLetkS6Y4p5gbI9IdCNJ4Z8u239gjcIwwcw=s4800-w640,5,44,https://maps.google.com/?cid=1526764266114194620&g_mp=Cidnb29nbGUubWFwcy5wbGFjZXMudjEuUGxhY2VzLlNlYXJjaFRleHQQAhgEIAA,No,,2026-09-28
Langley,Langley Home Plumbing & Heating,"20821 Fraser Hwy #47, Langley, BC V3A 0B6, Canada",(604) 868-6843,info@langleyhomeplumbing.ca,https://langleyhomeplumbing.ca/,https://lh3.googleusercontent.com/grass-cs/ACvplmMeFrCN5dzokRKnRxH4Qt80_Y9xSeaHFjkobVGkJNBSJHe-nwLQat7TV3yqUtQzv-AM7neph2TLxp-313kKz-in-eqUwBLVLpBI5kSrWpYcK_cF47KDTeewCVAwcT1WObjai40M=s4800-w640,4.9,89,https://maps.google.com/?cid=12031648614400234335&g_mp=Cidnb29nbGUubWFwcy5wbGFjZXMudjEuUGxhY2VzLlNlYXJjaFRleHQQAhgEIAA,No,,2026-09-28
Langley,Gandy Installations,"20363 62 Ave, Langley Twp, BC V3A 5E6, Canada",(604) 534-5555,,http://www.gandyinstallations.net/,https://lh3.googleusercontent.com/grass-cs/ACvplmMtCUcz-Gu-xl8LlFTxomKYb_22xJqG7cIaqr9pF6qtqCi2ZgUUwWV7mjlazxP-NJfF7uRLDaIUhdTlkDuwFgH9Se3OW45PsMLh_gCAC_YzLWkJjf6IqQjTtWjzIbZk2kUiLrlHDRkriBzF=s4800-w640,4.8,3022,https://maps.google.com/?cid=10301739741509342490&g_mp=Cidnb29nbGUubWFwcy5wbGFjZXMudjEuUGxhY2VzLlNlYXJjaFRleHQQAhgEIAA,No,,2026-09-28
Langley,Boone’s HVAC & Mechanical,"9493 206b St, Langley Twp, BC V1M 1H9, Canada",(778) 900-8889,info@booneshvac.ca,https://www.booneshvac.ca/,https://lh3.googleusercontent.com/grass-cs/ACvplmMokq51tWwCzU7JO38wJL7-v1OPogc8OErLxOxflZ7mWm5bwV3TWXFaBCdVSto3sfuRsZT1g7C8MHMjDamhgJXIBI6h4ReYa3Mt-bdlsO_8FbrXS8CDsx5HjNkeNHir-hCtB1KYiBcVFGs=s4800-w640,5,19,https://maps.google.com/?cid=13869685532627587016&g_mp=Cidnb29nbGUubWFwcy5wbGFjZXMudjEuUGxhY2VzLlNlYXJjaFRleHQQAhgEIAA,No,,2026-09-28
Maple Ridge,Heritage Mountain Heating and Cooling Inc.,"13210 Shoesmith Crescent #5, Maple Ridge, BC V4R 0C1, Canada",(604) 968-0029,,http://heritagemountainhc.ca/,https://lh3.googleusercontent.com/grass-cs/ACvplmOnDBpAvu0Yg2ZaBdcD9hwbiwHTZ-n7x6PjCJW6KwJcqcBDfn7_z9z0wDaa1TedJSG-syw-tZUse016E4Ouel7Pwqqm4xbbbHEpqX_ckNkKOY-MqG5YSrr4tVD__xwf52nVxywUntKVilpA=s4800-w640,5,677,https://maps.google.com/?cid=13210558074868758836&g_mp=Cidnb29nbGUubWFwcy5wbGFjZXMudjEuUGxhY2VzLlNlYXJjaFRleHQQAhgEIAA,Yes,,2026-09-28
Maple Ridge,Ryan Heating & Air Conditioning,"21433 Cherry Pl, Maple Ridge, BC V2X 4L5, Canada",(778) 228-5330,,https://www.heatingbyryan.ca/?utm_source=gbp&utm_medium=organic&utm_campaign=gbp-listing,https://lh3.googleusercontent.com/grass-cs/ACvplmOu31hYjULPtBTqIlVDQtTBHlkWkzLxwtJHxJW8r7K9R57drJahVCdG4r-4116rmFa9V-eGldhRY6LSoM4zQ8NE1d-WqBt2ynGwRaxiC61qPlp0iqC6ESd0cQBMda9ZtGuaZodh=s4800-w640,5,128,https://maps.google.com/?cid=7561619300704265867&g_mp=Cidnb29nbGUubWFwcy5wbGFjZXMudjEuUGxhY2VzLlNlYXJjaFRleHQQAhgEIAA,No,,2026-09-28
Maple Ridge,Eaton's Furnace Heating & Air Conditioning HVAC,"22420 Dewdney Trunk Rd #300, Maple Ridge, BC V2X 3J5, Canada",(604) 243-6269,info@eatonshomecare.com,https://www.eatonshomecare.com/location/maple-ridge-hvac-services,https://lh3.googleusercontent.com/grass-cs/ACvplmPoeYCqiaFS4I_fxXEOAK5MFopWig95QkjCe7FSpItfYjWRmJoWzdxc3ZaPVRAIaPmEvvwwpZwqGxVzJNeQIymyFkIfJ6lSajlv-q1DYdda8zbpI8NdLHfJbuSSQOBD0agbJ23_CA=s4800-w640,5,77,https://maps.google.com/?cid=3619065699871781779&g_mp=Cidnb29nbGUubWFwcy5wbGFjZXMudjEuUGxhY2VzLlNlYXJjaFRleHQQAhgEIAA,No,,2026-09-28
Maple Ridge,Coleman Heating & Air Conditioning,"20285 Stewart Crescent #204, Maple Ridge, BC V2W 0A3, Canada",(604) 466-5895,info@colemanheating.ca,http://colemanheating.ca/,https://lh3.googleusercontent.com/grass-cs/ACvplmOPJSSkspvK5TotgNPO_OZoXdvF5jTuUV5di5l9QN3cEE_2UForW7zLrbHxB-kKWQsDNYAPkbJh14U54jnpNzcq987XNVBh7A5_vsgXFGcgsF4pGvXUsfvZvuHlLWxG_4B5n9SBfA=s4800-w640,4.9,385,https://maps.google.com/?cid=17564745256069512490&g_mp=Cidnb29nbGUubWFwcy5wbGFjZXMudjEuUGxhY2VzLlNlYXJjaFRleHQQAhgEIAA,No,,2026-09-28
Maple Ridge,Hauzer Plumbing & Heating Ltd.,"248 St, Maple Ridge, BC V4R 1K8, Canada",(778) 839-2203,,http://hauzerplumbing.com/,https://lh3.googleusercontent.com/grass-cs/ACvplmM0DbtziVHzZBl0OXeEfDwCh123Tp1gmmOM-PXz6ZShEANFtBzeSPHMPxHh_kAsKE1xF7Qc3p_aP3NiJ_yf0-Ej_ToqJI0L4w2VvOsoDwetx99TTAXkqsEqiMD4jY8cDj9z-PX5_DJPeMw=s4800-w640,4.9,156,https://maps.google.com/?cid=58089642778670415&g_mp=Cidnb29nbGUubWFwcy5wbGFjZXMudjEuUGxhY2VzLlNlYXJjaFRleHQQAhgEIAA,No,,2026-09-28
Maple Ridge,Meadow Ridge Custom Heating,"9770 280 St, Maple Ridge, BC V2W 1L3, Canada",(604) 463-0652,,http://www.meadowridgecustomheating.com/,https://lh3.googleusercontent.com/grass-cs/ACvplmMmwCxDBcJQWXnzW3NnhhJw9ufCZfgV_BNjVU0uisPQlA6BTOrvRBiuX6fOaGAJIsPeOP7BnOUt4YkxANbYkHKMMjvQB2yHSYnniMXi0aF1digWuBy6rT3q4EJ9Hf4AxXkYlPY0UzBLbAuJ=s4800-w640,4.9,80,https://maps.google.com/?cid=5281273324323542821&g_mp=Cidnb29nbGUubWFwcy5wbGFjZXMudjEuUGxhY2VzLlNlYXJjaFRleHQQAhgEIAA,No,,2026-09-28
Maple Ridge,111 Heating Services,"23102 123b Ave, Maple Ridge, BC V2X 9Z8, Canada",(604) 262-9909,info@tripleoneheating.ca,https://tripleoneheating.ca/,https://lh3.googleusercontent.com/grass-cs/ACvplmNfZY0zeM7vSefZ35ibq8A7knZgniGa-D0xv8KIcd69F9Myai1sJkhhUVJtq6AGVBPbvkUsq3bv8qjDqYObvbKJ2KqF3YOmmNnq8K_nsl_Lz3RwuAsZ7IHCx-2x5IwpljVFe6FQag=s4800-w640,4.9,79,https://maps.google.com/?cid=4908972436843969907&g_mp=Cidnb29nbGUubWFwcy5wbGFjZXMudjEuUGxhY2VzLlNlYXJjaFRleHQQAhgEIAA,No,,2026-09-28
Maple Ridge,Tek Climate Heating and Air Conditioning,"20121 115a Ave Unit 7, Maple Ridge, BC V2X 0Z3, Canada",(778) 763-5566,info@tekclimate.ca,https://tekclimate.ca/?utm_campaign=gmb,https://lh3.googleusercontent.com/grass-cs/ACvplmPGIn2HWWLlVzjWqW54TD2dXKygz3dWJeJ4fsTKfbcngn_DrIarz8ZVWnYG7Qtk23Lg0Gn21b0pcAgqXH7SSmpuLWwrunwKLYvuL7iC4uRMQTswQOEQdAt_93IiKH5yUhh25OW0=s4800-w595,4.8,460,https://maps.google.com/?cid=15753397252789887118&g_mp=Cidnb29nbGUubWFwcy5wbGFjZXMudjEuUGxhY2VzLlNlYXJjaFRleHQQAhgEIAA,No,,2026-09-28
Maple Ridge,Multitech Mechanical,"12172 220 St, Maple Ridge, BC V2X 5R5, Canada",(604) 781-7427,marcuscaunt@gmail.com,http://multitechmechanical.com/,https://lh3.googleusercontent.com/grass-cs/ACvplmMrbuAfUtgoWZ3pu25ggSazxjItJhwaNIfcaRc8SK7NI3aGvm5HEwwb7rchjxVvlyni9sQgv_TyYvKvVKlK-a3alAhxGoIOXjfC4NMHPtC4zlcWsJYfFX0-sLU8BTYlwKdSGbYBww=s4800-w640,5,33,https://maps.google.com/?cid=5634966740440339196&g_mp=Cidnb29nbGUubWFwcy5wbGFjZXMudjEuUGxhY2VzLlNlYXJjaFRleHQQAhgEIAA,No,,2026-09-28
Maple Ridge,Mountain Ridge Heating and Gas,"12960 Lilley Dr, Maple Ridge, BC V2W 0G6, Canada",(604) 808-8311,sales@mountainridgeheating.com,http://www.mountainridgeheating.com/,https://lh3.googleusercontent.com/grass-cs/ACvplmN0ehZkIR-Jm9An3CbH2zufTbYjmXNbG9xN8BO3RVMsnoeI4hEPVrZM67Rk5by_0jzTZYF4VrFnputI1NUSLX275H5FX3n1aBGqJ6IWKcdBBBLtunwimJ9sy2M1O9Eux77zwDAPwr1n-Wc=s4800-w640,4.9,61,https://maps.google.com/?cid=9663447912973663665&g_mp=Cidnb29nbGUubWFwcy5wbGFjZXMudjEuUGxhY2VzLlNlYXJjaFRleHQQAhgEIAA,No,,2026-09-28
Maple Ridge,FlameCo Heating Services,"22358 Dewdney Trunk Rd, Maple Ridge, BC V2X 3J2, Canada",(604) 833-1333,info@flameco.ca,https://flameco.ca/?utm_campaign=gmb,https://lh3.googleusercontent.com/grass-cs/ACvplmMglo-brzMawqV3JwBbFZ49nnm9dXJFmNqdYSP48YU-bkoFzp8bpeI6Oi6YjkTxPchvtTK0u3PMxz_n2Tblho0QrZfzyJKlWrzI2l4CzCullcNOccYJiIITyL6Y0s00nDxHs6mg=s4800-w640,4.8,193,https://maps.google.com/?cid=11412961340874398760&g_mp=Cidnb29nbGUubWFwcy5wbGFjZXMudjEuUGxhY2VzLlNlYXJjaFRleHQQAhgEIAA,No,,2026-09-28
Maple Ridge,Big Valley Heating & Sheet Metal Ltd.,"11868 216 St, Maple Ridge, BC V2X 5H8, Canada",(604) 467-6474,sales@bigvalleyheating.ca,https://www.bigvalleyheating.ca/?utm_source=google&utm_medium=organic&utm_campaign=gbp,https://lh3.googleusercontent.com/grass-cs/ACvplmMRjVWIIyGZchEaco9AerJLUc-FXV8sd6I-OIG8kNVQRVwKj-_Zoz8spy4p2xnaWyJdgPFsxrPc_qepwffY8KwD34sJBNJNbED3UFAtW8Fw1FPBQjGIKOZOmy4baV54nfTKLdK3I7orGqo=s4800-w480,4.7,165,https://maps.google.com/?cid=10936891269144696667&g_mp=Cidnb29nbGUubWFwcy5wbGFjZXMudjEuUGxhY2VzLlNlYXJjaFRleHQQAhgEIAA,No,,2026-09-28
Nanaimo,Coastal Energy Ltd,"1814 Fremont Rd A, Nanaimo, BC V9S 3H4, Canada",(250) 585-5393,,http://www.coastalenergy.ca/,https://lh3.googleusercontent.com/grass-cs/ACvplmMYr18lo83jl2dTeaPASS7G981QKjsa_4ibIUuqUyNdXWxKwm74rJqWd_6hCvwvIKGBKEk3_TVwvjXdjV0xoUdl-zLkIX5eckF-CiRn6CKZ7xhwNV66Bh2NzdYVPadewHDJsrfjd5xALFBC=s4800-w333,5,775,https://maps.google.com/?cid=17200848807175243723&g_mp=Cidnb29nbGUubWFwcy5wbGFjZXMudjEuUGxhY2VzLlNlYXJjaFRleHQQAhgEIAA,Yes,,2026-09-28
Nanaimo,Sparrow Mechanical Services Ltd.,"1985 Boxwood Rd #101, Nanaimo, BC V9S 5X9, Canada",(250) 734-4994,sparrowmechanicalservices@gmail.com,http://sparrowmechanicalservices.ca/?utm_source=gmb&utm_medium=referral,https://lh3.googleusercontent.com/grass-cs/ACvplmOlHEFSlMlUw-gksra3TbXqDSxEIL4neo1C5Yk15ynr4SRl1Ekz2N8naSsA8B_I81v20oRC8IUwewebcMV-822KD80HuLFldIYG7JRoMuV6gRK_CYNqSQxhOMlEcSy5O2BHfZ8ZtpfbTWho=s4800-w601,5,251,https://maps.google.com/?cid=8477098689890953398&g_mp=Cidnb29nbGUubWFwcy5wbGFjZXMudjEuUGxhY2VzLlNlYXJjaFRleHQQAhgEIAA,No,,2026-09-28
Nanaimo,"Norm's Plumbing, Heating & Air Conditioning","1940 Boxwood Rd, Nanaimo, BC V9S 5Y2, Canada",(250) 753-3641,info@normsmobile.ca,http://www.normsmobile.ca/,https://lh3.googleusercontent.com/grass-cs/ACvplmOFnIYNlrkOf-t5f_n6Sb0wxCPWqT4hwE1BtmagHXUQeXmDy7Hhn3FTPFOUZSRjTLNf7zOfxkcIx2N8VjOSozKfBefSbmw2sGpZjjewZlbLWP49VflsfdImZGjNTy_IFMpBt3EYjgE5-04P=s4800-w640,4.9,3431,https://maps.google.com/?cid=14723146532242843601&g_mp=Cidnb29nbGUubWFwcy5wbGFjZXMudjEuUGxhY2VzLlNlYXJjaFRleHQQAhgEIAA,No,,2026-09-28
Nanaimo,"ServiceXCEL Heating, Cooling & Plumbing","3172 Barons Rd, Nanaimo, BC V9T 4B5, Canada",(250) 760-0898,,http://www.servicexcel.ca/,https://lh3.googleusercontent.com/grass-cs/ACvplmPYlQnGRY-_Se1avDbsniRiQHnSjzatzzKlHTPD32Lm0txEzqOU5ytGAUMQySG-JoCscm2OjJUEwlk44hGTmNLTDv4MkHtPUpmBu-EeCEbRpQZXmbba9tpHcugGqSdOzeEaBfk=s4800-w640,4.9,730,https://maps.google.com/?cid=12246651255052871961&g_mp=Cidnb29nbGUubWFwcy5wbGFjZXMudjEuUGxhY2VzLlNlYXJjaFRleHQQAhgEIAA,No,,2026-09-28
Nanaimo,DRG Plumbing & Heating Ltd.,"Richardson Rd, Nanaimo, BC V9X 1C1, Canada",(250) 797-6746,,https://www.drgplumbing.ca/,https://lh3.googleusercontent.com/grass-cs/ACvplmOiJh6sq8LhTkjncuTrRqJERwGpMXMLURy9TSLXWyzfrNjxd29TR03cpsWL5GGWfB_uk8nC4QqeGCq_CsmgNC6WpzMKviKZgIfsGZog5vca8WIcsKBYsD5dteSwkDnx6FhuRcKCqg=s4800-w640,5,78,https://maps.google.com/?cid=10394301483174175509&g_mp=Cidnb29nbGUubWFwcy5wbGFjZXMudjEuUGxhY2VzLlNlYXJjaFRleHQQAhgEIAA,No,,2026-09-28
Nanaimo,"Twin Peaks Plumbing, Heating & Air","4131 Mostar Rd #1, Nanaimo, BC V9T 6A6, Canada",(250) 618-0305,twinpeaksplumbing.scott@gmail.com,https://www.twinpeaksplumbing.ca/?utm_source=google&utm_medium=organic&utm_campaign=GMBListing-Nanaimo-BC,https://lh3.googleusercontent.com/grass-cs/ACvplmP6zP0gnoXxccFIvRWZRpljfKfszl4t5lt7d_4-sWFWcvcTHZfpxF0CFrMJAPQushEqsVOA0V-v6M-V67zJkEfy1Mm5IkPL3GkGvBHfjB8rmIZYbfUT89iWqKX9ejtsDiAWURA=s4800-w640,4.9,390,https://maps.google.com/?cid=6953034885185294383&g_mp=Cidnb29nbGUubWFwcy5wbGFjZXMudjEuUGxhY2VzLlNlYXJjaFRleHQQAhgEIAA,No,,2026-09-28
Nanaimo,Bryans Mechanical Ltd,"2122 Northfield Rd, Nanaimo, BC V9S 3B9, Canada",(250) 758-0738,bryansmechanical@gmail.com,http://www.bryansmechanical.com/,https://lh3.googleusercontent.com/grass-cs/AABkmLcnKIxryl3DwGaOzObwQGjB25_iV3EOejHvATIpqKLRSMT3WPOd_NgR0Wk_Y-0x9Nkp-UeBiVYER7mIzdxSkr7bpSNTEbkKCHUUNa3mTfk68SJWFEJkaSm7DRjlN7qbqMbvP10T=s4800-w640,4.9,248,https://maps.google.com/?cid=14150494481414761328&g_mp=Cidnb29nbGUubWFwcy5wbGFjZXMudjEuUGxhY2VzLlNlYXJjaFRleHQQAhgEIAA,No,,2026-09-28
Nanaimo,Waywest Mechanical Ltd - 24 Hour service Nanaimo,"4434 Wellington Rd, Nanaimo, BC V9T 2H3, Canada",(250) 729-2394,info@waywestmechanical.com,https://waywestmechanical.com/,https://lh3.googleusercontent.com/grass-cs/ACvplmNg0qXns9DrquwqsJ1miBy9Lnr0Jc_5x9dxJWtX2Mv-ReqAhtCs4KZqa6x8nu1FmLG1yWc9vZVnHNS9Hd3R0M31yUGgolzvnkoFEk5cp1JFTw0oiC2HcKMWbWs5dv5AQbc9dejJXDBNb0D2=s4800-w640,4.9,114,https://maps.google.com/?cid=2473923352298857867&g_mp=Cidnb29nbGUubWFwcy5wbGFjZXMudjEuUGxhY2VzLlNlYXJjaFRleHQQAhgEIAA,No,,2026-09-28
Nanaimo,Sasquatch Heat Pumps,"755 Terminal Ave N, Nanaimo, BC V9S 4K1, Canada",(236) 917-2037,,https://sasquatchheatpumps.com/mid-island/?utm_source=google&utm_medium=organic&utm_campaign=gmb-profile-nanaimo,https://lh3.googleusercontent.com/grass-cs/ACvplmNrVys-SV_iaja0ZO9ksKacvaZZML05N_8vfnSPv-0PxDXrO5wbfK01Lsr5RRx4YodRyhOHlNsSIAZx2Pdzj8bEwfM9Gqta1CaAm7CfPpxf2Ubipd-KSKvrQtXA83A5-LS4kqDUULcBEF4=s4800-w640,5,47,https://maps.google.com/?cid=11982911720022469035&g_mp=Cidnb29nbGUubWFwcy5wbGFjZXMudjEuUGxhY2VzLlNlYXJjaFRleHQQAhgEIAA,No,,2026-09-28
Nanaimo,Horizon Mechanical Services LTD,"431 Silver Mountain Dr, Nanaimo, BC V9R 0J5, Canada",(250) 619-8453,carson.horizonplumbing@gmail.com,https://www.horizonmechanicalservices.ca/,https://lh3.googleusercontent.com/grass-cs/ACvplmMG2hNVnfZ2QDEF0jdEZt3faQqzy5iPXQZJ6qMCOQY7zQ-555M0OqdDhuSlOFAifGKBPPLWClCy-L8dhbgnHAsQayznEBZkSkB4zdYOfpIDEB-lo7T803_-rPDd1MsCsmI5UZcTORaevLw=s4800-w640,5,47,https://maps.google.com/?cid=5412136929671046950&g_mp=Cidnb29nbGUubWFwcy5wbGFjZXMudjEuUGxhY2VzLlNlYXJjaFRleHQQAhgEIAA,No,,2026-09-28
Nanaimo,Pro Temp Control,"1833 Dean Rd, Nanaimo, BC V9X 1B8, Canada",(250) 802-1221,james@protempcontrol.ca,http://www.protempcontrol.ca/,https://lh3.googleusercontent.com/grass-cs/ACvplmOUoWn0JuclHlWL4LNrKgtvn2LGf87l705cytPIrXrgS8B5h26KbYlZ6JJhhQv6boL_Y-4Qz-9UqN90q1XgX-y5kuntlQyDbXkF4dMj35X66bqjmcszcjKtNvwYlyad91cB_-WfPA=s4800-w640,4.9,81,https://maps.google.com/?cid=7967775630168951804&g_mp=Cidnb29nbGUubWFwcy5wbGFjZXMudjEuUGxhY2VzLlNlYXJjaFRleHQQAhgEIAA,No,,2026-09-28
Nanaimo,The Comfort Group Heating Co,"4385 Boban Dr Unit A, Nanaimo, BC V9T 5V9, Canada",(778) 744-0801,,https://www.comfortgroup.ca/?utm_source=google&utm_medium=gmb&utm_campaign=ComfortGroup-gmb&se_campaign=ComfortGroup%20-%20GMB,https://lh3.googleusercontent.com/grass-cs/ACvplmO5-lH6TKLNI1vZyvsTCn1JShqvKFzDGXOIgKbeMqh5OwhzCPtLgzCXxFM3CR6Suf6PJag4_FsyCTT9j2kCVXC_ZyX3nd1pzklLsLqSN1vHJp21CPjm74vxuUCir3k3L5XQ0r2i=s4800-w640,4.8,1417,https://maps.google.com/?cid=1081004285575243820&g_mp=Cidnb29nbGUubWFwcy5wbGFjZXMudjEuUGxhY2VzLlNlYXJjaFRleHQQAhgEIAA,No,,2026-09-28
Penticton,RPR Heating and Air Conditioning Ltd.,"110 Industrial Pl, Penticton, BC V2A 7C8, Canada",(250) 492-3677,info@rprheating.com,http://www.rprheating.com/,https://lh3.googleusercontent.com/grass-cs/ACvplmPY8wNQooaE-3D6jhVMmZkIih1B9b1t4Z_vElsMnVf_T-NK9zpZtBJtSyg_QWMjcjbXdPkrfFXv2EQ2Uncq_CUbGLFyfxEbS1foaCPQ6jAoVOaB23TDOOD9N67J5Q2HUqgB_Dg2gQ=s4800-w640,4.9,2230,https://maps.google.com/?cid=2453663920487526905&g_mp=Cidnb29nbGUubWFwcy5wbGFjZXMudjEuUGxhY2VzLlNlYXJjaFRleHQQAhgEIAA,Yes,,2026-09-28
Penticton,TruFinity Plumbing Heating & Cooling,"208 Ellis St #102, Penticton, BC V2A 4L6, Canada",(778) 721-8308,info@trufinity.ca,https://www.trufinity.ca/service-areas/penticton?utm_source=google&utm_medium=organic&utm_campaign=gbp_penticton&utm_content=penticton,https://lh3.googleusercontent.com/grass-cs/ACvplmOIMD1cP2JbuTccoT6c5WbIIhOjCV97f9bxsHcsOFxnn1M-99LQDF99YmUXtCcv5HqlKq79ChaCu4LzYCp5zE-Yum2bCfLCRpeKngqi_mfsPQE-5s0fVJRP60X7SZolcjTrT84Yl8W_ki4=s4800-w640,4.9,99,https://maps.google.com/?cid=13599830091734171777&g_mp=Cidnb29nbGUubWFwcy5wbGFjZXMudjEuUGxhY2VzLlNlYXJjaFRleHQQAhgEIAA,No,,2026-09-28
Penticton,Fehling's Sheet Metal Heating & Air Conditioning Ltd,"560 Okanagan Ave E, Penticton, BC V2A 3K5, Canada",(250) 492-8076,fehlings@shaw.ca,http://www.fehlingssheetmetal.com/?UTM_source=GBP_listing&UTM_medium=organic,https://lh3.googleusercontent.com/grass-cs/ACvplmO7rtP5L5D-wSsUq3nxphS9unl6tpE45AXbYUJUflxcVPHlF3pbHooihGVKQX7_NwZHZLg1C2fJDKT5nYAfyJEKk1_jUZ4TxaL4QH6OHZf-6G6_bgDGUAINSJNvT6eluF3GISUj=s4800-w403,4.9,59,https://maps.google.com/?cid=8234267556722787156&g_mp=Cidnb29nbGUubWFwcy5wbGFjZXMudjEuUGxhY2VzLlNlYXJjaFRleHQQAhgEIAA,No,,2026-09-28
Penticton,Matt's Plumbing and Heating,"1714 Forsyth Pl, Penticton, BC V2A 8Z2, Canada",(250) 488-7557,matts_plumbing@outlook.com,http://www.mattsplumbingheating.com/,https://lh3.googleusercontent.com/grass-cs/ACvplmO7nGFTgisJjYkY5L_O0vJhiaGGPAvFR1muH1sinNZjsi-dRM1ikycrAX1bAGAZcInCykunkll3U1QZ2SBCZmd5DgGj1VVq42PfKUdmX2jziVz8KFhVKkwMS28E64ii47lCtRnC=s4800-w640,5,26,https://maps.google.com/?cid=17048667326216113253&g_mp=Cidnb29nbGUubWFwcy5wbGFjZXMudjEuUGxhY2VzLlNlYXJjaFRleHQQAhgEIAA,No,,2026-09-28
Penticton,Eggert Energy Mechanical Ltd,"1363Commercial Way, #102, Penticton, BC V2A 3H4, Canada",(250) 486-4351,info@eggert-energy.com,http://www.eggert-energy.com/,https://lh3.googleusercontent.com/grass-cs/ACvplmNe8LDif6suO5gEYlwFWyWN6kTmy7VkJBEHr2ADC4SwO1DtcLA-xOMR6Q2-RhF2_Z7mAy76qTQeXxAvAryXlotT5fBTkHVFHe14Bhgz8z_HlBSNB-WR5T5scamMQeBSC0eg2VewpxRqt-Fj=s4800-w640,4.9,37,https://maps.google.com/?cid=10808353463430437059&g_mp=Cidnb29nbGUubWFwcy5wbGFjZXMudjEuUGxhY2VzLlNlYXJjaFRleHQQAhgEIAA,No,,2026-09-28
Penticton,Response Heating & Air Conditioning,"2100 Dartmouth Dr #103, Penticton, BC V2A 7W7, Canada",(778) 531-4328,,https://www.responseheatingandairconditioning.ca/,https://lh3.googleusercontent.com/grass-cs/ACvplmN9vSfGGAs9wZ7i0XKQwjm1QABHTC6onmHAsiLCrKG74dfSgPY3Vu_q03DeNHeVIx1a5G1-FGoUolOtLNw0VaK1CJxpsDIwt68v317cpSw0LI0V1lfDjae3cBvm4rh4mnTVaQEI=s4800-w640,4.7,120,https://maps.google.com/?cid=14792579634423543371&g_mp=Cidnb29nbGUubWFwcy5wbGFjZXMudjEuUGxhY2VzLlNlYXJjaFRleHQQAhgEIAA,No,,2026-09-28
Penticton,Chadburn Plumbing,"2006 Sandpiper, Penticton, BC V2A 8Y7, Canada",(250) 809-2471,,,,4.9,16,https://maps.google.com/?cid=3947883029885800957&g_mp=Cidnb29nbGUubWFwcy5wbGFjZXMudjEuUGxhY2VzLlNlYXJjaFRleHQQAhgEIAA,No,,2026-09-28
Penticton,Brian Frazer Mechanical Group Inc,"1031 Eckhardt Ave W #1, Penticton, BC V2A 2C2, Canada",(250) 486-4559,brian@frazermechanicalgroup.ca,https://www.frazermechanicalgroup.ca/services,https://lh3.googleusercontent.com/grass-cs/ACvplmOIZwFbaOwbmkwJVhb6erNDVho_lYqkb46wKs6JrIDaikPPyXcCTyfLyTdmDB2uTE0j1gRvJ5AvwNlcSnl-P0ZH_08kLUb456XU7yzBmqbOXThOH3ezYpF3qPQIJ3qBnnFqhPJR52FiAmpZ=s4800-w640,4.9,11,https://maps.google.com/?cid=2592139923680248165&g_mp=Cidnb29nbGUubWFwcy5wbGFjZXMudjEuUGxhY2VzLlNlYXJjaFRleHQQAhgEIAA,No,,2026-09-28
Penticton,Doherty Plumbing & Heating,"1333 Naish Dr, Penticton, BC V2A 3B7, Canada",(250) 492-8700,rob@dohertyplumbing.ca,http://www.dohertyplumbing.ca/,https://lh3.googleusercontent.com/grass-cs/ACvplmPe_X2ZxoXqDX5Q5RuD1UCVjuAFHOLJ88etze7uAAhBW7QZ5uX3eEN0aszWKEncQZ5m-ol8CsyOFLLHarLINe2CrKFKXSIHeVJKEDVKoRwW0czGCuufHPzRkeMqZkedg05b8YzP=s4800-w640,4.7,31,https://maps.google.com/?cid=11737771333999783158&g_mp=Cidnb29nbGUubWFwcy5wbGFjZXMudjEuUGxhY2VzLlNlYXJjaFRleHQQAhgEIAA,No,,2026-09-28
Penticton,Crux Mechanical LTD,"2631 McKenzie St, Penticton, BC V2A 6J1, Canada",(250) 492-2429,greg@cruxmechanical.com,http://www.cruxmechanical.com/,https://lh3.googleusercontent.com/grass-cs/ACvplmNfW5GVClTRoTqzsgfPi5VOOkBQlTPIKlJm13-9OUUKABL6mWAkPPcuHN1P7DG-aaG6krhocP1nbBPDzE-JUN_UP2YBEK0B2wfzR4lK1Eb02-bu2lYPaLHheJU2dmTvONthhMbi=s4800-w640,4.6,21,https://maps.google.com/?cid=6655123148620179167&g_mp=Cidnb29nbGUubWFwcy5wbGFjZXMudjEuUGxhY2VzLlNlYXJjaFRleHQQAhgEIAA,No,,2026-09-28
Penticton,Better Living Heating and Cooling,"3999 Skaha Lake Rd #87, Penticton, BC V2A 8X1, Canada",(250) 488-2993,mike.betterliving29@gmail.com,https://www.betterlivingheatingandcooling.ca/,https://lh3.googleusercontent.com/grass-cs/ACvplmMVBH066wa1eVVCH-GWLE0l9bk0wmdxaWoq0rvcaFP65aE15Y4Xnz4nFBEsC1807cbjuj-knZMGugsjVZVqFqSrU4BhP-paofvJAOHJm58b4QpF9VuDiYM4helMonnayHhNjsiwR6a_V2Q=s4800-w640,4.6,10,https://maps.google.com/?cid=1246329403216054453&g_mp=Cidnb29nbGUubWFwcy5wbGFjZXMudjEuUGxhY2VzLlNlYXJjaFRleHQQAhgEIAA,No,,2026-09-28
Penticton,Coppertec Refrigeration Heating & Air Conditioning,"134 Estabrook Ave, Penticton, BC V2A 1G3, Canada",(250) 490-5665,,https://www.coppertec.com/?utm_source=iNFOTEL+Multedia&utm_medium=webpage&utm_campaign=WEBSITE&utm_id=10071928,https://lh3.googleusercontent.com/grass-cs/ACvplmMv2_z0lyJAj4cDW_ekMesq5bGzRuAuuf0wS4PoqmnLez-wmzb627calpwEsasz4HXXp5pgYlHtanNApVVo_FGbwogZ_zMWZwq0UIFObIMzT0vC2n1RbDlgChT-kDGE8q283ZA=s4800-w640,4.5,45,https://maps.google.com/?cid=10238579947727571000&g_mp=Cidnb29nbGUubWFwcy5wbGFjZXMudjEuUGxhY2VzLlNlYXJjaFRleHQQAhgEIAA,No,,2026-09-28
Prince George,HVAC Strong Mechanical Ltd.,"595 Ongman Rd #6, Prince George, BC V2K 4L1, Canada",(778) 999-5815,,http://hvacstrong.ca/,https://lh3.googleusercontent.com/grass-cs/ACvplmN3dSDyroptqBM3uZOi1MtIfIeRhAn9-xPQWzUd70EDeiESgoTFZ1j7y91xEx9gse4uwxpaYEpGy8Oo_s2hnjENH9zhustICeu6Puid2juqLYuCH8izGu9e2twWXtFfrNEDNIDTOw=s4800-w640,5,151,https://maps.google.com/?cid=696381134271856205&g_mp=Cidnb29nbGUubWFwcy5wbGFjZXMudjEuUGxhY2VzLlNlYXJjaFRleHQQAhgEIAA,Yes,,2026-09-28
Prince George,Star Tek Mechanical Ltd - Plumbing Heating Gasfitting,"2255 McTavish Rd, Prince George, BC V2K 5R5, Canada",(250) 552-8646,startekmechanical@gmail.com,https://startekmechanicalltd.jobbersites.com/,https://lh3.googleusercontent.com/grass-cs/ACvplmOLnRQV0rUZl9-aiqBWv6ApQK9fgOiOoX20S1-v7s0rjyfCXwxEizmdQ_V-UzJ9IwRau1dRGdj55rxWk9cmaJbmNRJhSvt75awbS5c5x2CxjVt1vaMPeLzzuDdE6ytJVFvE828xzFjgNBRx=s4800-w640,5,99,https://maps.google.com/?cid=16894815691348902234&g_mp=Cidnb29nbGUubWFwcy5wbGFjZXMudjEuUGxhY2VzLlNlYXJjaFRleHQQAhgEIAA,No,,2026-09-28
Prince George,Canuck Mechanical Ltd,"1797 S Lyon St Suite 100, Prince George, BC V2N 1T3, Canada",(250) 564-4567,info@canuckmechanical.com,http://canuckmechanical.com/,https://lh3.googleusercontent.com/grass-cs/ACvplmM2QvSRXzG4F5AJHyQbJX5TsO5AJigDMCYbD8m8BOAvJd-ouZ-X2hy8tLC1wDWDfZvyf2RZL0DYp4_T_khP1UieNM5bKqKKMXbUUYZkSlveJX_RMUgWgyNPP3t5UMhzrU38S_2E=s4800-w640,4.9,449,https://maps.google.com/?cid=5666107389043466236&g_mp=Cidnb29nbGUubWFwcy5wbGFjZXMudjEuUGxhY2VzLlNlYXJjaFRleHQQAhgEIAA,No,,2026-09-28
Prince George,Striker Plumbing & Heating Ltd.,"4188 Northwood Pulp Rd, Prince George, BC V2K 5R8, Canada",(250) 613-3171,reidherman@yahoo.com,http://strikerplumbing.com/,https://lh3.googleusercontent.com/grass-cs/ACvplmPc83nnztT36pzj5dx9NeuN6_xu5G9jxlNKmF3dQkzhVybvmhl_z7IayYwtVq7LfXQy2MvWONRd-gIIkzG3LXzIM52-GEf2uh0wYemF1BDUKkOJv_U5jM2mzCJjuqY5pVn0ZPiSWA=s4800-w640,4.9,198,https://maps.google.com/?cid=14116389131970324845&g_mp=Cidnb29nbGUubWFwcy5wbGFjZXMudjEuUGxhY2VzLlNlYXJjaFRleHQQAhgEIAA,No,,2026-09-28
Prince George,Innovation Plumbing Services Inc.,"1839 1st Ave Unit 2, Prince George, BC V2L 2Y8, Canada",(250) 961-6149,admin@innovationplumbingservices.ca,https://innovationplumbingservices.ca/,https://lh3.googleusercontent.com/grass-cs/ACvplmMdg7N8Y29CHA6QNJGRkFoFSwhArhdqqv4Ph9mqIqC-hLRp1tN2Vvg0jYmrB6K73YWgxcU3wbdpKX6ZSnL4gk3quD87YSEeJDhZewsj-y-8j8j_9ujYU-dFhmjRoIJHzQCto3iTyAbsiceC=s4800-w640,4.9,79,https://maps.google.com/?cid=15469451035884834729&g_mp=Cidnb29nbGUubWFwcy5wbGFjZXMudjEuUGxhY2VzLlNlYXJjaFRleHQQAhgEIAA,No,,2026-09-28
Prince George,Accelerate Plumbing and Heating Ltd. - Prince George,"3048 Christopher Crescent, Prince George, BC V2N 4S9, Canada",(250) 961-5715,,https://www.facebook.com/people/Accelerate-Plumbing-and-Heating-Ltd/61559258042307/,https://lh3.googleusercontent.com/grass-cs/ACvplmOZ2VsWUEuv-9zWHu1KxKzQQBWpXplYXMmRNo6pdDJpILcvKtrl98NoZ_N342EsyY1d8M6r_7IjySLVTOb5MfrN-fk1R_4shokIPdx-wsPxeeYdPNl_fIqay_LnraejsHwIAzHSPYY42wgS=s4800-w640,4.9,78,https://maps.google.com/?cid=6061526241377341420&g_mp=Cidnb29nbGUubWFwcy5wbGFjZXMudjEuUGxhY2VzLlNlYXJjaFRleHQQAhgEIAA,No,,2026-09-28
Prince George,Timberline Plumbing and Heating,"6024 Kim Pl, Prince George, BC V2K 3L7, Canada",(778) 763-1382,timberline1.plumbing@gmail.com,https://timberlineplumbingandheating.jobbersites.com/,https://lh3.googleusercontent.com/grass-cs/ACvplmMxv8KZc2pkv3cI977Jxq8Gii1Ark26kCkhf6y-yma9G27-GrWOHup2HEYE7L15cP7LFNvWlibyGnNR8sFEz-BiDZ1p6omTvGcIHJfSyTlRoCrKUyqfKCR9G5yGjBaMHtOaT9KgjkG_KpTC=s4800-w640,5,25,https://maps.google.com/?cid=18243671437321841293&g_mp=Cidnb29nbGUubWFwcy5wbGFjZXMudjEuUGxhY2VzLlNlYXJjaFRleHQQAhgEIAA,No,,2026-09-28
Prince George,Carrier Plumbing & Heating (TSBC License# LGA0202928),"898 2 Ave, Prince George, BC V2L 3A5, Canada",(250) 614-0036,,http://carrierplumbing.ca/,https://lh3.googleusercontent.com/grass-cs/ACvplmOJPClW-pYjVqr4_1J8e9uEmA8fjBDyg4rSGm8LYJL_QyIlmeUHb1wBKURfenYv7zSTJdw7_rWfk7pS3Eo7FKnQfALldsKJDUd7UQLZ1agdtJ8xjZFSi-5ii-hjUCa8csu9v495=s4800-w640,4.9,32,https://maps.google.com/?cid=10874441825695698822&g_mp=Cidnb29nbGUubWFwcy5wbGFjZXMudjEuUGxhY2VzLlNlYXJjaFRleHQQAhgEIAA,No,,2026-09-28
Prince George,Expert Plumber Prince George,"1343 4th Ave, Prince George, BC V2L 3J6, Canada",(778) 400-5158,lynnshaw19745@gmail.com,https://www.plumberprincegeorge.com/,https://lh3.googleusercontent.com/grass-cs/ACvplmMDRMvyZ266HWhSEHQXeA0KN4Az6Kvb9YE00UWjAk73k7ElSzSdikawJWdA0UNN1-xFg5NF8VlyDJRBU8n9CfydzlJLtp6kQ7ZOHdkvsjvGY5e9lp1y8OM-AeQVA0pvvb01ChVq6A=s4800-w640,4.8,34,https://maps.google.com/?cid=3931247028139850831&g_mp=Cidnb29nbGUubWFwcy5wbGFjZXMudjEuUGxhY2VzLlNlYXJjaFRleHQQAhgEIAA,No,,2026-09-28
Prince George,Mr Plumbing and Heating,"7802 Emerald Dr, Prince George, BC V2K 3M1, Canada",(250) 565-4743,marc@mrplumbingandheating.ca,http://www.mrplumbingandheating.ca/contact-us,,5,11,https://maps.google.com/?cid=11664671004864040090&g_mp=Cidnb29nbGUubWFwcy5wbGFjZXMudjEuUGxhY2VzLlNlYXJjaFRleHQQAhgEIAA,No,,2026-09-28
Prince George,Heat Tech Heating & Ventilation Ltd,"Oakridge, Prince George, BC V2M 3P3, Canada",(250) 962-0041,heatingshop@hotmail.com,http://heattechheating.ca/,,4.9,15,https://maps.google.com/?cid=11547826759695909447&g_mp=Cidnb29nbGUubWFwcy5wbGFjZXMudjEuUGxhY2VzLlNlYXJjaFRleHQQAhgEIAA,No,,2026-09-28
Prince George,Polar Refrigeration Sales & Service Ltd,"910 3Rd, Prince George, BC V2L 3C9, Canada",(250) 563-6444,polarbh@telus.net,http://polarrefrig.ca/,https://lh3.googleusercontent.com/grass-cs/ACvplmM4z0DcFPRlD0QkHBWjQbxMFJJXj4v8t-1NqMd93Xezt3BnooG31ntqdb9wW0uHIcJSUbWPNI5QH2Fk52xCBZtIX-u-g6g0wzozXlRK-9dSD0YFFaz13XiVnUMTUydxvUW4JTeb=s4800-w640,4.6,79,https://maps.google.com/?cid=3067814787225108154&g_mp=Cidnb29nbGUubWFwcy5wbGFjZXMudjEuUGxhY2VzLlNlYXJjaFRleHQQAhgEIAA,No,,2026-09-28
Richmond,Impetus Plumbing and Heating,"11782 River Rd Unit 110, Richmond, BC V6X 1Z7, Canada",(604) 719-2136,info@impetusplumbingheating.com,https://www.impetusplumbingheating.com/,https://lh3.googleusercontent.com/grass-cs/ACvplmPdPHAqsBDREvc3b_gIGe_PVDSqJVhK09sxKWYxqkUjY0RhKsBZ_Qg4ph0C2_X2zl6Y19OV_JI480FO--mcmaXYPX0zjXcLKROAgWLKUWwr4Aqg1KsX4VVlsS-Rhh3KGuOqwjJeNZtn_1Yk=s4800-w640,5,517,https://maps.google.com/?cid=4159790332283285945&g_mp=Cidnb29nbGUubWFwcy5wbGFjZXMudjEuUGxhY2VzLlNlYXJjaFRleHQQAhgEIAA,Yes,,2026-09-28
Richmond,Errington Mechanical - Plumbing & HVAC Richmond,"9891 Herbert Rd, Richmond, BC V7A 1T6, Canada",(604) 446-3212,info@erringtonmech.ca,https://www.plumbing-hvac-richmond.ca/,https://lh3.googleusercontent.com/grass-cs/ACvplmO4Wq5FQnoJdBxufFNu36i5cfM0yAhwgcB1PEGCoMCGbZTuJQVo4ogOM_gEzajedyQPU0udzXwYrm3SVvQIesJZkvXD1Sm79fjFbU3adQtlmBCu_BGekanl1H0TT6Zg0-IzkAKJ7Q=s4800-w640,5,113,https://maps.google.com/?cid=14821670760082514657&g_mp=Cidnb29nbGUubWFwcy5wbGFjZXMudjEuUGxhY2VzLlNlYXJjaFRleHQQAhgEIAA,No,,2026-09-28
Richmond,Flex Plumbing,"9420 Dixon Ave, Richmond, BC V6Y 1E7, Canada",(236) 833-8017,info@flex-plumbing.ca,https://www.flexplumbing.ca/,https://lh3.googleusercontent.com/grass-cs/ACvplmOqHW6xnYBB7AeX_ewVfqNk6Hw2OTgqRQsNWtNdkk8TQgwa3zedQlRBTujlkdz9tKvI5ZxL9xnfPYcIbdJEYNbF75b6mkrmxPotkSuwaEvTaArVtS534NcofatJYP_yz47vkGIKSzS1kE2N=s4800-w640,5,70,https://maps.google.com/?cid=7916629230329177275&g_mp=Cidnb29nbGUubWFwcy5wbGFjZXMudjEuUGxhY2VzLlNlYXJjaFRleHQQAhgEIAA,No,,2026-09-28
Richmond,Jolly Heating & Cooling,"8400 No 4 Rd, Richmond, BC V6Y 2T6, Canada",(778) 800-8868,hello@jollyheating.com,https://www.jollyheating.com/,https://lh3.googleusercontent.com/grass-cs/ACvplmPOAWzxWTHhLiJkcudyEJ-DudoMgRb0O2J5T71kkuBzfsEsh7thvBzV7AtESetnkQ-xAAp_80CfGeVzP0FlAftTlxNtFW4LuiRSGGOr-KvZyFclHJnT3Nivbv90rf1TO88elpzzxMZOgVl2=s4800-w640,5,42,https://maps.google.com/?cid=5856288440539526201&g_mp=Cidnb29nbGUubWFwcy5wbGFjZXMudjEuUGxhY2VzLlNlYXJjaFRleHQQAhgEIAA,No,,2026-09-28
Richmond,"Ashton Plumbing, Heating & Air Conditioning","4631 Shell Rd Unit 140, Richmond, BC V6X 3M4, Canada",(604) 359-7762,leadsarchive@homelocalservices.com,https://www.callashton.com/?utm_source=gmb&utm_medium=organic&utm_campaign=richmond,https://lh3.googleusercontent.com/grass-cs/ACvplmN4YY54z4rovs-cafS7QXZktW2FkRxxO-kqKL7xjpidy9ATe5dtOyDQN3CXEgMWOqrDZZxh_HpNxmPkUgBXNUohOM1dr_Pt_1nJJQ5ox33nm1m_yhbKGQCpJ92snGOGX3MWtqDDoyqLDSae=s4800-w640,4.8,4997,https://maps.google.com/?cid=7604229631913462249&g_mp=Cidnb29nbGUubWFwcy5wbGFjZXMudjEuUGxhY2VzLlNlYXJjaFRleHQQAhgEIAA,No,,2026-09-28
Richmond,"Milani Plumbing, Heating & Air Conditioning","22200 Wilson Ave, Richmond, BC V6V 2P6, Canada",(604) 274-2603,info@milani.ca,https://www.milani.ca/locations/richmond-bc/?utm_source=gmb&utm_medium=organic&utm_campaign=Richmond,https://lh3.googleusercontent.com/grass-cs/ACvplmNGIeBVF9odaPPcJ3hKOj_7p7NAQpxtoeKf2fUUSmcZuwjfG0Xr0tOoMKiWGNTs1vOwmgqTUwHlleu3fRkUNLZhqQjpyyLxlSAHmHQ9i870x41M7h8-IGFUe6V9iIf9uHubxxG4=s4800-w640,4.8,462,https://maps.google.com/?cid=3605161797461939563&g_mp=Cidnb29nbGUubWFwcy5wbGFjZXMudjEuUGxhY2VzLlNlYXJjaFRleHQQAhgEIAA,No,,2026-09-28
Richmond,Refrigeration Systems Ltd,"5180 McColl Crescent, Richmond, BC V6V 2L6, Canada",(778) 882-7116,,https://refrigerationsystemsltd.com/?utm_source=google&utm_medium=organic&utm_campaign=gbp-profile,https://lh3.googleusercontent.com/grass-cs/ACvplmOBcYjPPb7MaVK-M5ED5rJpkrrTewfDs4hrQPJcrlOk5DkfmDoVGGKZwCWSJ2cKlmOTM7abgWaGAmvprnsZzTEvJxULeyOW9ru4MWUgC28XfyO1l8CTA6jna-3n-KuVcGYXRIw8Dw=s4800-w640,5,28,https://maps.google.com/?cid=8493886391718171146&g_mp=Cidnb29nbGUubWFwcy5wbGFjZXMudjEuUGxhY2VzLlNlYXJjaFRleHQQAhgEIAA,No,,2026-09-28
Richmond,Crestwood Plumbing & Heating,"8120 No 2 Rd, Richmond, BC V7C 5J8, Canada",(604) 278-9558,,,https://lh3.googleusercontent.com/grass-cs/ACvplmNI7yucjMVRXWqZekp3uZ7a1NgKxYjTDAQRKkdqJYLrUGJL_afkGNpxVZIy_pQl928UegrrxqoGegPkg6cm3wOHUJPBHx0Sjspk3ekOEckftyzfShkQwIhCPBTxtl-l15ofBUYFOw=s4800-w640,4.9,42,https://maps.google.com/?cid=15111599507385892729&g_mp=Cidnb29nbGUubWFwcy5wbGFjZXMudjEuUGxhY2VzLlNlYXJjaFRleHQQAhgEIAA,No,,2026-09-28
Richmond,Westrim Plumbing & Heating Ltd.,"11800 River Rd #102, Richmond, BC V6X 1Z7, Canada",(604) 276-0887,service@westrimplumbing.com,http://www.westrimplumbing.com/,https://lh3.googleusercontent.com/grass-cs/ACvplmPwFpwMwXftvtpaB9w8Re38t7oJOT9mp7_MlAY2PlTi1iSlccxWOZaxY0VUPIFhbaD2TxCIEJLPtiN7rZQaAAABhixZqEhoa92-IvLbqllWK4f2ZO1vODY1gYRgu0xwJVs_2CNcgQ=s4800-w640,4.9,42,https://maps.google.com/?cid=1387368362851465590&g_mp=Cidnb29nbGUubWFwcy5wbGFjZXMudjEuUGxhY2VzLlNlYXJjaFRleHQQAhgEIAA,No,,2026-09-28
Richmond,Season Energy,"3751 Jacombs Rd Unit 240, Richmond, BC V6V 2R4, Canada",(604) 203-1666,info@seasonenergy.ca,https://seasonenergy.ca/,https://lh3.googleusercontent.com/grass-cs/ACvplmMC_Ik_x-rwoNXHtvsa-MIiTadDHNCr_mflWSTCHwj3KvA9agqpBntwFJRFT7qWqSaYxFLkzwKj_idfE-tbcW2UeWSFQoOdItpl52XGQGu8tAoiq0npQvWpu0NeyU8Fj9EEXmsm=s4800-w640,4.9,40,https://maps.google.com/?cid=8927835696046280929&g_mp=Cidnb29nbGUubWFwcy5wbGFjZXMudjEuUGxhY2VzLlNlYXJjaFRleHQQAhgEIAA,No,,2026-09-28
Richmond,Harbour Energy Systems,"2631 Viking Wy #203, Richmond, BC V6V 3B5, Canada",(604) 272-7272,info@harbourenergy.ca,https://harbourenergy.ca/,https://lh3.googleusercontent.com/grass-cs/ACvplmPc4wRVFOXcvbgM2wVxeTIt5h4n6URK0BA20SWAHcWAOz50znQ2D5zxMFKhw10U45cqUa5xJDgsm8v0UU-Y-1TdnH9Sci2jwKkFvCtWOBsF8J_4xmthflAEIvYSOxLBqLcPejH8vff5pg3K=s4800-w640,5,24,https://maps.google.com/?cid=12892359631137622560&g_mp=Cidnb29nbGUubWFwcy5wbGFjZXMudjEuUGxhY2VzLlNlYXJjaFRleHQQAhgEIAA,No,,2026-09-28
Richmond,Sierra Mechanical Limited,"5133 Jaskow Dr, Richmond, BC V7E 5H8, Canada",(604) 943-1234,sales@sierramechanical.ca,http://www.sierramechanical.ca/,https://lh3.googleusercontent.com/grass-cs/AABkmLegS9U0CN_lOQ3ja98-xHcVVaFAE8HdmNX3WbFMPihap05DqRT1gV9tmLMrzV3zIuhqlAqAB18tqRE8NzYDB1u9KqzlWORzNfVwMlLLWhalvPbGroajnRHs_BCN_3D0ccpJxINKKQ=s4800-w640,4.9,33,https://maps.google.com/?cid=12241790709802123940&g_mp=Cidnb29nbGUubWFwcy5wbGFjZXMudjEuUGxhY2VzLlNlYXJjaFRleHQQAhgEIAA,No,,2026-09-28
Squamish,Tech Two Mechanical Inc.,"1111 Pioneer Wy Unit 125, Squamish, BC V8B 0W5, Canada",(604) 848-8906,,https://techtwomechanical94.godaddysites.com/?y_source=1_mtazmzyzmjywnc03mtutbg9jyxrpb24ud2vic2l0zq==,https://lh3.googleusercontent.com/grass-cs/ACvplmORGQTJP3AxwgQkWQFFAOxXUJypPZYOa3LCdVW9N29XI0yxty2zqiWlOPqtu5xDMx_s0VDbbhQAnl5SuNcVm14h1eJz7Yv1EedojMeYXm8wDaDx_gcs-6HVPMmGD4YgBN9EmP_A=s4800-w640,5,159,https://maps.google.com/?cid=10173100840503292110&g_mp=Cidnb29nbGUubWFwcy5wbGFjZXMudjEuUGxhY2VzLlNlYXJjaFRleHQQAhgEIAA,Yes,,2026-09-28
Squamish,Matt Fanson Plumbing,"1026 Glacier View Dr #18, Squamish, BC V8B 0G1, Canada",(604) 250-7613,mattfplumbing@gmail.com,http://mfplumbing.ca/,https://lh3.googleusercontent.com/grass-cs/ACvplmNzn65YmCGx_ZmLNWSYWIp9uBWgMfw2zckRlzUx9EeTIJG6VQU60ZCAJFqwqD079I4CbvqFx3EBaJraqt9wQPI0UmsPEVbRKlU6yMEoA9xx8bVYq9beHixKE5o4E3IKhHSsuMU=s4800-w640,5,75,https://maps.google.com/?cid=118344126201463124&g_mp=Cidnb29nbGUubWFwcy5wbGFjZXMudjEuUGxhY2VzLlNlYXJjaFRleHQQAhgEIAA,No,,2026-09-28
Squamish,Newell Heating and Sheet Metal Ltd.,"1005A Industrial Way, Squamish, BC V8B 0H1, Canada",(604) 567-8539,info@newellheating.com,https://newellheating.com/,https://lh3.googleusercontent.com/grass-cs/ACvplmNHQdiMihzUrCrIhPRfiZv5BNrFWhAeNpIy1RHhRFUzjYWDbLuAqUrOIpSCG3dmNvwfBz_G0FG2iOeMlQ9Y8mEAkE2Fic1FtfvE5C15fIp2A7ncnA1yd7bNFtUIfCxDYiMD9jBb=s4800-w640,4.9,79,https://maps.google.com/?cid=12851568535598145489&g_mp=Cidnb29nbGUubWFwcy5wbGFjZXMudjEuUGxhY2VzLlNlYXJjaFRleHQQAhgEIAA,No,,2026-09-28
Squamish,Garibaldi Heating and Cooling Ltd.,"38152 Westway Ave, Squamish, BC V8B 0X6, Canada",(604) 726-4553,info@garibaldihc.com,https://www.garibaldihc.ca/,https://lh3.googleusercontent.com/grass-cs/ACvplmNj_LV39GBYAkjdGLPXDaK43s0e7Seeb-ACU0PoZdLfucO9sYQ9_nN_ulfsplMGNJX867m4cwWdNpbqQ7N6PL294bDq1jkbOShtfgs0S8pjD-GwcOxWabOzTFcFhZm_LKRLOkCX=s4800-w640,5,30,https://maps.google.com/?cid=12304679000025238413&g_mp=Cidnb29nbGUubWFwcy5wbGFjZXMudjEuUGxhY2VzLlNlYXJjaFRleHQQAhgEIAA,No,,2026-09-28
Squamish,Northridge Mechanical Ltd.,"1310 Victoria St #408, Squamish, BC V8B 0C3, Canada",(604) 262-6801,,http://www.northridgemechanical.ca/,https://lh3.googleusercontent.com/grass-cs/ACvplmNzUPxROVbQJSE9mI-mpwX8Y30ZMAiY59FyCHg93rL4WGbygag3LIERR_h4nOMuRPrxJPp8CeNYDEiJkgK5WF8NTjEhlzJaV3Xwi6JVVH9mzFWAVkRVgMhfPxytJuK5V0cG0IieEA=s4800-w640,4.8,159,https://maps.google.com/?cid=11103736012700213980&g_mp=Cidnb29nbGUubWFwcy5wbGFjZXMudjEuUGxhY2VzLlNlYXJjaFRleHQQAhgEIAA,No,,2026-09-28
Squamish,Sir Pipes-a-Lot Plumbing & Heating,"Buckley Ave, POB 2018, Squamish, BC V8B 0B4, Canada",(604) 213-4498,dave@sirpipesalot.ca,http://www.sirpipesalot.ca/,https://lh3.googleusercontent.com/grass-cs/ACvplmPUBUjp3J9Gd23gbq4MoqmR3VS7awmpdRrpBzD1JolVmdSAU2W5_UpPr5lIQWjXgMDCeano7Ljh_ZibfCKl0Jm-TDn1mO5b1jsJg4cpfde9aw6mvP92JbYQIOkKQSN3YdESZbaG=s4800-w640,5,24,https://maps.google.com/?cid=6092332025919704811&g_mp=Cidnb29nbGUubWFwcy5wbGFjZXMudjEuUGxhY2VzLlNlYXJjaFRleHQQAhgEIAA,No,,2026-09-28
Squamish,Western Technical Systems Inc.,"1201 Commercial Way #305, Squamish, BC V8B 0V1, Canada",(778) 994-3159,service@westerntechnical.net,http://westerntechnical.net/,https://lh3.googleusercontent.com/grass-cs/ACvplmPqUMcL57hocVSIi1aUYf7vRqr5kpTcoJIYDUMlsdxGbWvlUHey0iqjdmk8kFLumrMjTezt0aL14JTkBQpD8z--KC4kjYiMWE9i6cV7wcLEKdqHbxhgoMwzYGuaY3kG_4Q0FG-_FxHj6ylW=s4800-w640,4.8,101,https://maps.google.com/?cid=15526470266476571454&g_mp=Cidnb29nbGUubWFwcy5wbGFjZXMudjEuUGxhY2VzLlNlYXJjaFRleHQQAhgEIAA,No,,2026-09-28
Squamish,Pipeline Plumbing & Heating,"1121 Commercial Pl #104, Squamish, BC V8B 0S5, Canada",(604) 892-3010,,http://www.pipelinebc.ca/,https://lh3.googleusercontent.com/grass-cs/ACvplmOfeU8zVUVNMLY1m-p_Qi2lmZXDBQ6c_PnRhgFhn0eZDuNEk9Rqub1Fhn0sLpdz6s1FaPxOqe3Zpv9ILZC_SYNvYKReiCllWs_3yX71rALO95LTs_3mu97hp-IiKDh0PiaHHBkNqA=s4800-w640,4.6,82,https://maps.google.com/?cid=10544909856687066727&g_mp=Cidnb29nbGUubWFwcy5wbGFjZXMudjEuUGxhY2VzLlNlYXJjaFRleHQQAhgEIAA,No,,2026-09-28
Squamish,Howe Sound Sheet Metal Ltd,"2545 Mamquam Rd, Squamish, BC V8B 0H4, Canada",(604) 898-3321,howesoundsheetmetal@gmail.com,http://howesoundsheetmetal.com/,https://lh3.googleusercontent.com/grass-cs/ACvplmP5APpZGnt_9vbbYf_IG2rH6j0OxPutipdAvjK_8jatK53woiGvb6iMoCrmCn0W-9hKSyJTC-ScTbwWwgXO-2j_s4u48RlpPs1e41Cj_b_1F1q2iElt4at-X0tFAalpN36qJzCw=s4800-w640,4.7,12,https://maps.google.com/?cid=567815113189066350&g_mp=Cidnb29nbGUubWFwcy5wbGFjZXMudjEuUGxhY2VzLlNlYXJjaFRleHQQAhgEIAA,No,,2026-09-28
Squamish,Big D Plumbing & Hot Water,"1172 Wingtip Pl, Squamish, BC V8B 0N4, Canada",(778) 266-4761,info@squamishplumbing.ca,http://www.squamishplumbing.ca/,https://lh3.googleusercontent.com/grass-cs/ACvplmMHJN8iaFNNGSq5SQmpkkEF1pjpsPXok4MJ92-l6bRsolQAMop653enM_PZsUma-k9lVobjO2KFpjlJG9Clsdi03qFAaQ-Ni6CPY3cUzek1t--GUQh-taisa42IsdH0mPLvKFOVEQ=s4800-w640,4.6,19,https://maps.google.com/?cid=13287706544111931261&g_mp=Cidnb29nbGUubWFwcy5wbGFjZXMudjEuUGxhY2VzLlNlYXJjaFRleHQQAhgEIAA,No,,2026-09-28
Squamish,Business Name,"38927 Queens Way, Squamish, BC V8B 0K9, Canada",,,,,4.2,10,https://maps.google.com/?cid=15532741456907084129&g_mp=Cidnb29nbGUubWFwcy5wbGFjZXMudjEuUGxhY2VzLlNlYXJjaFRleHQQAhgEIAA,No,,2026-09-28
Surrey,John Sadler Plumbing & Heating,"3739 155 St, Surrey, BC V3Z 0H1, Canada",(604) 531-4355,service@johnsadler.ca,http://johnsadler.ca/,https://lh3.googleusercontent.com/grass-cs/ACvplmNLm7Tmim_KHzexH6Mh7AXSQvIhIGQgBhmc-3FPAMdUuXP31IydpxIsrM7b4gDrhslXMkZibHG2bFvPVTTwlOpVrF3bXASnmjQL8WTK03ZSY82BRQDvzXdjrN5hDXWjZBEa4HWtciWH4OXT=s4800-w640,5,261,https://maps.google.com/?cid=16402964240501371298&g_mp=Cidnb29nbGUubWFwcy5wbGFjZXMudjEuUGxhY2VzLlNlYXJjaFRleHQQAhgEIAA,Yes,,2026-09-28
Surrey,Fraser Valley Heating Ltd,"2675 184 St, Surrey, BC V3Z 9V2, Canada",(604) 541-5740,,http://www.fraservalleyheatingltd.com/,https://lh3.googleusercontent.com/grass-cs/ACvplmP0kXWpDVjPbG0okQSGNGlDEslHh2wFw3rrONHMwwrAFgleeDT3SA2BCRrSL2AAzzrSaQwwo6cojqVL0SjWoJ5QRXT5teiGeCvHLuBXUS-hvLqW8fEdNY6vpJp-sP3Bgkw-g5I=s4800-w640,5,194,https://maps.google.com/?cid=13231477531832591939&g_mp=Cidnb29nbGUubWFwcy5wbGFjZXMudjEuUGxhY2VzLlNlYXJjaFRleHQQAhgEIAA,No,,2026-09-28
Surrey,Realistic Heating & Cooling,"14936 90 Ave, Surrey, BC V3R 6W3, Canada",(778) 240-3118,realisticheating@telus.net,https://realisticheating.ca/,https://lh3.googleusercontent.com/grass-cs/ACvplmOgNx19uVNK7la91BCjfRH-M1-TNdGz66aTR6fJG_xOAVhtoAEAVFTnJz-75H83joDGjeHzoWZsHpNTHY8NftJEHGV6It5xwsbo48lOszAjeIqPcEt46fdc0fXA0Rlesai_z3Gg4h2vCv8=s4800-w640,5,92,https://maps.google.com/?cid=10612811191816660919&g_mp=Cidnb29nbGUubWFwcy5wbGFjZXMudjEuUGxhY2VzLlNlYXJjaFRleHQQAhgEIAA,No,,2026-09-28
Surrey,Nation Furnace Heating & Air Conditioning HVAC Ltd.,"8028 128 St, Surrey, BC V3W 4E9, Canada",(604) 260-1012,info@nationheating.ca,https://nationheating.ca/surrey/,https://lh3.googleusercontent.com/grass-cs/ACvplmOFdE0WQmYDS6zJWw5KTuqHnxYXl1udWkn0FDmLik5YkUlk_vyS7CQTc1Z6lyKeJjiuY6fSpBVKgfS_yslb8hv-O3Ec8d5XHuYVsfexNFefKIZyDqD9ZtLnr6HEWXQ2lGSEevo4pg=s4800-w640,5,87,https://maps.google.com/?cid=3113456554209215559&g_mp=Cidnb29nbGUubWFwcy5wbGFjZXMudjEuUGxhY2VzLlNlYXJjaFRleHQQAhgEIAA,No,,2026-09-28
Surrey,Sunrise Heating & Cooling Ltd.,"6234 152A St, Surrey, BC V3S 5X5, Canada",(604) 612-4591,info@sunriseheating.ca,https://www.sunriseheating.ca/,https://lh3.googleusercontent.com/grass-cs/ACvplmNp719PhrRZTY6vYb7BKLsfCF1l3pIeUeUiVUFoxqctuaDWTdmrMQP8vsUipdwtMhODX8mQOEN8zvlM2KTL_DD59gxc6hLyPQZcF85BpGeHB8NCvX6kuscSpnLN-hyEEhuq0D2UxA=s4800-w640,4.9,503,https://maps.google.com/?cid=15897026331426047505&g_mp=Cidnb29nbGUubWFwcy5wbGFjZXMudjEuUGxhY2VzLlNlYXJjaFRleHQQAhgEIAA,No,,2026-09-28
Surrey,JJ&A Mechanical Ltd.,"19510 55 Ave #1, Surrey, BC V3S 8P7, Canada",(778) 926-6539,info@jjamechanicalltd.com,https://jjamechanicalltd.com/?utm_source=google&utm_medium=gmb,https://lh3.googleusercontent.com/grass-cs/ACvplmPVXTQ2FIbeO29rAW5DPx3ntZ04APv20OFSvUh23bTK5xPyulSJcOhRWzf7CVqjwjtzVSZzNkHzbP34J40MeT5wVdVlFOmk3WwCo2BPufjm-RJCu_wO2r_BctN-RJMX72wSIDf9L6h3rKZB=s4800-w640,4.9,365,https://maps.google.com/?cid=9796311760042184490&g_mp=Cidnb29nbGUubWFwcy5wbGFjZXMudjEuUGxhY2VzLlNlYXJjaFRleHQQAhgEIAA,No,,2026-09-28
Surrey,Well Done Plumbing and Heating,"7116 134 St, Surrey, BC V3W 4T3, Canada",(604) 788-7000,info@welldoneplumbing.ca,http://www.welldoneplumbing.ca/,https://lh3.googleusercontent.com/grass-cs/ACvplmNcCSDfQaSbJ-7vdXdXSXDpJWcomPyd1bzyfdAqC5oANvpsOyvhkogv8wKssk4a9WQWCOPLDy-VRlpORvEnLM0wCmqfIohYKbJVsp1B9LONwr2S2to2gcW7Wpeal9AdVNTIznD3eg=s4800-w640,4.9,264,https://maps.google.com/?cid=10373679995149802070&g_mp=Cidnb29nbGUubWFwcy5wbGFjZXMudjEuUGxhY2VzLlNlYXJjaFRleHQQAhgEIAA,No,,2026-09-28
Surrey,Nagra Bros Plumbing and Heating Ltd.,"13158 109 Ave, Surrey, BC V3T 3R7, Canada",(604) 767-0545,nagrabros@yahoo.ca,https://nagrabros.ca/?utm_source=googlebusinessprofile&utm_medium=GMB&utm_campaign=clicks,https://lh3.googleusercontent.com/grass-cs/ACvplmNq-1nxeR6EeEjDFZIuF-oILuuuy-mjEnL79BxbPW9h2FrQ6oPifbrmym7QtMdZlyPLIjc5_sJ-Ncf7i1TH4t58pgN6PEpUUH-yw1sLuxdwW9Vhu3-aJzmCeXAMOoRR9oHzLJYQk3vGapw=s4800-w640,4.9,211,https://maps.google.com/?cid=14605828738010222712&g_mp=Cidnb29nbGUubWFwcy5wbGFjZXMudjEuUGxhY2VzLlNlYXJjaFRleHQQAhgEIAA,No,,2026-09-28
Surrey,Blue Sea Plumbing & Heating Ltd.,"8078 128 St #204, Surrey, BC V3W 4E9, Canada",(604) 720-2862,,https://blueseaplumbing.com/,https://lh3.googleusercontent.com/grass-cs/ACvplmMtZkzMe9ieNP8k0USkOkifK9HHnmzYOMh-8YeCGbPXGQj8WRt8hbqjRzXNfIIj7hhgUfOGqUecE2ddIfVfSW00GBAUqNGBQwRRghq-6BCQsfO4ncNU-_k77UrTSxEWKh-Kv9majf-RAXzc=s4800-w640,4.9,188,https://maps.google.com/?cid=14445962617323277008&g_mp=Cidnb29nbGUubWFwcy5wbGFjZXMudjEuUGxhY2VzLlNlYXJjaFRleHQQAhgEIAA,No,,2026-09-28
Surrey,Grove Mechanical - Heating & Cooling Experts,"19533 96 Ave #3, Surrey, BC V4N 4C5, Canada",(604) 371-4949,admin@grovemechanical.ca,https://grovemechanical.ca/,https://lh3.googleusercontent.com/grass-cs/ACvplmMw_U795SGoNQIQ3LX2n_JWOj_KMDn8iKGtW44B8dGGs4dJLyFog86nxN0eUPvnnMYN5-zGfSCGsar39Kncee1jz6_TIC1GF3-OCFYY6FPcITNz6bJfH9iXIZZa00JBDUN5RKLZXTLlhO3q=s4800-w640,4.9,186,https://maps.google.com/?cid=13389475547323383370&g_mp=Cidnb29nbGUubWFwcy5wbGFjZXMudjEuUGxhY2VzLlNlYXJjaFRleHQQAhgEIAA,No,,2026-09-28
Surrey,Comfortpro Heat & AC,"5896 183A St, Surrey, BC V3S 5Y3, Canada",(778) 636-6001,info@comfortprohvac.ca,https://comfortprohvac.ca/,https://lh3.googleusercontent.com/grass-cs/ACvplmNUXvAIucXQnGCt2lzeipOgOSIYN1sOrBLfH85_oE6fpzbY4zrBfhzjWjamDV5H61fW4sMrRMEAHT3zxd5toeeVdUJwARnYznlumQCExAMSyDmx2eQ6VyN-49Efy8_8_QVVj0rv=s4800-w640,5,55,https://maps.google.com/?cid=120848143645564031&g_mp=Cidnb29nbGUubWFwcy5wbGFjZXMudjEuUGxhY2VzLlNlYXJjaFRleHQQAhgEIAA,No,,2026-09-28
Surrey,Advanced furnace services and air conditioning,"6350 142 St, Surrey, BC V3X 1B8, Canada",(778) 387-2994,mobil@grandpashabet.com,http://advancedfurnace.ca/,https://lh3.googleusercontent.com/grass-cs/ACvplmN0wt22WUefV8wDqKEXV9QwZszfrtn-XLRW_OBKIgxGnZn1ZlqhV1E67w32OnNaCKCRp01sEyzNG5hvvMsU_EK-wp7gNdY0hP0xeGj6AjsDNDWXupGNTyUnskhXY5DfmuWDe9wD=s4800-w640,5,55,https://maps.google.com/?cid=18324684536479558043&g_mp=Cidnb29nbGUubWFwcy5wbGFjZXMudjEuUGxhY2VzLlNlYXJjaFRleHQQAhgEIAA,No,,2026-09-28
Vancouver,Pacific Blue Mechanical & Plumbing,"475 W Georgia St #830, Vancouver, BC V6B 4M9, Canada",(604) 652-9468,info@pacificbluemechanical.ca,https://pacificbluemechanical.ca/,https://lh3.googleusercontent.com/grass-cs/ACvplmM9er3eRgM9wGCzmiKxityuR-11qW0QyGXQsoxBC4c-hp-rsMzRX5i7HEvthaji6R2n5np2jhv8-AcgM0whtnWM_eBz6K0jeP0pTe1JM1BrbsA0heMX2mALkLSd2bEhZ5ORF2NPMhEcojrB=s4800-w640,5,588,https://maps.google.com/?cid=6828831448709467034&g_mp=Cidnb29nbGUubWFwcy5wbGFjZXMudjEuUGxhY2VzLlNlYXJjaFRleHQQAhgEIAA,Yes,,2026-09-28
Vancouver,Total Line Heating and Air Conditioning Ltd.,"901 3rd St W Unit 342, North Vancouver, BC V7P 3P9, Canada",(604) 765-1299,info@totallinehvac.ca,https://www.totallinehvac.ca/?UTM_source=GMB_listing&UTM_medium=organic,https://lh3.googleusercontent.com/grass-cs/ACvplmP_tIOCBlkefo4fDSs7nzANAa9XWELAgeKEPrLyIocWIwOoy3aNd769MJFqm_v9BaqaGooz6826zbAN0aacGp-6kWEcLsg6juU-Z8uezvJm1jBXri8liNlpe0ae0_MvX9kvQWz4tSJ8nCoD=s4800-w640,5,262,https://maps.google.com/?cid=8457237270162834704&g_mp=Cidnb29nbGUubWFwcy5wbGFjZXMudjEuUGxhY2VzLlNlYXJjaFRleHQQAhgEIAA,No,,2026-09-28
Vancouver,Galaxy Plumbing & Heating,"5307 Victoria Dr #1180, Vancouver, BC V5P 3V6, Canada",(604) 802-1518,,https://galaxyplumbingservices.com/,https://lh3.googleusercontent.com/grass-cs/ACvplmNuTYmHQVIBNTcaEBWqtVHDLoa3N2qfluoHwNG1JvkZy-1f2djWVI6x9rqkMCG-llK-925N3mZtaTmmOPYTATo4cBsm7OsuUpXQZw1ywSRvGI3Q75f8WNbFwQ3_FLU0zpilmaLqgoLPNNZ5=s4800-w640,5,159,https://maps.google.com/?cid=16044751586934745455&g_mp=Cidnb29nbGUubWFwcy5wbGFjZXMudjEuUGxhY2VzLlNlYXJjaFRleHQQAhgEIAA,No,,2026-09-28
Vancouver,Nation Furnace Heating & Air Conditioning HVAC Ltd.,"5729 West Blvd #215, Vancouver, BC V6M 1Z2, Canada",(604) 337-1072,info@nationheating.ca,https://nationheating.ca/vancouver/,https://lh3.googleusercontent.com/grass-cs/ACvplmN9DLDtFhWb0Mnj__vJv-jtcs45jI9VAkusFsUu5d-QuQMLH5gtTNKLApdAoP55ZiGwPVDGAaKuk1GqwM9H0gb5q4VG1AOUNUzM3EwlXmU8b75DZIy1KElab4xccmyoZTDlTibj=s4800-w640,5,107,https://maps.google.com/?cid=2323231942846403348&g_mp=Cidnb29nbGUubWFwcy5wbGFjZXMudjEuUGxhY2VzLlNlYXJjaFRleHQQAhgEIAA,No,,2026-09-28
Vancouver,Skyra Heating & Cooling,"1155 Pacific St #610, Vancouver, BC V6E 3X8, Canada",(604) 603-1800,,https://skyraheatingandcooling.com/,https://lh3.googleusercontent.com/grass-cs/ACvplmMbyLbGfjB-7fIZlu7Gwu2Hof1HFKf1EEF_EK8VQFUv1ANWJIyXlJ4Kwx5i7CIJTXrQ_ulEDPDn20eTjAAMpAKiFKAPpU-ZBv8CEALJ_tFjzfLK8KkRd5pbHhz0HoNxoASmdN9lo55s81qZ=s4800-w640,5,99,https://maps.google.com/?cid=12716242759396223423&g_mp=Cidnb29nbGUubWFwcy5wbGFjZXMudjEuUGxhY2VzLlNlYXJjaFRleHQQAhgEIAA,No,,2026-09-28
Vancouver,"Milani Plumbing, Heating & Air Conditioning","220 27th St E, North Vancouver, BC V7N 1B6, Canada",(604) 984-2603,info@milani.ca,https://www.milani.ca/locations/north-vancouver-bc/?utm_source=gmb&utm_medium=organic&utm_campaign=North%20Vancouver,https://lh3.googleusercontent.com/grass-cs/ACvplmO_2c1tfZpLngVxE122929lMEN3XnfGAISsd9eWJzDNjXtDUU481XHT2Jf8NtIjYcj2NWjEScTA3PEflit_Fgl7WOFPphPy4lwWGtEtk71zFMqlDxYVV7PWOSIHiOV6NIJuqYnfaA=s4800-w640,4.9,2974,https://maps.google.com/?cid=16321753259866677787&g_mp=Cidnb29nbGUubWFwcy5wbGFjZXMudjEuUGxhY2VzLlNlYXJjaFRleHQQAhgEIAA,No,,2026-09-28
Vancouver,Eco Pro Heating & Cooling,"130 Lonsdale Ave #105, North Vancouver, BC V7M 2E8, Canada",(604) 725-4485,contact@ecoproheating.ca,http://ecoproheating.ca/,https://lh3.googleusercontent.com/grass-cs/ACvplmNrsZxl7qd5TSt_KyUPPa2Ov26siob1Re1WlW5f4VU9QFpQHWjI7W79-oAu0-YkN32HTWPWp1BGx7sK3ugLgRK3vV3xKKTX7VhBIbeN2tkljva-Eppq05VQVYJIW4f4QME8Nkua2A=s4800-w640,4.9,423,https://maps.google.com/?cid=12803965427828369571&g_mp=Cidnb29nbGUubWFwcy5wbGFjZXMudjEuUGxhY2VzLlNlYXJjaFRleHQQAhgEIAA,No,,2026-09-28
Vancouver,Vanheat Services,"145 Chadwick Ct #220, North Vancouver, BC V7M 3K2, Canada",(604) 281-4790,info@vanheatservices.com,https://vanheatservices.com/?utm_source=google&utm_medium=organic&utm_campaign=google_business,https://lh3.googleusercontent.com/grass-cs/ACvplmMo9bCb-4oGzkFh0pXIVqjKXjtxTN5zsnmnX4gdGij2MTfqloIykl1iT99cDxcUXDzel0sQCL2CXkGq5R7WJ3zmybh0Qzy6sMTT5tpA_UsiCYMuMaD-dN3AmF5RDiVs4fnzQFking=s4800-w640,4.9,257,https://maps.google.com/?cid=15646984918379464038&g_mp=Cidnb29nbGUubWFwcy5wbGFjZXMudjEuUGxhY2VzLlNlYXJjaFRleHQQAhgEIAA,No,,2026-09-28
Vancouver,Aquatech Vancouver Heating & Air Conditioning,"145 Chadwick Ct #220, North Vancouver, BC V7M 3K2, Canada",(778) 562-8195,info@aquatechmechanical.ca,http://www.aquatechmechanical.ca/,https://lh3.googleusercontent.com/grass-cs/ACvplmMIn-5nF68zflHd5Kyz7-Wb9hU5k2wwVMpHmXSEUaF62WN1TDNqkMe7kQv6u9ULDjHtsXtDQYxhAPH41ppeA_c73pz_OXXF8ejF6LR9Uej-NTKcAytQhTkFlbdQm7Tf0lXEv6cdQA=s4800-w640,4.9,241,https://maps.google.com/?cid=4828218158632773893&g_mp=Cidnb29nbGUubWFwcy5wbGFjZXMudjEuUGxhY2VzLlNlYXJjaFRleHQQAhgEIAA,No,,2026-09-28
Vancouver,Western Pacific HVAC,"1990 Pandora St, Vancouver, BC V5L 0C7, Canada",(604) 245-9451,info@westernpacifichvac.com,https://westernpacifichvac.com/,https://lh3.googleusercontent.com/grass-cs/ACvplmPmgFCq3Ot9IJzAosZT-u72GDmj7m98K8lKjRIUZfBQWSpSx6exJOq__Vjy4QkyEQAQvRLMSvhpNzzGPGZfKcNb96OSxw74vPDjlUNJpksuTGv78p6G6lg_gORc2oWyXG_80XSxPHXidX_M=s4800-w640,4.9,215,https://maps.google.com/?cid=6265101578722619664&g_mp=Cidnb29nbGUubWFwcy5wbGFjZXMudjEuUGxhY2VzLlNlYXJjaFRleHQQAhgEIAA,No,,2026-09-28
Vancouver,Greentech Air Conditioning and Heating (HVAC),"1863 Welch St, North Vancouver, BC V7P 1B7, Canada",(604) 493-2033,info@greentechhvacsystems.com,https://www.greentechhvacsystems.com/,https://lh3.googleusercontent.com/grass-cs/ACvplmOkeBQQTrZ9WipC3HMiu5HTFMEZG8d_wAW4FETYTG2R44mVRj0ZlH9oIKcFm_-g_fHZDsGUSVd-A3HbgxySqiDUZ0rYGR1qz1dKnLN4Ia7qPlfshKd_e_FQk_YotksKZ80NNp6uKsv4LzMQ=s4800-w640,4.9,179,https://maps.google.com/?cid=10206431241421172194&g_mp=Cidnb29nbGUubWFwcy5wbGFjZXMudjEuUGxhY2VzLlNlYXJjaFRleHQQAhgEIAA,No,,2026-09-28
Vancouver,Eaton’s Furnace Heating & Air Conditioning HVAC,"100 Park Royal S Unit 200, West Vancouver, BC V7T 1A2, Canada",(604) 670-5799,info@eatonshomecare.com,https://www.eatonshomecare.com/location/west-vancouver-hvac-services,https://lh3.googleusercontent.com/grass-cs/ACvplmPVgVehAuKNb2UgEeudYhwJIPa91erxjhCGjHIl-uJu5pfRrJO5sdaqRSpVUDqGT94ObkSVkrfM-BGz-IKVeiC98-3bqMOW93ycEPBBVxbTPLYZgtSedU3HRvC0Py8HkI3d4KGATA=s4800-w640,4.9,92,https://maps.google.com/?cid=12809463564926358190&g_mp=Cidnb29nbGUubWFwcy5wbGFjZXMudjEuUGxhY2VzLlNlYXJjaFRleHQQAhgEIAA,No,,2026-09-28
Vernon,"Vernon Air Conditioning, Plumbing & Electrical Services","909 Kalamalka Lake Rd, Vernon, BC V1T 6V4, Canada",(778) 403-7886,info@vernonairconditioning.com,https://vernonairconditioning.com/?utm_campaign=gmb&utm_medium=organic&utm_source=gmb,https://lh3.googleusercontent.com/grass-cs/ACvplmPu4TupFFSojIdPWyqPKGdl90gKctwP394oyNGGybPiW2lAjsX3ZN60evx_jakudls8NSWb57Ma2p9kRnW4EswgFCttO_iSAWxX0RqwiI61E7OigJOGkqxEDFUWyKknV1CtLIX3=s4800-w640,5,791,https://maps.google.com/?cid=12169806098715684073&g_mp=Cidnb29nbGUubWFwcy5wbGFjZXMudjEuUGxhY2VzLlNlYXJjaFRleHQQAhgEIAA,Yes,,2026-09-28
Vernon,"Air Tech Plumbing, Heating, Cooling & Electrical","4315 25 Ave, Vernon, BC V1T 1P5, Canada",(250) 542-7255,,http://www.airtechmechanical.ca/,https://lh3.googleusercontent.com/grass-cs/ACvplmNEWN9DSsFN71F2rYKpsNCPmSvwexVjolxmMhiX69P-gyPUEYbOo2Eao_sblD_En6sH4Xfc-f0gPHulWOgG9l50d7zpMSh-bhKeyWEQVx_JkKRgtJN_WHSlrLP-wp6p82pxBDgSCsY09W2G=s4800-w640,4.9,406,https://maps.google.com/?cid=12674060258786047767&g_mp=Cidnb29nbGUubWFwcy5wbGFjZXMudjEuUGxhY2VzLlNlYXJjaFRleHQQAhgEIAA,No,,2026-09-28
Vernon,"Xced Plumbing, Heating & A/C Ltd.","4208 25 Ave, Vernon, BC V1T 1P4, Canada",(250) 541-7576,info@xcedplumbing.com,http://xcedplumbing.com/,https://lh3.googleusercontent.com/grass-cs/ACvplmNnNsKvgOWmoVVtK8mPhhfuDpToFIA4_aVJ-swEsO8HskOq3qHzRqc3D3OpPo5SThDUOFWrkTv8v0B0JRcJmbkpKefBlY-LMac6H8Nynvah-KE-mAqRkyhZ6YaEsshdCiY9hlOmsw=s4800-w640,5,75,https://maps.google.com/?cid=13402424102829899923&g_mp=Cidnb29nbGUubWFwcy5wbGFjZXMudjEuUGxhY2VzLlNlYXJjaFRleHQQAhgEIAA,No,,2026-09-28
Vernon,TruFinity Plumbing Heating & Cooling,"2907 32 St, Vernon, BC V1T 5M2, Canada",(778) 721-8375,info@trufinity.ca,https://www.trufinity.ca/service-areas/vernon?utm_source=google&utm_medium=organic&utm_campaign=gbp_vernon&utm_content=vernon,https://lh3.googleusercontent.com/grass-cs/ACvplmPDtDuQNa4gcCFD8VKcez7soEWuuRnFH4xwxr65MYBpvnoDsA5NTidf7-rWClNW4NkjyjT2Zd-OgMUIbf6NF2GdGZ7U2DrHoaN8LKQf5osQacJJkPgg7q-xYd1iaFHRSlNPzjiAXR-daI8M=s4800-w640,4.9,245,https://maps.google.com/?cid=5441456702760047558&g_mp=Cidnb29nbGUubWFwcy5wbGFjZXMudjEuUGxhY2VzLlNlYXJjaFRleHQQAhgEIAA,No,,2026-09-28
Vernon,Applewood Heating & Air Conditioning Ltd,"1800 Kalamalka Lake Rd #8, Vernon, BC V1T 6V3, Canada",(250) 549-4777,info@applewoodheating.net,https://www.applewoodheating.net/,https://lh3.googleusercontent.com/grass-cs/ACvplmM4Emm3bZR7SA8mSvevoGF6XTSC3JiPdoAz2_8dPIFRRUwEI6w2FIdop3lJstNDymLQcDQP1X8Zgr_6EEhgt7xeMATDusQvBDYx9RoNp2S6bJRtjLJlzusvyTGTT7K6DRFZHf9pFoMznWFG=s4800-w640,4.8,653,https://maps.google.com/?cid=15730726034813696465&g_mp=Cidnb29nbGUubWFwcy5wbGFjZXMudjEuUGxhY2VzLlNlYXJjaFRleHQQAhgEIAA,No,,2026-09-28
Vernon,Stevenson Mechanical Ltd.,"5896 Rimer Rd, Vernon, BC V1B 3L3, Canada",(250) 542-7700,info@stevensonmechanical.ca,https://www.stevensonmechanical.ca/?UTM_source=GMB_listing&UTM_medium=organic,https://lh3.googleusercontent.com/grass-cs/ACvplmPkwxNEEGCFu03Pmr1eMop89UsNhzXkjl1MSIhZ2VUCjGTowyuT1PvKYy91q_LSJ94yR4ATzWrjiGtW1qYVJzZiY4wkoINA4Osp_sEkM8fyZO_v4hkgHoakR39sybtXhC9Apx10=s4800-w640,5,24,https://maps.google.com/?cid=10747758638147867013&g_mp=Cidnb29nbGUubWFwcy5wbGFjZXMudjEuUGxhY2VzLlNlYXJjaFRleHQQAhgEIAA,No,,2026-09-28
Vernon,Haze Heating & Air Conditioning,"1101 Kalamalka Lake Rd #107, Vernon, BC V1T 6V4, Canada",(778) 212-7167,info@hazehvac.ca,http://www.hazehvac.ca/,https://lh3.googleusercontent.com/grass-cs/ACvplmMrOn5DHobkgKfb3FM29b9t0Vxm_HjJcl8Ozcu0I5m49QG1-73eS8rngVv-PqPyfqc-HuVgGuoYrI8m43Nw1ITVYkk28y8L6LBfY6vGjNfvvA-vDtuA6EdWm2HF4xtukicxfMjB75UmpHA9=s4800-w640,4.9,30,https://maps.google.com/?cid=2758770463404304081&g_mp=Cidnb29nbGUubWFwcy5wbGFjZXMudjEuUGxhY2VzLlNlYXJjaFRleHQQAhgEIAA,No,,2026-09-28
Vernon,Groundswell Mechanical Ltd.,"1101 Kalamalka Lake Rd, Vernon, BC V1T 6V4, Canada",(250) 540-8450,travis@groundswellmechanical.ca,http://groundswellmechanical.ca/;%20https://www.instagram.com/groundswellmechanical/,https://lh3.googleusercontent.com/grass-cs/ACvplmOuonFUxiZl0jVu1240yhCHEEdjxrip2CGZVG76iPkxcIB2xkwljhDvD-jR6m9HkSjTaHiRvz9XX6l8T100HBWnpvMeSolIPOPWMLZswD5ueVZF4NA9pMPOQUJ42aBD7kUfJ-rXeg=s4800-w640,5,19,https://maps.google.com/?cid=7620845062241947725&g_mp=Cidnb29nbGUubWFwcy5wbGFjZXMudjEuUGxhY2VzLlNlYXJjaFRleHQQAhgEIAA,No,,2026-09-28
Vernon,Fox Plumbing Heating Cooling Electrical,"1741 Kosmina Rd, Vernon, BC V1T 8T1, Canada",(833) 228-0940,csr@foxandsons.ca,https://www.foxandsons.ca/home/?utm_source=GMB&utm_medium=organic&utm_campaign=vernon,https://lh3.googleusercontent.com/grass-cs/ACvplmNvCkqTLw0jd02QbqX2spbNO4mHLz2592Jo5-nYzPeVkOISBGStrVoggcakFYUH4Hbr1XQ5B6fq95HDhIjoT73Ov6nHstuh5ifE2N_9DpK8F4HEjGAX_EhIGYpg5IwCuuUXICs=s4800-w640,4.7,2846,https://maps.google.com/?cid=5299986618312662786&g_mp=Cidnb29nbGUubWFwcy5wbGFjZXMudjEuUGxhY2VzLlNlYXJjaFRleHQQAhgEIAA,No,,2026-09-28
Vernon,Brown Mechanical Services,"1001 Kalamalka Lake Rd, Vernon, BC V1T 6V4, Canada",(250) 545-4211,info@brown-mechanical.ca,https://brown-mechanical.ca/,https://lh3.googleusercontent.com/grass-cs/ACvplmPchP_jGwfW_5v82B8z1C5EGhFF7ohnifK3pLeUUCzPp-45FM66BnHCSPEo9MOgZvN3SGFkS2pnaJAXvy2uc4YNQ9gdivpLAl36Vuj8sZmllx6c8nPvbJvO_jXnO-d4n6FdClhE=s4800-w640,4.7,148,https://maps.google.com/?cid=13274287746536511755&g_mp=Cidnb29nbGUubWFwcy5wbGFjZXMudjEuUGxhY2VzLlNlYXJjaFRleHQQAhgEIAA,No,,2026-09-28
Vernon,Hao Goodair,"1935 11th Ave #3, Vernon, BC V1T 9A9, Canada",(250) 545-6662,info@haogoodair.ca,https://haogoodair.ca/,,5,11,https://maps.google.com/?cid=3419537663804969939&g_mp=Cidnb29nbGUubWFwcy5wbGFjZXMudjEuUGxhY2VzLlNlYXJjaFRleHQQAhgEIAA,No,,2026-09-28
Vernon,S P Seymour Ltd,"4217 25, Vernon, BC V1T 7G9, Canada",(250) 542-4122,spseymour1893@gmail.com,https://www.spseymourplumbing.ca/,https://lh3.googleusercontent.com/grass-cs/ACvplmO6S0fVHZIQGyPElRbYBgYTdv3lWOLgqBisoJ0ODGW8gvhd7XtIiMotQ3ougTBjkMxEsmbovDY3Iz8aHVIMa1aJOSEH-3Sjz4ZgeSnWAYm3QCq0m2GCXkoP-d4vU8cpbhbmEqZg=s4800-w250,4.7,29,https://maps.google.com/?cid=6163378406437377621&g_mp=Cidnb29nbGUubWFwcy5wbGFjZXMudjEuUGxhY2VzLlNlYXJjaFRleHQQAhgEIAA,No,,2026-09-28
Victoria,Coastal Heat Pumps,"538 Dupplin Rd, Victoria, BC V8Z 1C1, Canada",(250) 656-6868,,https://coastalheatpumps.com/,https://lh3.googleusercontent.com/grass-cs/ACvplmOmYAvtvYPXjF267LyD5mvt8osnwGBxdxLIUssBto9xqykqvjLV_ip5Go7_TrbfJ-yU7HdZW4q3Y4486GwkuQoPZPCagq5B3k-HfvYCeNA4hnvXJoFFMw7xGeDh7h53CHBiYhC4iQ=s4800-w640,4.9,928,https://maps.google.com/?cid=6385085697886360124&g_mp=Cidnb29nbGUubWFwcy5wbGFjZXMudjEuUGxhY2VzLlNlYXJjaFRleHQQAhgEIAA,Yes,,2026-09-28
Victoria,The Clear Choice Plumbing & Heating,"535 Yates St #200, Victoria, BC V8W 2Z6, Canada",(778) 265-6446,info@theclearchoiceplumbing.com,https://thesmellgoodplumbers.ca/?utm_source=GMB&utm_medium=Google&utm_campaign=GMB,https://lh3.googleusercontent.com/grass-cs/ACvplmM6KZmzHK-Zrx7A1U9J6mRaZ2lqZLCziW2Ebbe10UK977C2SaXuc6VpGU0EWkW6g0MV8KAF9mRvkuZG8xj59QpmymaMwKu5LnC6O1epmXp-5NABSO3emLUpalrO-ITSQoobd6xZfg=s4800-w640,4.9,626,https://maps.google.com/?cid=17039419363481729825&g_mp=Cidnb29nbGUubWFwcy5wbGFjZXMudjEuUGxhY2VzLlNlYXJjaFRleHQQAhgEIAA,No,,2026-09-28
Victoria,Sasquatch Heat Pumps,"1111 Blanshard St Suite 200, Victoria, BC V8W 2H7, Canada",(236) 361-8221,info@sasquatchheatpumps.com,http://sasquatchheatpumps.com/,https://lh3.googleusercontent.com/grass-cs/ACvplmPKh7iAgY2eXkWKQnu84y64j61LuwoKJ-0rXTxgtpq1N9TYZAObZxeTmi9WqMzT4JoSAdItaSgjzerovv88mENwLivSdcjjGT3QNrtun0_Lv3PAU_tRAply2YzXbtPWfeRYR83Hovmyd_U=s4800-w640,4.9,317,https://maps.google.com/?cid=10427265862334022613&g_mp=Cidnb29nbGUubWFwcy5wbGFjZXMudjEuUGxhY2VzLlNlYXJjaFRleHQQAhgEIAA,No,,2026-09-28
Victoria,Barracuda Mechanical,"1466 Denman St, Victoria, BC V8R 1X6, Canada",(250) 727-8747,admin@barracuda-mechanical.com,https://www.barracuda-mechanical.com/,https://lh3.googleusercontent.com/grass-cs/ACvplmNSmcJIBEfHKLNVMOo5QDXKRFUj3lrpEJTuEXcwzmyiTur8LFpVuqOVn6h7Jg51flaLrPW2CS1-Fv2uIOZZsuntt2M_cFI_PXOqcyhdgFHEGar_eKY7MBYNMp8XfSpTn3t9vhCQxABUYU_l=s4800-w640,5,40,https://maps.google.com/?cid=10278013818211501293&g_mp=Cidnb29nbGUubWFwcy5wbGFjZXMudjEuUGxhY2VzLlNlYXJjaFRleHQQAhgEIAA,No,,2026-09-28
Victoria,Method Air,"48 Montreal St #6, Victoria, BC V8V 1Y5, Canada",(778) 679-2060,info@methodair.ca,http://methodair.ca/?utm_source=gmb&utm_medium=victoria,https://lh3.googleusercontent.com/grass-cs/ACvplmMmRZo_ZsaB_xXH51jOoJHVLVf9wuSi2WkwFgg6C723nCSzrt_k8zleQKK9uZuDlFcoeHQ_RobUIQtugRHNpp7LicU3OFhR5G5HNOAZb9DrBK_pEOEorwvb3KhdjrGFHySZg82LWhs8Iy6e=s4800-w640,4.9,80,https://maps.google.com/?cid=6640021550600745481&g_mp=Cidnb29nbGUubWFwcy5wbGFjZXMudjEuUGxhY2VzLlNlYXJjaFRleHQQAhgEIAA,No,,2026-09-28
Victoria,Uptown Air Conditioning,"2620 Rock Bay Ave, Victoria, BC V8T 4R7, Canada",(778) 265-4422,info@uptownac.ca,https://www.uptownac.ca/,https://lh3.googleusercontent.com/grass-cs/ACvplmNqNwiur5OrrXo198fEMgjmhTYxKrRpWd6poDXOJhT1WnPrwcjh4O1MtG4V10fMXQmYBzVVT-H70Sj3QLnfA8OQ1YjL8G6pzPb9Kf19BC8xK0J1-3BkvDNW3diKKuBjcmyMAOFQ=s4800-w538,4.9,76,https://maps.google.com/?cid=15684608974578798676&g_mp=Cidnb29nbGUubWFwcy5wbGFjZXMudjEuUGxhY2VzLlNlYXJjaFRleHQQAhgEIAA,No,,2026-09-28
Victoria,Rather Be Plumbing,"756 Chesterlea Rd, Victoria, BC V8X 3R2, Canada",(250) 589-8555,,https://ratherbeplumbing.ca/,https://lh3.googleusercontent.com/grass-cs/ACvplmM3fP_pc_UyruhxxkLkHjzQq3iFDW2Wbl2s7K5vBZNbsuoLKke8DML-t1F8Q2h-_MKnvfzKt0vTahON1H76YDQ1kYbh6HiYZlCwbsQSk1dMUaOgKXZZ-gIJ1tBwEbtFqq0-zDLWR-hVUYt9=s4800-w640,4.8,1233,https://maps.google.com/?cid=2362092934157685482&g_mp=Cidnb29nbGUubWFwcy5wbGFjZXMudjEuUGxhY2VzLlNlYXJjaFRleHQQAhgEIAA,No,,2026-09-28
Victoria,The Comfort Group,"155 Langford St, Victoria, BC V9A 3B8, Canada",(250) 634-8840,,https://www.comfortgroup.ca/hvac-service-nanaimo/?utm_source=google&utm_medium=gmb&utm_campaign=ComfortGroup-gmb&se_campaign=ComfortGroup%20-%20GMB,https://lh3.googleusercontent.com/grass-cs/ACvplmMJT5CcGaRZmbFASOpoMR7agCE1w2vBE_8ao13gz1retWAzDo1Irmh1DLaDuPaerbB1cxHbFsuP6ZwhfySCBkcJ1_w5UphnV-AzpxW0RHCxiRZa8U8SxRbNKUtSUSJPS9741-ekIBu9Wg2i=s4800-w640,4.8,635,https://maps.google.com/?cid=1400727492242160989&g_mp=Cidnb29nbGUubWFwcy5wbGFjZXMudjEuUGxhY2VzLlNlYXJjaFRleHQQAhgEIAA,No,,2026-09-28
Victoria,Aire Serv of Greater Victoria,"1985 Millstream Rd, Victoria, BC V9B 6E2, Canada",(250) 984-8017,,https://www.aireserv.ca/greater-victoria/?cid=LSTL_ASV-CA000188&utm_source=gmb&utm_campaign=local&utm_medium=organic,https://lh3.googleusercontent.com/grass-cs/ACvplmO0MwJCemSKl9Qz_lnHUXcNwKc6ZPmV72Qw3DyWiZ3m01HBrARxSHyewuVRJrZZicNY8gLGfsubqb58GVehdm0f3lGzkgg-I1GAYtOGGmkiTxG4VY8qPEEdrxlAIFUc0HUgnsIaYg=s4800-w640,4.8,574,https://maps.google.com/?cid=18212427460468787860&g_mp=Cidnb29nbGUubWFwcy5wbGFjZXMudjEuUGxhY2VzLlNlYXJjaFRleHQQAhgEIAA,No,,2026-09-28
Victoria,Foster Heating & Cooling,"549 Kelvin Rd, Victoria, BC V8Z 1C4, Canada",(250) 475-0500,,https://www.fosterair.com/?utm_source=GMBlisting&utm_medium=organic,https://lh3.googleusercontent.com/grass-cs/ACvplmOjyi6pPjnIeLe2mxUdhibqijS849tEqJuVvD2Mt8zQoQOjbTRJmJ0o5wCVgtxf3VKr5P7hSvAt4S3C1LaW6zi2HlQzWhWD4DAV1dzo_-fM4vN6DSPEkiojTTlzM4vyT0SXVpWI=s4800-w640,4.8,274,https://maps.google.com/?cid=8883839239360202410&g_mp=Cidnb29nbGUubWFwcy5wbGFjZXMudjEuUGxhY2VzLlNlYXJjaFRleHQQAhgEIAA,No,,2026-09-28
Victoria,Trifecta Temperature Control,"2947 Oriole St, Victoria, BC V8R 2W9, Canada",(250) 812-3889,hello@trifectatc.com,http://www.trifectatc.com/,https://lh3.googleusercontent.com/grass-cs/ACvplmMO-SgX2tax6HbTQi7DaEGUrDT501xnkAsFrBj58WvETX21qI-mOQ0ldXgf8_1r8gK8vrEjEJBigcaXjC-CCqvxK6aJYlZOTEEwXo9GDZFwOKIyIR-z1lJbGH5nWHrEb31CqVTNIv2nBSc=s4800-w640,4.9,53,https://maps.google.com/?cid=15763512405965369525&g_mp=Cidnb29nbGUubWFwcy5wbGFjZXMudjEuUGxhY2VzLlNlYXJjaFRleHQQAhgEIAA,No,,2026-09-28
Victoria,RedBlue Heating & Refrigeration,"1057 Marwood Ave, Victoria, BC V9C 2P7, Canada",(250) 590-2080,sales@redbluehvac.com,https://redbluehvac.com/,https://lh3.googleusercontent.com/grass-cs/ACvplmM5XIl9UZRh15czxDpcBS91oF_Ot049uC1fW9iEk7DAaZWXzzgsWEDysjz4vgX7D3m0XnS9-r1wZzBUSOCxGK3UWYCLxSBV8X_BxMyG6GMqDtZ-VXeA_Oc7OqJA3X08jlyl4Faj=s4800-w640,4.8,179,https://maps.google.com/?cid=1876490110120363599&g_mp=Cidnb29nbGUubWFwcy5wbGFjZXMudjEuUGxhY2VzLlNlYXJjaFRleHQQAhgEIAA,No,,2026-09-28
Abbotsford,Magnum Creek Cooling,"30970 Wheel Ave Unit 404, Abbotsford, BC V2T 6G7, Canada",(604) 814-4944,,http://www.magnumcreek.com/,https://lh3.googleusercontent.com/place-photos/AG9NLjBnQwFjccRl3x_c4ExOH4KQk1ifDW-YiKfiLAKA-2gSpFh_p-t_giOpll0yPwiLaTOxW4-OfuN-BYZQ2wFtYtrqwIa73S9IrjP9vCTK-blU8NRC4JEZayyinIjfxHAxPQAt34-DQYsqQ3JrIXk=s4800-w640,5,15,https://maps.google.com/?cid=15388427929591495810&g_mp=Cidnb29nbGUubWFwcy5wbGFjZXMudjEuUGxhY2VzLlNlYXJjaFRleHQQAhgEIAA,No,,2026-07-21
Abbotsford,MLP Heating,"32586 Pandora Ave, Abbotsford, BC V2T 3X1, Canada",(778) 808-7811,,,https://lh3.googleusercontent.com/place-photos/AG9NLjBgLtENyJvmNIK9_J-pfiz_s4tCdCZ14_xaHBImk7KJjEsvinu3heqa_Fk9NsIMnTLMu1DNVmZyYf9796Mh0Nx4lmDmQ2MQU1VrM6RUaUczmHlzQqFQ58wUxDifaN7x-GXe5hOgxOrywQjTYg=s4800-w640,5,10,https://maps.google.com/?cid=8759447496491035852&g_mp=Cidnb29nbGUubWFwcy5wbGFjZXMudjEuUGxhY2VzLlNlYXJjaFRleHQQAhgEIAA,No,,2026-07-21
Burnaby,A2B Plumbing and Heating,"1531 Giles Pl, Burnaby, BC V5A 3K7, Canada",(604) 764-6267,,https://a2bplumbingheating.com/,https://lh3.googleusercontent.com/place-photos/AG9NLjA2R1yRchIRfcOaNXBJ-paNJRJ3R4bqbJ6_NzgnyvmAglpLdUuE5FBmb_w80siMqYEh6_ePUInKjlGZr7clNQLA_IB4gayDMy-J-biEBCsasL8zXsaXIBom8SP-BlF3DG_Rh8TtXPv_1XXfrUqbOWR-7w=s4800-w640,5,116,https://maps.google.com/?cid=11534965982569768482&g_mp=Cidnb29nbGUubWFwcy5wbGFjZXMudjEuUGxhY2VzLlNlYXJjaFRleHQQAhgEIAA,No,,2026-07-21
Coquitlam,Tidal Mechanical,"1325 Glenbrook St, Coquitlam, BC V3E 3G8, Canada",(604) 351-8380,info@tidalmechanical.com,https://www.tidalmechanical.com/,https://lh3.googleusercontent.com/place-photos/AG9NLjAbF1w3l-h9XYv4HVaVS8ixBAC1IcOVTGscSSnwSx5vJeNfmIyMs-8Tgq-F7KkGZt8xAYWS9EVBY_O4mbg9ZXWUNmTVZVBUwWuOslILhouDNLuTIyS-T4wODFxIv0VL2F7BDJ5FDCQISLEfoRk=s4800-w640,5,78,https://maps.google.com/?cid=2717381544417112519&g_mp=Cidnb29nbGUubWFwcy5wbGFjZXMudjEuUGxhY2VzLlNlYXJjaFRleHQQAhgEIAA,No,,2026-07-21
Kamloops,KTA Mechanical Inc.,"894 Dever Dr, Kamloops, BC V2B 6R1, Canada",(250) 299-4317,ktahvac@gmail.com,https://www.ktahvac.ca/,https://lh3.googleusercontent.com/place-photos/AG9NLjD4OchDULwprag-TlsbpV2JNiefqXnrY4K4Nodcq181zUvfo_YzXCDEFlXr0D2ttqJSdJNMZhPJOx2byuwzb2ioMeXXibvyl3bbmZcJpL1eF--pvYSS-nBs71zqzM4xRy8-MpYYeBix3K2qAA=s4800-w640,5,13,https://maps.google.com/?cid=2094113361030079971&g_mp=Cidnb29nbGUubWFwcy5wbGFjZXMudjEuUGxhY2VzLlNlYXJjaFRleHQQAhgEIAA,No,,2026-07-21
Kelowna,Triumph Heating & Air Conditioning,"1385 Stevens Rd #7, West Kelowna, BC V1Z 2S9, Canada",(250) 870-6567,info@triumphheatandair.com,http://www.triumphheatandair.com/,https://lh3.googleusercontent.com/place-photos/AG9NLjAyAzNZgSXpYUgIk5yUWG6XGxnI7h3KB1fjG-Ow8TbAGY-MjgF08NVUBuDIpy_dxmyy7mpOJSTB_zb80JqtzgzcFKAaIcZFGtjcXWO0kt31xo7FaDnUsPYMfJ1qwmHhW5kVo0pFu_WTtGykynz3XA-HcA=s4800-w640,5,738,https://maps.google.com/?cid=14230692647297047998&g_mp=Cidnb29nbGUubWFwcy5wbGFjZXMudjEuUGxhY2VzLlNlYXJjaFRleHQQAhgEIAA,Yes,,2026-07-21
Kelowna,Zoltera Mechanical Ltd.,"220 Neave Rd #8, Kelowna, BC V1V 2L9, Canada",(778) 583-2333,info@zolteramech.ca,https://zolteramech.ca/?utm_source=google&utm_medium=organic&utm_campaign=gbp-profile,https://lh3.googleusercontent.com/place-photos/AG9NLjBQB7UaJE1rLlKBYbN_a0rFX5fRTrUuIWoUaF2ucMJIGBqtgAVpQzomLnyifeqD4qZ752gglfls-AEFuzZIlSQbuC_WV_xrU2XYyQ0C6ZS3p1F3EBybzED1_4eEpsVqP7gvifVbiDOEI-E8hQ3NwjDFPw=s4800-w640,5,191,https://maps.google.com/?cid=9032766814904291309&g_mp=Cidnb29nbGUubWFwcy5wbGFjZXMudjEuUGxhY2VzLlNlYXJjaFRleHQQAhgEIAA,No,,2026-07-21
Richmond,Prime Plumbers Of Richmond,"8571 Cook Rd, Richmond, BC V6Y 1V6, Canada",(250) 607-1378,info@primeplumbers.ca,https://primeplumbers.ca/,https://lh3.googleusercontent.com/place-photos/AG9NLjAA4Sps0yBncuVI4ArSRCIrsuiG1H6nUcP-MW2Vn3m17zDIVTQ88kY1ZhXNL-DFrwWxzcTKA2vjACmZe016lYCjaxt3Ss3ugOV_XEYQZ993MCl10eEHrGcVrtJbTW6XT9R6AlaK_bcWiK1OxG8q5FpFjg=s4800-w640,5,83,https://maps.google.com/?cid=6547892125789644760&g_mp=Cidnb29nbGUubWFwcy5wbGFjZXMudjEuUGxhY2VzLlNlYXJjaFRleHQQAhgEIAA,No,,2026-07-21
Surrey,Bakerview Heating and Cooling,"18812 96 Ave Unit 4, Surrey, BC V4N 3R1, Canada",(604) 371-4328,info@bvhc.ca,http://www.bvhc.ca/,https://lh3.googleusercontent.com/place-photos/AG9NLjDtZtJubk62ipjw342ikxVFzm1hEBwYBi-kKH2wg9DCiAx0OmNrPzAF_uyofH6evHb3mg47uK70IFtpofetQjT7XDZOatMNCcOBfyGctxjuQhLBj-UPREi4bJ4r30D_q9EOOjDftqoUosdSX1-wEtCn2w=s4800-w640,5,95,https://maps.google.com/?cid=6660842259836302120&g_mp=Cidnb29nbGUubWFwcy5wbGFjZXMudjEuUGxhY2VzLlNlYXJjaFRleHQQAhgEIAA,No,,2026-07-21
Victoria,AE Electric Ltd dba AE HVAC Systems,"783 Cave St, Victoria, BC V9A 5T6, Canada",(250) 589-3314,support@ae-electric.ca,https://ae-electric.ca/,https://lh3.googleusercontent.com/place-photos/AG9NLjA3yAV14n7HphLthuZ6FyX1UhfeiftTHIPPwzJ7tZ6dxDyrM0BGJ3LN9dgzUAibir5yzVEToeCGeFpKt2uaYPfoI3DAZbYPtCOGw3rMJCc-pjqh6L6Cvemr5DZt730byLC6L7uxZTy3u5ODat5JCOIWYQ=s4800-w640,5,30,https://maps.google.com/?cid=8280588471390783386&g_mp=Cidnb29nbGUubWFwcy5wbGFjZXMudjEuUGxhY2VzLlNlYXJjaFRleHQQAhgEIAA,No,,2026-07-21
Victoria,Bears Heating & Cooling Ltd.,"Abraham Ct, Victoria, BC V8Z 7G4, Canada",(778) 977-6961,impallari@gmail.com,http://www.bearshvac.com/,https://lh3.googleusercontent.com/place-photos/AG9NLjDquJOFhX1iML4k-V4WenXe0FTIIHS1xrmw4EbeGvahcNNAWZgzBWO3wJtTKe62SecW5h1Zsnui-TajIA-B6rqJN791ISn1ESSpteesSlHUNHejb-4AI8Rqf1JXomnd-2TGh4U5_ithUsUF1Rg=s4800-w640,5,23,https://maps.google.com/?cid=9191847672652289932&g_mp=Cidnb29nbGUubWFwcy5wbGFjZXMudjEuUGxhY2VzLlNlYXJjaFRleHQQAhgEIAA,No,,2026-07-21
