City,Business Name,Address,Phone,Email,Website,Image URL,Google Rating,Review Count,Google Maps URL,HomePowerRebate Recommended,Notes,Last Updated
Toronto,Green Heating and Air Inc.,"1373 Bathurst St, Toronto, ON M5R 3H8, Canada",(416) 627-7724,info@greenheatingandair.ca,https://www.greenheatingandair.ca/,https://lh3.googleusercontent.com/grass-cs/AABkmLeb9-951bDkr3Jl_htIOTiB2499PXPvr1XHFjgD1sQvNmLS1dyzhCt_opWSAFHeM6fkQBRUMyq7ezoewncTE3TuEe-qQxgsj5GLboCq39U-G4WO3dQBGV4ELTIKYD1pbQa44Bm1MBvL3p2M=s4800-w480,5,190,https://maps.google.com/?cid=15683686892383433382&g_mp=Cidnb29nbGUubWFwcy5wbGFjZXMudjEuUGxhY2VzLlNlYXJjaFRleHQQAhgEIAA,Yes,,2026-09-28
Toronto,SunCool HVAC of Toronto - Midtown,"2300 Yonge St, Toronto, ON M4P 1E4, Canada",(647) 496-2057,,https://suncoolhvactoronto.com/,https://lh3.googleusercontent.com/grass-cs/ACvplmOIXq6CBFyXge0J_WbFvWD1ju6gKaMK7jueM4Wbcg0-6zJVyzSWQWaMJsWIrEUmIjFrSWY19SyKViCA6AA8WG-heaxKbFJEO8T46KKXpcDTmlwO9yXMTzwUoGNLzYiQkA4D6oRNZudjOW1-=s4800-w640,5,90,https://maps.google.com/?cid=15910303449836879207&g_mp=Cidnb29nbGUubWFwcy5wbGFjZXMudjEuUGxhY2VzLlNlYXJjaFRleHQQAhgEIAA,No,,2026-09-28
Toronto,Hudson Condominium Solutions Inc,"639 Queen St W Unit 401, Toronto, ON M5V 2B7, Canada",(437) 448-0640,service@hudsonhvac.ca,https://www.hudsonhvac.ca/,https://lh3.googleusercontent.com/grass-cs/ACvplmOXNBHFu8Dwx1FL1bQ983Zjbe10XcKunGrzYCFiTnSPnxzPzq3DekrYyMhAdvQfLel20GB10q9gazAY5EZNWampNY19NcxqHS1wiKFnrD4Uh5A7MjPkEYj8EK1gRpHlo8XrjczhtqmPNCJj=s4800-w640,4.9,1073,https://maps.google.com/?cid=17605120124632155189&g_mp=Cidnb29nbGUubWFwcy5wbGFjZXMudjEuUGxhY2VzLlNlYXJjaFRleHQQAhgEIAA,No,,2026-09-28
Toronto,PRIORITY HVAC SOLUTIONS Toronto,"124 King St W, Toronto, ON N0B 2S0, Canada",(647) 699-9204,,,https://lh3.googleusercontent.com/grass-cs/ACvplmOlc4YFNoZZ0TLzrtAGWCCO9E5OgR9iu5Udlj8ef6sWPpkz2u3jdBP3Yqp1NgNaAzNO828s3KudMw1OBO_1WfKbyujYbM_CBlUVXHMk-z0j8KWN1DYa34tWbwPC5dUmlHrRGblwwJErUtj1=s4800-w640,5,87,https://maps.google.com/?cid=6533385975591769449&g_mp=Cidnb29nbGUubWFwcy5wbGFjZXMudjEuUGxhY2VzLlNlYXJjaFRleHQQAhgEIAA,No,,2026-09-28
Toronto,Easy Flow Hvac Toronto,"2300 Yonge St, Toronto, ON M4P 1E4, Canada",(647) 269-6672,,http://easyflowhvac.site/,https://lh3.googleusercontent.com/grass-cs/ACvplmPjoLo_xPloY5eVN6FqRGJPYXGr0-8npKjIys2iBBAqz6mNyFb2Z4lfMMhK5DoVQsUwXoKuxrFCXcfY7PUyN8kwH6_yE82B-FFhBctn2SYa_5C6Lz5DY_Wypuc8VSzLelD32or_zdpnwvs=s4800-w640,5,66,https://maps.google.com/?cid=343136944851023084&g_mp=Cidnb29nbGUubWFwcy5wbGFjZXMudjEuUGxhY2VzLlNlYXJjaFRleHQQAhgEIAA,No,,2026-09-28
Toronto,SunnySide Heating and Air Conditioning,"30 Chester Hill Rd, Toronto, ON M4K 1X3, Canada",(416) 573-7212,info@sunnysidehvac.ca,http://www.sunnysidehvac.ca/,https://lh3.googleusercontent.com/grass-cs/ACvplmNYb-jOwiO8yqfOWdCngK8jiGeuuI61kTZ5sUt3rcOjbOnZnTDonflAT2Po_Whz-vSv4XAdTvasU6Vr8cJGbRPbaglAW7P_PpQccQhCo05j-SXx409_Vul7KEAj07HE13IxtOYRUKC8QiA=s4800-w640,4.9,195,https://maps.google.com/?cid=2895687456912781274&g_mp=Cidnb29nbGUubWFwcy5wbGFjZXMudjEuUGxhY2VzLlNlYXJjaFRleHQQAhgEIAA,No,,2026-09-28
Toronto,Climax Heating & Air Conditioning,"417 Bloor St W, Toronto, ON M5S 1X6, Canada",(866) 625-4629,info@climaxair.ca,https://www.climaxair.ca/,https://lh3.googleusercontent.com/grass-cs/ACvplmPDZ-SIFtfqlreJtotNiEPQL5PZGh6aZRVXs5uxAXgArpw_KIAy8ECSr5NKOibJ3PXptN--2cod9pUhR2nIAcHcK6KaY6Z2lPrr4W-H7MXBPIKcD6jp4n_wrIvu2kPbyVhMA0YQ=s4800-w640,4.9,135,https://maps.google.com/?cid=17971997549830487010&g_mp=Cidnb29nbGUubWFwcy5wbGFjZXMudjEuUGxhY2VzLlNlYXJjaFRleHQQAhgEIAA,No,,2026-09-28
Toronto,HVAC Market,"3080 Yonge St Ste 6060, Toronto, ON M4N 3N1, Canada",(437) 223-9253,info@hvacmarket.ca,https://hvacmarket.ca/,https://lh3.googleusercontent.com/grass-cs/ACvplmOnvyj1hfqZ_n3e2f7254rDJbZqXi1uhRXkGNbNpCyHRIhTGbWaBAFji4SDLwLJZhBLC3a8dYBBfDXdD8Thw04y9Ib1gLUU1fd4HCV4yhA8T6gHrHbTAvUiFPCEKErR3GLGjifnE1XYcV29=s4800-w640,4.9,130,https://maps.google.com/?cid=4603720042963542907&g_mp=Cidnb29nbGUubWFwcy5wbGFjZXMudjEuUGxhY2VzLlNlYXJjaFRleHQQAhgEIAA,No,,2026-09-28
Toronto,Econoair Heating and Cooling Inc,"1015 Bloor St W Second Unit 203, Toronto, ON M6H 1M1, Canada",(905) 763-8100,info@econoairhc.com,http://econoairhc.com/,https://lh3.googleusercontent.com/grass-cs/AABkmLfxZMCioxvBEhp_MVZhacp4aKdVPFuSIsM5S9fR8_SNPMFZaJDY5tYs2KZxGJ0p_ZT4N_8KAbpsu39aQBn4rWrzURMdnE5LXpAC6oKNoN2vKtnkVOCg2muVLDgXljz2lB4iV4fw43Y_3Ok=s4800-w640,4.9,78,https://maps.google.com/?cid=1428877522572516491&g_mp=Cidnb29nbGUubWFwcy5wbGFjZXMudjEuUGxhY2VzLlNlYXJjaFRleHQQAhgEIAA,No,,2026-09-28
Toronto,Downtown Toronto HVAC,"276 Carlaw Ave #127a, Toronto, ON M4M 3L1, Canada",(289) 724-2513,service@downtowntorontohvac.ca,https://downtowntorontohvac.ca/,https://lh3.googleusercontent.com/grass-cs/ACvplmP_sZslulP7k4vhl6rJelepVRokBix1y0oh97rYrbaIGqayrNkcK0UkYT59Fum7JskODCx9j26ApwZUG_c9SSvExXqPgm1pbwv5iatulTNTfqeVueyC2LgDY_pn8d_0wXprtsjlZ7V9ojNr=s4800-w640,4.9,75,https://maps.google.com/?cid=15560135453515684360&g_mp=Cidnb29nbGUubWFwcy5wbGFjZXMudjEuUGxhY2VzLlNlYXJjaFRleHQQAhgEIAA,No,,2026-09-28
Toronto,Superior Plumbing & Heating of Toronto,"120 Eglinton Ave E #500, Toronto, ON M4P 1E2, Canada",(647) 370-6703,info@superiorplumbing.ca,https://superiorplumbing.ca/toronto/?utm_source=gmb&utm_medium=organic&utm_campaign=gmb,https://lh3.googleusercontent.com/grass-cs/ACvplmMoK8-6dyGvbzKxjJSqPNTPQj0eyG_AhKKWlzp-6W2XJMRl9mjxiiCAb5NLbmfDApsW6kMsCrwZXpoQcolOR3NexyaVA6ZIho4DAfZDEPFJx7J1TCXonpq3eycorBrN8M469aE9EwBJ2Qv6=s4800-w640,4.9,74,https://maps.google.com/?cid=5476257200659135897&g_mp=Cidnb29nbGUubWFwcy5wbGFjZXMudjEuUGxhY2VzLlNlYXJjaFRleHQQAhgEIAA,No,,2026-09-28
Toronto,"Reliance Heating, Air Conditioning & Plumbing","145 Front St E Ste L3, Toronto, ON M5A 1E3, Canada",(888) 431-3111,,https://reliancehomecomfort.com/toronto/?utm_source=google&utm_medium=organic&utm_campaign=gmb-downtown-toronto,https://lh3.googleusercontent.com/grass-cs/ACvplmODgIYgZAJ09HxySgeRKZx6_FXBSCfNb7x4C66y37WyaqlBqhOdGYd6P0N3e_mK5LeIONOoIN8iHTlkFL_1-LJl_PH6WMu0v14mAGmuBW9GSzrgbtJygivtagcaAp5fkNqlySKyCg=s4800-w640,4.8,2332,https://maps.google.com/?cid=2563424196905227861&g_mp=Cidnb29nbGUubWFwcy5wbGFjZXMudjEuUGxhY2VzLlNlYXJjaFRleHQQAhgEIAA,No,,2026-09-28
Ottawa,Oria Heating and Cooling,"925 Longfields Dr, Ottawa, ON K2J 5K7, Canada",(613) 866-1869,info@oriaheatingandcooling.com,https://www.oriaheatingandcooling.com/,https://lh3.googleusercontent.com/grass-cs/AABkmLeIK06Hn_y3VwGCb_yN-h1yBe7dJ_1m-Ldx9yhfarGsM3Wkiu2nZN2PJMVbNCrh3ZrcjB5Cd_XiTGFIhKA0zgYeqtZ9hz5P7OH6nClLWg4I7AHtNZvLjrlPa0eQCY7GL49HrhPp8czrGhE=s4800-w640,5,576,https://maps.google.com/?cid=3916004625142094126&g_mp=Cidnb29nbGUubWFwcy5wbGFjZXMudjEuUGxhY2VzLlNlYXJjaFRleHQQAhgEIAA,Yes,,2026-09-28
Ottawa,Apple HVAC,"1468 Chatelain Ave, Ottawa, ON K1Z 8B1, Canada",(613) 315-7325,info@applehvac.ca,https://www.applehvac.ca/,https://lh3.googleusercontent.com/grass-cs/ACvplmOCNlcRO7e3wKhR94wmRLlDEITcmTh6EH9A61mk8PHgJyeDBL8aShXfHWLUCFPn_hzDuEm931TvTsGBgpZU_n6LxXTjQIj7f3y4dQrfiY6be9gwmOX83eqyQiHDfXbODjaE-lnbvFEeZh2v=s4800-w640,5,254,https://maps.google.com/?cid=13608540692467472386&g_mp=Cidnb29nbGUubWFwcy5wbGFjZXMudjEuUGxhY2VzLlNlYXJjaFRleHQQAhgEIAA,No,,2026-09-28
Ottawa,Ottawa Comfort Heating & Cooling,"33 Viewmount Dr, Ottawa, ON K2G 3C4, Canada",(613) 794-5625,info@ottawacomfort.ca,http://ottawacomfort.ca/,https://lh3.googleusercontent.com/grass-cs/AABkmLfg7UbLc2x8MIOMZdZegxBKfavoccHkFqP98L1Ts0jxvZo2-kWElFBKHl1kiQ_q4XN_Dontvn1u7oE-uzSUr78K3MbtBQkH35E_t13rHucXxVbauZVBq8GxF29kBXw7QmiDwXhFzQ=s4800-w640,5,193,https://maps.google.com/?cid=2240172610926270815&g_mp=Cidnb29nbGUubWFwcy5wbGFjZXMudjEuUGxhY2VzLlNlYXJjaFRleHQQAhgEIAA,No,,2026-09-28
Ottawa,MR Home Comfort Heating and Cooling Inc.,"38 Auriga Dr #200, Ottawa, ON K2E 8A5, Canada",(613) 695-1231,info@mrheatingandcooling.ca,http://mrheatingandcooling.ca/,https://lh3.googleusercontent.com/grass-cs/ACvplmPqzPzE9jH2jQ0Ped6f8sP6pzhSFn-RibEdTFjY-gZRnlWN_XMnES95o8LiLdJ_mPPqaFcCQqKKReG6FCxC8gHcOay265Acc73ny-ovHpcrnD6LgTlaAS3-Wc9-04muKxLEAGxFBA=s4800-w640,5,137,https://maps.google.com/?cid=10657150948822104378&g_mp=Cidnb29nbGUubWFwcy5wbGFjZXMudjEuUGxhY2VzLlNlYXJjaFRleHQQAhgEIAA,No,,2026-09-28
Ottawa,Tempzone Hvac,"3399b McCarthy Rd, Ottawa, ON K1V 9G6, Canada",(613) 862-5551,,http://tempzone.ca/,https://lh3.googleusercontent.com/grass-cs/ACvplmPYWJki6ez0TaCjtSdrXk9oW46Rvk31rbmF7uuQLok7UcfX3ck9nPRLvBZT554mv3LlaCs_MwAVo8GdKFPrs3FMNZFoQUXq-Q0NPfx1ABPA-erbviyWTJZrCyGEssIs9jAtNRRyFSmGnF0=s4800-w640,5,125,https://maps.google.com/?cid=1776997583854657733&g_mp=Cidnb29nbGUubWFwcy5wbGFjZXMudjEuUGxhY2VzLlNlYXJjaFRleHQQAhgEIAA,No,,2026-09-28
Ottawa,First Call Heating & Cooling Inc.,"174 Colonnade Rd S #15, Ottawa, ON K2E 7J5, Canada",(613) 793-5044,info@firstcallheatcool.com,http://www.firstcallheatcool.com/,https://lh3.googleusercontent.com/grass-cs/AABkmLfaKHV_GnwXcYiKD2NHNk0rcOAWstb5lYJFDnel6ewNv1LuBaJ1q1qttclQTSQqkjOPFCj7SaOdc7aTVYfTKyMb2fBfFQ3l-0UibnUmtqU34oupBPwTdH3N1A6_CcJJVt2aQ135qQ=s4800-w640,5,114,https://maps.google.com/?cid=17891584246769384526&g_mp=Cidnb29nbGUubWFwcy5wbGFjZXMudjEuUGxhY2VzLlNlYXJjaFRleHQQAhgEIAA,No,,2026-09-28
Ottawa,Francis Home Environment Heating and Air Conditioning,"38 Antares Dr Ste 400, Ottawa, ON K2E 7V2, Canada",(613) 723-4700,,https://www.francishome.ca/?utm_source=google&utm_medium=gmb&utm_campaign=Francis-gmb&se_campaign=Francis%20-%20GMB,https://lh3.googleusercontent.com/grass-cs/ACvplmMrPELz9Uf8hrlS-Sn6fI09H5-VcI1Mc1-PbOCvOB41XDyvOOE3bQEGSMEmpMsfP6abX1v9QGld97ZI0hjtbswu9wkvYtCg0-6F67n4r_LeuQ1kg8PPQt1Ei80c5bKKqIe5Fl_U=s4800-w640,4.9,6904,https://maps.google.com/?cid=9970492540711645384&g_mp=Cidnb29nbGUubWFwcy5wbGFjZXMudjEuUGxhY2VzLlNlYXJjaFRleHQQAhgEIAA,No,,2026-09-28
Ottawa,Anchor Home Comfort,"1181 Parisien St, Ottawa, ON K1B 4W4, Canada",(613) 704-4180,,https://www.anchorhomecomfort.com/?utm_source=google&utm_medium=gmb&utm_campaign=Anchor-gmb&se_campaign=Anchor%20-%20GMB,https://lh3.googleusercontent.com/grass-cs/ACvplmMzPsS0o4FJOLwxkavy2pI19CclOrw6Jf-2fvevvPxT-tKfRkWxy3suOhURbtXb2u_P0JiXaPIaCFQH75saV56Fo0fButorjkj51yF5yFwcTi9aRrfYgUlYfhlzHJP__wdn4J1c=s4800-w640,4.9,3975,https://maps.google.com/?cid=2019379483371474197&g_mp=Cidnb29nbGUubWFwcy5wbGFjZXMudjEuUGxhY2VzLlNlYXJjaFRleHQQAhgEIAA,No,,2026-09-28
Ottawa,JD Swallow Heating & Cooling,"2759 Fenton Rd #14, Ottawa, ON K1T 3T8, Canada",(613) 822-7976,,https://www.jdswallow.com/,https://lh3.googleusercontent.com/grass-cs/AABkmLd6a5fRF9Q9NQd-Te_hwI1vTijqJioBuHnOUDcPhT7oVYtjlRgdyMAIDYsWMH2NibctWK6nkIqMiFyrBV_dfvJReMi8iB2do4pzaG45VcLXAJEiq1dZNIll_K2awZCt5Ov8Qi32sr9cbxM=s4800-w640,4.9,1502,https://maps.google.com/?cid=1715305991436184399&g_mp=Cidnb29nbGUubWFwcy5wbGFjZXMudjEuUGxhY2VzLlNlYXJjaFRleHQQAhgEIAA,No,,2026-09-28
Ottawa,Comfort Tech Heating and Cooling (HVAC),"1000 McGarry Terrace, Ottawa, ON K2J 4G8, Canada",(613) 897-8324,derek@comforttechottawa.com,http://comforttechottawa.com/,https://lh3.googleusercontent.com/grass-cs/ACvplmMr6L66yD1_HxVAogLdVrvBKDfKVCNIMRuriJCtnvkj6UbhyJwiRyeePP5WN76XaCFRT9CsWeY5opgPPq5li2XsVQHzf1aCLQ3GOjlEp94Q1EE2LaD2NXjJKQCro5cqaFl84hBLT3-TVckO=s4800-w640,5,91,https://maps.google.com/?cid=17690496904561047527&g_mp=Cidnb29nbGUubWFwcy5wbGFjZXMudjEuUGxhY2VzLlNlYXJjaFRleHQQAhgEIAA,No,,2026-09-28
Ottawa,Rick Menard Heating & Cooling,"1228 Old Innes Rd Unit 313, Ottawa, ON K1B 3V3, Canada",(613) 834-1415,info@menardheatcool.com,https://menardheatcool.com/,https://lh3.googleusercontent.com/grass-cs/ACvplmOYxhcViPL5TRc7_v-HRwl4Q36jPfGuVMbi73AaOn4QuXB10L21tftI2t5FGpGdyBfJyNyHbe9oM5ur04FhMGep777JNYA89LQzyiAj_VbSP7o2hP-y-509T_CBVp1z-eWJmJAP5_talUGQ=s4800-w600,4.9,1198,https://maps.google.com/?cid=1123605952910069938&g_mp=Cidnb29nbGUubWFwcy5wbGFjZXMudjEuUGxhY2VzLlNlYXJjaFRleHQQAhgEIAA,No,,2026-09-28
Ottawa,AirZone HVAC Services,"174 Colonnade Rd S #27, Ottawa, ON K2E 7J5, Canada",(613) 592-5770,info@airzonehvac.ca,https://www.airzonehvac.ca/?utm_source=google&utm_medium=organic&utm_campaign=gbp,https://lh3.googleusercontent.com/grass-cs/ACvplmMsFb2p3tB2a7qde5P1t_MmXliiYTPeaaVyNFsKe04UOiiAchOIvRM1Sp1ju_tw5Wsr6a0XdEDjuCId5KC8Ow3-0j8BeHn3zWQ26UpVgyFz6Fx8oSGK2YW54KxplaJc_pT9cVa1=s4800-w640,4.9,1171,https://maps.google.com/?cid=1388927289343084792&g_mp=Cidnb29nbGUubWFwcy5wbGFjZXMudjEuUGxhY2VzLlNlYXJjaFRleHQQAhgEIAA,No,,2026-09-28
Mississauga,HVAC-Group,"1767 Branchwood Park, Mississauga, ON L4W 2E5, Canada",(416) 807-2752,info@hvac-group.com,https://hvac-group.com/,https://lh3.googleusercontent.com/grass-cs/ACvplmMgUQJebtzV6WqIxCVNUEb-XWYWJg4UJUqYOAt6LINODx5KvijZtJD16T_lhRhA5oonTkj7hi6NOvgBoimEPSzfepiflCvmO__kk539oY4tKxVycVjVw-OBJvuAFA70CRObAyO0GFXRG64=s4800-w640,5,279,https://maps.google.com/?cid=16223578767666831346&g_mp=Cidnb29nbGUubWFwcy5wbGFjZXMudjEuUGxhY2VzLlNlYXJjaFRleHQQAhgEIAA,Yes,,2026-09-28
Mississauga,MH Heating and Cooling Solutions,"2798 Termini Terrace, Mississauga, ON L5M 5S3, Canada",(647) 862-8248,info@mhheatingandcooling.ca,https://www.mhheatingandcooling.ca/,https://lh3.googleusercontent.com/grass-cs/ACvplmP8LFOxCW8Z5rSIFIsrcbw_4sVILTYj23lJKYqfGmJrbOY2LKmGJHLdphMLADd6fi3zVjvAqHQzzfDdssvkFSV7zL2dp9S36SeLRjAlqV42XqrMrjhjXXZfTY6egJthXogw7kfDAaGX0P9_=s4800-w640,5,216,https://maps.google.com/?cid=1282324065775459764&g_mp=Cidnb29nbGUubWFwcy5wbGFjZXMudjEuUGxhY2VzLlNlYXJjaFRleHQQAhgEIAA,No,,2026-09-28
Mississauga,Real Deal HVAC,"5625 Topaz Pl, Mississauga, ON L5M 7B7, Canada",(647) 280-6626,realdealhvac1@gmail.com,https://realdealhvacinc.com/,https://lh3.googleusercontent.com/grass-cs/ACvplmMrYDkt6n8sydka_DaIaQVc3y5YBUAO-IqJ8RaZQ3Uud9K0h5wmxIJXYkjia2ZjFwp12kD2H6DWUdWHiJItcQ4GLLrRtlS1tYMOdINrswwMLB2RCd9BVBqodnbT3nQEWTwK4jU6cCxlXvuo=s4800-w640,5,180,https://maps.google.com/?cid=7231010440030533146&g_mp=Cidnb29nbGUubWFwcy5wbGFjZXMudjEuUGxhY2VzLlNlYXJjaFRleHQQAhgEIAA,No,,2026-09-28
Mississauga,High Class Cooling & Heating Systems,"2810 Matheson Blvd E Suite 600,Office 105, Mississauga, ON L4W 4X7, Canada",(905) 399-9803,hvachighclass@gmail.com,https://www.hvacnear.ca/,https://lh3.googleusercontent.com/grass-cs/ACvplmNno8iIUxNYivSBia3pXxCa1JI2iLfOjjkz2HXvIfXF5m0501nAOV1hI0OEGmhErHcpCFjZfQl5niymTvymXGf4KwUkqA5DzurIO2RnNRvuClwnoZivmRkONXiZuTPAVmUQaX7gVrQfRQ4I=s4800-w640,5,127,https://maps.google.com/?cid=11103867044926263909&g_mp=Cidnb29nbGUubWFwcy5wbGFjZXMudjEuUGxhY2VzLlNlYXJjaFRleHQQAhgEIAA,No,,2026-09-28
Mississauga,"AVIS HVAC, COOLING & HEATING","190 Britannia Rd E #22, Mississauga, ON L4Z 1W6, Canada",(416) 655-2220,info@avishvac.com,http://www.avishvac.com/,https://lh3.googleusercontent.com/grass-cs/ACvplmMQh-ZrYzxdnmUTN3vbZTEIDON0HIwOyAJbaZb5cgakVDFAR8P0rKRcKPN0b-G5bpumy2tz0GwBq_Uwr-uUsBgSIsqNVkD1f1Pm7_4I-KW8iAXNmtT7P_zOXKrHBIaekwwByVC7=s4800-w640,5,105,https://maps.google.com/?cid=12139093000095657662&g_mp=Cidnb29nbGUubWFwcy5wbGFjZXMudjEuUGxhY2VzLlNlYXJjaFRleHQQAhgEIAA,No,,2026-09-28
Mississauga,Convertible Heating and Air Conditioning,"1321 Blundell Rd Units 10 & 11, Mississauga, ON L4Y 1M6, Canada",(800) 423-0969,info@convertibleair.com,http://www.convertibleair.com/,https://lh3.googleusercontent.com/grass-cs/ACvplmP_kFUZODTujuu5gz-bY7toiXI_924O8TVjUdyaZySuDWnIc3il5kOspo_YPRgVYPWX95OGTEz4F5woR7-hxCR9Mn-vJGnV6-co5viS2Upf9Qy2CRuifGjVtonS9OGDTDSeQn0IFw=s4800-w600,5,97,https://maps.google.com/?cid=6011129432076741700&g_mp=Cidnb29nbGUubWFwcy5wbGFjZXMudjEuUGxhY2VzLlNlYXJjaFRleHQQAhgEIAA,No,,2026-09-28
Mississauga,Furnace King Home Services,"1773 Mattawa Ave, Mississauga, ON L4X 1K5, Canada",(647) 558-9142,info@furnaceking.ca,https://furnaceking.ca/,https://lh3.googleusercontent.com/grass-cs/ACvplmObDFnA7Nc0D4XlHBu1jnJPDViRlRRaW-9r_f_u00GwEGdjoPOh0c2Ye5UsSAvOfhfTNxAdpyfV6LLnqiBG6VXBgY7Z5gG8dMyWQACIrK77c2pHd8CmVg8U6Ctp8OKglZ00Ufexo6L27-tj=s4800-w640,4.9,907,https://maps.google.com/?cid=3968380030133841819&g_mp=Cidnb29nbGUubWFwcy5wbGFjZXMudjEuUGxhY2VzLlNlYXJjaFRleHQQAhgEIAA,No,,2026-09-28
Mississauga,"Aire One Peel | Furnace Repair Mississauga, Heat Pump Installation & AC Service","1625 Courtneypark Dr E, Mississauga, ON L5T 1V9, Canada",(905) 564-8545,peel@aireone.com,https://www.aireonepeel.ca/?utm_source=google&utm_medium=organic&utm_campaign=gbp,https://lh3.googleusercontent.com/grass-cs/ACvplmOcnWFE4f0AFGHPwvXE-y_P6xu8RPw6M0eycJNBQAKO-n7AvvZWhMba4P4XfhgLP_vSsOchBBfWs1meD62JMtwbmPD4e-3Hj__g4yL7e-6VUAUIFKFZ05-VXqC3HHezr5uukZjc=s4800-w640,4.9,685,https://maps.google.com/?cid=1077240192644820939&g_mp=Cidnb29nbGUubWFwcy5wbGFjZXMudjEuUGxhY2VzLlNlYXJjaFRleHQQAhgEIAA,No,,2026-09-28
Mississauga,The Heatman Heating and Cooling,"366 Revus Ave #32, Mississauga, ON L5G 4S4, Canada",(647) 892-7396,info@theheatman.ca,https://theheatman.ca/,https://lh3.googleusercontent.com/grass-cs/ACvplmN3_N73ixp7YDN4AKJUS2aJ0nM5M4o_sHl8V2Rbsb8-lH78jGiQ4f-n_iBJsUBIcVTxRmb5NLm5EyC-2vodwChZab3oXugrJ6FI6ibdiTHMYAquL5vKbMZy35QoIyrc12xK7C9mumEh8eNp=s4800-w640,5,84,https://maps.google.com/?cid=15112298242799379336&g_mp=Cidnb29nbGUubWFwcy5wbGFjZXMudjEuUGxhY2VzLlNlYXJjaFRleHQQAhgEIAA,No,,2026-09-28
Mississauga,heavenlyair.ca,"Laurentian Ave, Mississauga, ON L4Z 2K3, Canada",(416) 887-0202,,,https://lh3.googleusercontent.com/grass-cs/ACvplmP6n2Nm-3U6Q8l1Vc0frqufZHBPOpwik173jAPao5Yr1xCrm6jXxuihLQXmfDShk5phWkebnHEwK3AXhY_tnMCMmh5HSnZ0GFeeAZwsOk--veEI53j_80SaHgGY3YHWLUqSlrI=s4800-w640,5,82,https://maps.google.com/?cid=1305432917620903260&g_mp=Cidnb29nbGUubWFwcy5wbGFjZXMudjEuUGxhY2VzLlNlYXJjaFRleHQQAhgEIAA,No,,2026-09-28
Mississauga,Glors Heating and Air Conditioning,"1426 Pate Ct, Mississauga, ON L5V 2Y8, Canada",(647) 883-4051,glorsheating@yahoo.com,https://www.glorsheating.com/,https://lh3.googleusercontent.com/grass-cs/ACvplmM6WPs3OkwvTScOxryt-FomGAEipsTI581hFWfCmWs75haixj40k8b81ZdSUCmA3RmN1jVV6BOGBL6kStX8uGKKLSMqRZiJfWR7vewkIB1EM6jY5pvkVo2CDkAiW0d8yx9oZSJG=s4800-w640,4.9,531,https://maps.google.com/?cid=16756406384904268527&g_mp=Cidnb29nbGUubWFwcy5wbGFjZXMudjEuUGxhY2VzLlNlYXJjaFRleHQQAhgEIAA,No,,2026-09-28
Mississauga,Leite Group - Hvac & Hydronics,"105 Hanson Rd, Mississauga, ON L5B 2E3, Canada",(416) 879-5790,leitegroupinc@gmail.com,https://leitegroupinc.com/,https://lh3.googleusercontent.com/grass-cs/ACvplmNuIYjRgsaWiUcCsLYxH99NkAd-McrHu904IsS-l0zeJMux6tLbLycUtUED3ERM9prnCcSz06zDPomT9ucFCUMlg82izVFNHnGJ1f-3w3d0zsJbmt61-0d-a7iaayVLsV9UufmEQQ=s4800-w640,5,73,https://maps.google.com/?cid=83042054830147154&g_mp=Cidnb29nbGUubWFwcy5wbGFjZXMudjEuUGxhY2VzLlNlYXJjaFRleHQQAhgEIAA,No,,2026-09-28
Brampton,North Star HVAC,"Donna Dr, Brampton, ON L6Z 3T3, Canada",(416) 727-1352,investor@lennox.com,http://www.lennox.com/,https://lh3.googleusercontent.com/grass-cs/ACvplmPNT4WFeBqHJ8_dySNaqms40OSsWxbsvUO31t3xlVniTz9JWkJOz84Z-sG0NB-nSmQEPPqF6GVUjqOZmq0eoYtTd3b-q75YSgb1HfTmqZzrNAGIiVaDRP_8SzgEN1cz5zMCGXvjurm_jsLn=s4800-w640,5,414,https://maps.google.com/?cid=13330748472817428900&g_mp=Cidnb29nbGUubWFwcy5wbGFjZXMudjEuUGxhY2VzLlNlYXJjaFRleHQQAhgEIAA,Yes,,2026-09-28
Brampton,Patel Heating and Air Conditioning,"142 Thornbush Blvd, Brampton, ON L7A 4P6, Canada",(647) 984-7874,,https://www.patelheating.ca/,https://lh3.googleusercontent.com/grass-cs/ACvplmO-ZZ-Di2qgOrsBP9S962OU56_KTr_D3CTXpfXU-hi2VJWfi4aUladCnOX6aKci94CZ-P65BfCDJz6yf9qr9i_tEhhBXWic-3ezIxkGysHUAmLv7OXjpoYaMtzBZzhl75yURvn4fA=s4800-w640,5,252,https://maps.google.com/?cid=16418329735493071921&g_mp=Cidnb29nbGUubWFwcy5wbGFjZXMudjEuUGxhY2VzLlNlYXJjaFRleHQQAhgEIAA,No,,2026-09-28
Brampton,Northwest Gas Ltd,"171 Advance Blvd, Brampton, ON L6T 4Z6, Canada",(905) 458-1021,info@northwestgas.ca,http://www.northwestgas.ca/,https://lh3.googleusercontent.com/grass-cs/ACvplmPMNIiMlmhfAFPrAxHhSmv6lY00ktN6yqG4RVznA2B4GwIwCdFApObiQpzdQ77UxgzzXDIVcr2rbi1oefiQlNbOUzR4jGi59dw1oF5RT37uB2L-A5mD5zthw4uHSwRAVIKRaYVxtA6PCyKj=s4800-w640,5,223,https://maps.google.com/?cid=438678580657045342&g_mp=Cidnb29nbGUubWFwcy5wbGFjZXMudjEuUGxhY2VzLlNlYXJjaFRleHQQAhgEIAA,No,,2026-09-28
Brampton,Glors Heating and Air Conditioning,"85 Fahey Dr, Brampton, ON L6Y 0N8, Canada",(647) 883-4051,glorsheating@yahoo.com,https://www.glorsheating.com/,https://lh3.googleusercontent.com/grass-cs/ACvplmPg8GBWaPbpiBRLpG6IYlaxQC_eR4YmPLV2kRz_tEpPCSH0CzZjWzCYIvtUDmWzBKwoHCXDzCKp_EExeMNtz2fnnzn7SKd4NI69_-W_9RK9jV_4BwanNyMceBU-iR7p1DNRMnWIjRxnWlpD=s4800-w640,5,210,https://maps.google.com/?cid=16433507882977037245&g_mp=Cidnb29nbGUubWFwcy5wbGFjZXMudjEuUGxhY2VzLlNlYXJjaFRleHQQAhgEIAA,No,,2026-09-28
Brampton,Airmax Heating and Cooling,"9 Citronella Ln, Brampton, ON L6R 3E1, Canada",(647) 779-9710,airmaxhvac79@gmail.com,https://airmaxhvac.ca/,https://lh3.googleusercontent.com/grass-cs/ACvplmPr9xA2pFAFANCoOuaHrCXZxfF9lp8A2YQE4DxtPDLsqZugEwHkAFQ6epibR5D3IK9YzRXsHIc_uUG9Aqobb9nRe9aczaWEspv0DhvnMjl-dghyf35QnTfUNOj9l9xOj_YRfNluxQ=s4800-w640,5,85,https://maps.google.com/?cid=12053923347811634474&g_mp=Cidnb29nbGUubWFwcy5wbGFjZXMudjEuUGxhY2VzLlNlYXJjaFRleHQQAhgEIAA,No,,2026-09-28
Brampton,GM Heating & Cooling,"8 Melanie Dr Unit# 8, Brampton, ON L6T 4K8, Canada",(647) 749-8899,info@gmheating.ca,http://gmheating.ca/,https://lh3.googleusercontent.com/grass-cs/ACvplmM7iAGn-3HIXuUHy3EAiGlA9ac9A8nPk7Mnm7aeE51-AMKjnVcD7xh-P0HcLWC1SqKGJi3EJ-Y3BDS4xbnbihf2DI9R55YfvcGXg9y0okOJ0sXbiUMowFmPCxm9mHAPu0SinYM=s4800-w640,5,85,https://maps.google.com/?cid=15553965585083022180&g_mp=Cidnb29nbGUubWFwcy5wbGFjZXMudjEuUGxhY2VzLlNlYXJjaFRleHQQAhgEIAA,No,,2026-09-28
Brampton,On Time HVAC Solutions,"89 Moffatt Ave, Brampton, ON L6Y 4K9, Canada",(416) 732-4324,info@ontimehvacsolutions.ca,https://www.ontimehvacsolutions.ca/,https://lh3.googleusercontent.com/grass-cs/ACvplmPD5uF6pGx7ZUd63zn7tFyD11s9g2pKHvX55xpa9uYlqrVPsZzq-KSzqCvY4BZ2NKoCLsKMLsAPi184bqFWOTEeBc2ulXCcBDQyCbWF9ugBk5Ti8PBVwbWI_3e61PpjiEPG9eMgqagfmkU=s4800-w640,4.9,287,https://maps.google.com/?cid=14659083848231579073&g_mp=Cidnb29nbGUubWFwcy5wbGFjZXMudjEuUGxhY2VzLlNlYXJjaFRleHQQAhgEIAA,No,,2026-09-28
Brampton,Heartlake Heating and Cooling,"Forestgrove circle, Brampton, ON L6Z 4T3, Canada",(416) 702-4876,,,https://lh3.googleusercontent.com/grass-cs/ACvplmNi_hViJDdxzi7g_8Z1nFtZDIhWjA2WV2wHrlpiTGPKEfIeAMkS0PTlTaoLE2DUnjYfKwL98cpSBxR6wtoWfgGkqdTiJ0zhJZqRzFhJ7HhT0GUKEbYiqrIgpujLP3HrDIGjCNPG_6qDaXm1=s4800-w640,5,57,https://maps.google.com/?cid=8230656029105582849&g_mp=Cidnb29nbGUubWFwcy5wbGFjZXMudjEuUGxhY2VzLlNlYXJjaFRleHQQAhgEIAA,No,,2026-09-28
Brampton,Lapis Heating & Air Conditioning,"82 Sutherland Ave, Brampton, ON L6V 2H7, Canada",(647) 573-6990,contact@lapis-hvac.com,https://www.lapis-hvac.com/,https://lh3.googleusercontent.com/grass-cs/ACvplmOxx4UVKdQJ6mRr-4B8h2MxYxxg-tn9DZuhRI3Bsv6H9QuQn9OHg3YQjZkiHvUbL6apqwt9D9EAA0KENmgYgs4vyPKBSlm6hSaTsyJkUrH0zIRRLE__blsMsRXXo_qmB3DsJao=s4800-w640,4.9,149,https://maps.google.com/?cid=16161724541777148118&g_mp=Cidnb29nbGUubWFwcy5wbGFjZXMudjEuUGxhY2VzLlNlYXJjaFRleHQQAhgEIAA,No,,2026-09-28
Brampton,Noble Home Comfort,"14 Newgreen Crescent, Brampton, ON L6S 4Y1, Canada",(647) 724-5544,,https://noblehomecomfort.ca/,https://lh3.googleusercontent.com/grass-cs/ACvplmNV_5yQZKY0aiED7M3UDGu-6QP1OR2O-PU3AjKG66q9qdPQfEewxYDwvr69ChbTeXqQnxeJplxepMZzQEOu8J2Z3C07POSpS1Aa6FNHaYEN_Yi5BbR20pWWCslHOCreDCABegnqnQ=s4800-w640,4.9,122,https://maps.google.com/?cid=9040880092203247328&g_mp=Cidnb29nbGUubWFwcy5wbGFjZXMudjEuUGxhY2VzLlNlYXJjaFRleHQQAhgEIAA,No,,2026-09-28
Brampton,"The HVAC Squad - Heating, Air Conditioning & Ventilation","10 George St N #190, Brampton, ON L6X 1R2, Canada",(647) 701-8265,info@thehvacsquad.ca,https://thehvacsquad.ca/,https://lh3.googleusercontent.com/grass-cs/ACvplmOI-IBRw4tybUedbSECynlxFWK3rXy-9Q5Ntdw_yZ5gb25N1oNJx5K2M4WDbIu5zsTqhwSuYXjG4EnFoff2pIz5r3aF8bPSeartxSSy8AjM7q824S8dRBkTgrs3N0EJlVdsAib4FktBqLcf=s4800-w640,5,49,https://maps.google.com/?cid=4038042908652664940&g_mp=Cidnb29nbGUubWFwcy5wbGFjZXMudjEuUGxhY2VzLlNlYXJjaFRleHQQAhgEIAA,No,,2026-09-28
Brampton,AW Mechanical Systems,"7 Faithknight Ct, Brampton, ON L7A 1H8, Canada",(416) 726-6070,,https://awmech.com/?utm_campaign=jl&utm_medium=organic&utm_source=google&utm_term=gmb,https://lh3.googleusercontent.com/grass-cs/ACvplmOvmdsvQxrcQZ63dP1ubqw9LeFw8k8vY1szrxXF5jXNzuobnImn1KyQstr2Jve3MgLCwerS1jY2CLJAxhUsdOARhqVyKdxLfm4Z_DZ8boaAv01u-N9V0qxd7QFQcqpmDwiqSoXm8NvNdedk=s4800-w640,4.9,109,https://maps.google.com/?cid=9089942784450828863&g_mp=Cidnb29nbGUubWFwcy5wbGFjZXMudjEuUGxhY2VzLlNlYXJjaFRleHQQAhgEIAA,No,,2026-09-28
Hamilton,Dynamic Heating & Cooling,"1527 Upper Ottawa St Unit 13, Hamilton, ON L8W 3J4, Canada",(289) 204-6781,info@dynamicheatandcool.ca,https://dynamicheatandcool.ca/?utm_campaign=gmb,https://lh3.googleusercontent.com/grass-cs/ACvplmPJBujzROuhArTO8CpSp4zE36N3UdKTh7xbVn9-NYRoGoeGIBf-El3y7gmGuAIisRfREK6Al0F2HFHA2E5ng1eikd_HrlJ4yz7JwBqGeBvn63_WgIf-EzCMdt4GseE4BrN8fRzKuA=s4800-w640,5,825,https://maps.google.com/?cid=7127616785448395863&g_mp=Cidnb29nbGUubWFwcy5wbGFjZXMudjEuUGxhY2VzLlNlYXJjaFRleHQQAhgEIAA,Yes,,2026-09-28
Hamilton,MDM Mechanical,"209 E 13th St, Hamilton, ON L9A 3Z6, Canada",(647) 654-4328,,https://www.mdmmechanical.ca/?utm_source=google&utm_medium=organic&utm_campaign=gmb,https://lh3.googleusercontent.com/grass-cs/ACvplmOJm_qIa1v4DXY3kJ4a41uM9pysW3JJm6NuM2GwZSDBMk3ftFIohNqMGi6KmHuOADV-hIVXHGZKaaUIR5LA-WdoJGhVeeYUUl87ek_uFegTvvqHXtRZ6fLv0R7kvRccmrqjb0E9=s4800-w640,5,143,https://maps.google.com/?cid=17576140936702398275&g_mp=Cidnb29nbGUubWFwcy5wbGFjZXMudjEuUGxhY2VzLlNlYXJjaFRleHQQAhgEIAA,No,,2026-09-28
Hamilton,MY HVAC Guy,"Hannon West, Hamilton, ON L8W 3P3, Canada",(905) 802-5622,matt@myhvacguy.ca,https://www.myhvacguy.ca/,https://lh3.googleusercontent.com/grass-cs/ACvplmPD27aqZ3cbUKXOWI1dtDivwOfMf-qVNOr2dbiPY9HvrVLH1esCHMQ8nM9iOwr94uREui343jgXsDmyz7MhX8sRpyIzzcB2sva-XkfVU-qDn7x34tEPJ-fRhmcLIOocuYz1vzlW=s4800-w640,5,100,https://maps.google.com/?cid=4912186594019039464&g_mp=Cidnb29nbGUubWFwcy5wbGFjZXMudjEuUGxhY2VzLlNlYXJjaFRleHQQAhgEIAA,No,,2026-09-28
Hamilton,Spurr Heating & Air Conditioning,"95 Hempstead Dr #1, Hamilton, ON L8W 2Y6, Canada",(905) 526-4875,info@spurrhvac.com,http://www.spurrhvac.com/,https://lh3.googleusercontent.com/grass-cs/AABkmLfJJCrosfhCdJKZz3Oa7t0Tt4BApr8xuCH4U8P0tJtsdZchfYknAQgCXLzGX9NaiMTC5n4vhTjzGNfgchd6y8-eTl83k6lI6P3V7lFf7uIwaSGhKHNy9JqgWNP7HS9nuJeZQv2D=s4800-w640,4.9,1262,https://maps.google.com/?cid=6703868237059593736&g_mp=Cidnb29nbGUubWFwcy5wbGFjZXMudjEuUGxhY2VzLlNlYXJjaFRleHQQAhgEIAA,No,,2026-09-28
Hamilton,"Superior HVAC Service, Heating & Air Conditioning","120 Hughson St S, Hamilton, ON L8N 2B2, Canada",(226) 702-4446,info@superiorhvacservice.ca,https://superiorhvacservice.ca/hamilton/?utm_source=gmb&utm_medium=organic&utm_campaign=gmb,https://lh3.googleusercontent.com/grass-cs/ACvplmMgShWNBhokPG27MKaok_cTEOPUjE5OhUskq16VUfHf5SYN-eF_AFzDPdo5aNy_8sBe66cavdtzobQMxfS48D2qPXx8IBjTICK6ZYxL7sB6qgM3nCIeLNP7skcRMnKs7uusIPHEbFEyh4as=s4800-w640,5,87,https://maps.google.com/?cid=12869883000454706078&g_mp=Cidnb29nbGUubWFwcy5wbGFjZXMudjEuUGxhY2VzLlNlYXJjaFRleHQQAhgEIAA,No,,2026-09-28
Hamilton,Super Air Heating & Cooling,"762 Upper James St Unit 227, Hamilton, ON L9C 3A2, Canada",(647) 939-4442,info@superairhvac.ca,https://superairhvac.ca/,https://lh3.googleusercontent.com/grass-cs/ACvplmPb1dbpWA5kVDu67Dy6gn9StuubtAG24SLEQxwIvv6CoLrPfExXkMrGh4aoIK_3-7kM-hwWVaHYdJqQBhuYRs64fmgnJOqcrKv0vK-Fy3j_IZZZZZHUJ0HBLNdW7dNUf4EVi9Q1qA=s4800-w640,5,87,https://maps.google.com/?cid=17576167180168308348&g_mp=Cidnb29nbGUubWFwcy5wbGFjZXMudjEuUGxhY2VzLlNlYXJjaFRleHQQAhgEIAA,No,,2026-09-28
Hamilton,DHEM Heating & Cooling,"565 Rymal Rd E Unit 49, Hamilton, ON L8W 3Y2, Canada",(289) 941-1226,service@dhemhvac.ca,https://dhemhvac.ca/,https://lh3.googleusercontent.com/grass-cs/ACvplmOoFOtxwvdmfCWXp9uVEuuwDBehmyBz3OvFpiXcpb2MGROBXPFGjGJq2WwjcsWe3RdnWUWz1HWoqiioN5SiuQo-IFbLMqrzEV3x7xTBxv1RVIP57vZXNoOgHor5fMC-Md9rmvjhXwLNf9ec=s4800-w640,5,58,https://maps.google.com/?cid=12694305780113283646&g_mp=Cidnb29nbGUubWFwcy5wbGFjZXMudjEuUGxhY2VzLlNlYXJjaFRleHQQAhgEIAA,No,,2026-09-28
Hamilton,D.A.D. HVAC,"137 Birge St, Hamilton, ON L8L 3L6, Canada",(888) 323-4822,info@dadhvac.ca,http://dadhvac.ca/,https://lh3.googleusercontent.com/grass-cs/ACvplmNNCN1TQruzdwKvspM83xTzsgysR9CN5iN3M0vuNczSTXx4shWSG0JehPex3pXa66y3HdeN3iDPKtkWw_VJbm4IqiUuHWM0t9WftkoEYTtnSXX8qmAVW4-GJg5byQiAqMVwHWke=s4800-w640,5,58,https://maps.google.com/?cid=2195703264926636218&g_mp=Cidnb29nbGUubWFwcy5wbGFjZXMudjEuUGxhY2VzLlNlYXJjaFRleHQQAhgEIAA,No,,2026-09-28
Hamilton,Superior Plumbing & Heating of Hamilton,"337 Gage Ave N #12, Hamilton, ON L8L 7A8, Canada",(365) 400-7170,info@superiorplumbing.ca,https://superiorplumbing.ca/hamilton/?utm_source=gmb&utm_medium=organic&utm_campaign=gmb,https://lh3.googleusercontent.com/grass-cs/ACvplmPTtSNds08JC2XRwuXcdSz4PM5oHCWC-E8K9HarWuDpjIZUpnpwwMRRI75ojdgdpA1mu4noz8y7FrHx-ZIetizozVQ2u2YFxS82MR0Jdbd-z0H330GA6IAHxtVrX2ygFQjKrXzPSBSDxrn1=s4800-w640,4.9,89,https://maps.google.com/?cid=12733505916072597992&g_mp=Cidnb29nbGUubWFwcy5wbGFjZXMudjEuUGxhY2VzLlNlYXJjaFRleHQQAhgEIAA,No,,2026-09-28
Hamilton,HAMCO Heating and Cooling Ltd.,"200 Queen St N, Hamilton, ON L8R 2W3, Canada",(905) 527-1049,info@hamco.ca,http://www.hamco.ca/,https://lh3.googleusercontent.com/grass-cs/ACvplmMIdjypt1jsdzs4I1VNEZh-OozDjgq8sd8kwh3zcO3B19aHRGOpgRMGt5172FgEikZyFO4J7rrA7c4vRv19jB66hcskdCTwN2KhwOER7aHmHzAZA-qGsSZOBq5gbBfKksoAVo-pBHaqnQFN=s4800-w640,4.8,777,https://maps.google.com/?cid=6666474437743837937&g_mp=Cidnb29nbGUubWFwcy5wbGFjZXMudjEuUGxhY2VzLlNlYXJjaFRleHQQAhgEIAA,No,,2026-09-28
Hamilton,Nik Heating N Cooling,"372 Cranbrook Dr, Hamilton, ON L9C 4T3, Canada",(647) 904-9870,,https://nikhvac.ca/,https://lh3.googleusercontent.com/grass-cs/AABkmLcHQxXy4PICVtv9E6xddCNofkoEvhutQZqxroN7Mj5T0Yo0gvI6qTC07rOCrD7I_jcWK21oQzryx-4k00vRWHGpQj5EVL3AKTjvg9xOz7Y62aBbhsGt5jjzJGHx8s3MCkjbRaENx9vIRME=s4800-w640,4.9,60,https://maps.google.com/?cid=6194931254190472803&g_mp=Cidnb29nbGUubWFwcy5wbGFjZXMudjEuUGxhY2VzLlNlYXJjaFRleHQQAhgEIAA,No,,2026-09-28
Hamilton,Adam's Air Systems - Heating and Air Conditioning,"229 Parkdale Ave N, Hamilton, ON L8H 5X4, Canada",(905) 746-3853,adamsair@live.com,http://www.adamsairsystems.ca/,https://lh3.googleusercontent.com/grass-cs/ACvplmPdpiO4Ew3-3WVEVEGUygul4x-s3aSliclT_-7IrSswDljAHysPTrI7F3y2ODi9gu7IOoNfr_mtRssjIy4bqcS2XnRq4M8aWf0e6Pk1QKLb2VDsknEOSLk74hhBj6iIIbuPbvmICQOHxuw=s4800-w640,4.8,216,https://maps.google.com/?cid=15202425599052163326&g_mp=Cidnb29nbGUubWFwcy5wbGFjZXMudjEuUGxhY2VzLlNlYXJjaFRleHQQAhgEIAA,No,,2026-09-28
Markham,Royal Air Solutions,"168 Steeles Ave E, Markham, ON L3T 1A5, Canada",(416) 827-1916,,https://royalairsolutions.ca/,https://lh3.googleusercontent.com/grass-cs/ACvplmOLyfT8cW-dd4_LT0gpm408Y4rv-PosAKN4HDAz0e38LDsxPtTHvRY8nR64BTGmhe4jBLsmHq1e7naBxm7SIuT88RdUOkKzYocDcMGoHklRhmz4lNHNvZ_tCAnRgXYHTPSsnUNZ=s4800-w640,5,301,https://maps.google.com/?cid=10577450067033108804&g_mp=Cidnb29nbGUubWFwcy5wbGFjZXMudjEuUGxhY2VzLlNlYXJjaFRleHQQAhgEIAA,Yes,,2026-09-28
Markham,Rosewood Heating and Cooling Ltd.,"23 Tailor St, Markham, ON L3P 6M8, Canada",(647) 298-3721,info@rosewoodheating.com,https://www.rosewoodheating.com/,https://lh3.googleusercontent.com/grass-cs/ACvplmMCldEDLBNLp_C8rLNlQe9BXQTJw9Qk6r-h4nKL4AhAP27cbPnUx3QltBH5zTk_ibO0ZQRL1Izhc66UWIoAt6bTx_uy8NWLzDzbv8Io724zQfNigViPO5wronyHXMumFxgj4IW_=s4800-w640,5,141,https://maps.google.com/?cid=14826697981750601883&g_mp=Cidnb29nbGUubWFwcy5wbGFjZXMudjEuUGxhY2VzLlNlYXJjaFRleHQQAhgEIAA,No,,2026-09-28
Markham,ICare Home Comfort,"1001 Denison St Unit 1-2, Markham, ON L3R 2Z6, Canada",(905) 399-9888,info@icarehomecomfort.com,http://www.icarehomecomfort.com/,https://lh3.googleusercontent.com/grass-cs/ACvplmMqDcY7fFSAwsF59YjtLAiDxX_4wjGcSSaa_tcsq75o1ve9fYl7_NCzAOBZ-9tVINPdB3-wLFcc6mRjVAUSgEpEre6taM9VGcFWVAbMG6iqyCTjF2wl07f2qp3A5_4xRzzYIptAr14dnyE=s4800-w640,4.9,907,https://maps.google.com/?cid=8093333610427011358&g_mp=Cidnb29nbGUubWFwcy5wbGFjZXMudjEuUGxhY2VzLlNlYXJjaFRleHQQAhgEIAA,No,,2026-09-28
Markham,Hargrave Heating & Air Conditioning,"85 Ferrier St Unit 5, Markham, ON L3R 2Y9, Canada",(416) 988-9799,,https://hargraveheating.com/?utm_source=GMB&utm_medium=google&utm_campaign=business_listing,https://lh3.googleusercontent.com/grass-cs/ACvplmOdGIzwMOKYrmileHCHNSt-BZY2-YtZvZGLo1HyMHEq60ko3vMGaARoE1RgiHyd3yHyB5oU_OUFccoFjpyDkgMZnQ3x8GxmLLAWhdMJf-FhdyASjAHioGxCyNYGtViYWq6ZOEM=s4800-w640,4.9,438,https://maps.google.com/?cid=1995987559959421836&g_mp=Cidnb29nbGUubWFwcy5wbGFjZXMudjEuUGxhY2VzLlNlYXJjaFRleHQQAhgEIAA,No,,2026-09-28
Markham,Service Express HVAC,"410 Hood Rd, Markham, ON L3R 3X2, Canada",(416) 637-1678,info@servicexpress.ca,https://www.servicexp.ca/,https://lh3.googleusercontent.com/grass-cs/ACvplmNul8YSKhWuus6Ew-0Dbjl6jX6qBZQ1G3tdtNiYC1z8jKvrQ3-Hcc5ysYjNqqynAzY9PFEoDAkarqCVW1idrdXmeMc7dRtU4UlhJmT0yXbdqij2bVhJADRvt5uuQAnn7ONMS68=s4800-w640,4.9,434,https://maps.google.com/?cid=6710927714355865382&g_mp=Cidnb29nbGUubWFwcy5wbGFjZXMudjEuUGxhY2VzLlNlYXJjaFRleHQQAhgEIAA,No,,2026-09-28
Markham,Superior Care Home Services Inc.,"185 Riviera Dr Unit 9, Markham, ON L3R 5J6, Canada",(416) 859-8555,info@superiorcare.ca,http://www.superiorcare.ca/,https://lh3.googleusercontent.com/grass-cs/ACvplmNl90_2ZRN7U6av7kF3Hq-9Dr4-lc3ds8ODQWklso_ZYQNY_nfIjxj4YKxNlIHtbOHeGJxmEXWtO_HN7v7ZcaGSOZDx7-gmjLKIXf9VJcfMsW45lYS3vAXWWRrUqn3WHeX-6w3y=s4800-w640,4.9,312,https://maps.google.com/?cid=12317216374246877429&g_mp=Cidnb29nbGUubWFwcy5wbGFjZXMudjEuUGxhY2VzLlNlYXJjaFRleHQQAhgEIAA,No,,2026-09-28
Markham,HVAC Smart Solution,"7165 Yonge St, Markham, ON L3T 0C9, Canada",(416) 316-1616,hvacssscorp@gmail.com,http://hvacsmartsolution.ca/,https://lh3.googleusercontent.com/grass-cs/ACvplmMpyr7Atg55kqKB5Rck7NiiRAQWzegKljzBQ715rg-sXiiTowPkdfOc4p3eTlEVYuiknpyoBdVjV56uunyhJc-WO6vA8EIPRvDaSvgpMvURMp0Bd1Dnu99BOFxW7-ZYMArNkXzgVkPtqD6A=s4800-w640,5,68,https://maps.google.com/?cid=1664878855230153716&g_mp=Cidnb29nbGUubWFwcy5wbGFjZXMudjEuUGxhY2VzLlNlYXJjaFRleHQQAhgEIAA,No,,2026-09-28
Markham,多伦多冷暖气公司 - 亿家冷暖,"1001 Denison St Unit 3, Markham, ON L3R 2Z6, Canada",(905) 399-9888,info@icarehomecomfort.com,https://icarehomecomfort.com/zh/,https://lh3.googleusercontent.com/grass-cs/ACvplmOETsEOMYlrFcerDVyxNxMca2QAKLoDA5nog-M80wEOKIj9HKGehoCYnpJT-YhuRLiRmEBxFSmj6TDTCulpOTtq6-iGhb25Iw-LwAVTOlwaGwNQVzEL5T313mTmL5jF7ROqzezv_frFJa0=s4800-w640,4.9,180,https://maps.google.com/?cid=15781842337392547036&g_mp=Cidnb29nbGUubWFwcy5wbGFjZXMudjEuUGxhY2VzLlNlYXJjaFRleHQQAhgEIAA,No,,2026-09-28
Markham,HVAC BOSS,"55 Austin Dr, Markham, ON L3R 8H5, Canada",(416) 835-2131,mehrdad@hvacboss.ca,https://www.hvacboss.ca/,https://lh3.googleusercontent.com/grass-cs/ACvplmNAYFm2pl6vfJrmv644Vq84AD3e8HqtyBnG4lPulXOmcv9McO92D9EDAwXi5eLM4C7kKtik8l-bkN3fT4vV-qu_nz6nrEZfwY1Wvnmjii3fDQqOfuEq0yO6WoPEwr9GNxY_LtcCxOu-mIEO=s4800-w640,5,59,https://maps.google.com/?cid=14851748228651115426&g_mp=Cidnb29nbGUubWFwcy5wbGFjZXMudjEuUGxhY2VzLlNlYXJjaFRleHQQAhgEIAA,No,,2026-09-28
Markham,Markham Heating & Air Conditioning,"320 Don Park Rd, Markham, ON L3R 1J4, Canada",(905) 471-1748,book@markhamheating.com,http://www.markhamheating.com/,https://lh3.googleusercontent.com/grass-cs/ACvplmP3ZWyAJdKWUdmRmFh24AYedF6HsvpWr-2dI6YrHIPsNbyvS-Shj-YXY7RrcVO0kL4ifSt-re2pxa511AtFNHXosSNC2SjEI_ytJxqPVNTsnWTOHoU0Sivc4DTZi8G_GmpGaRlSnJ6MInY=s4800-w640,4.9,125,https://maps.google.com/?cid=11038079432664222563&g_mp=Cidnb29nbGUubWFwcy5wbGFjZXMudjEuUGxhY2VzLlNlYXJjaFRleHQQAhgEIAA,No,,2026-09-28
Markham,City Energy Heating & Air Conditioning Markham,"7165 Yonge St, Markham, ON L3T 0C9, Canada",(647) 830-0083,info@city-energy.ca,https://www.city-energy.ca/,https://lh3.googleusercontent.com/grass-cs/ACvplmM-_ktJnMMiKs8tOp0CVk8BWqQlDegRkLemQtE_0PemagdrNGJyux7EKU6lZv7Il3XCOplxlKQA7TUWbNE6FLKAfRZHRHmw59NeYlTvEIBY1aII2veQkaw0umdZeA5nxjZBR9N1Sd-U3IS8=s4800-w640,4.9,110,https://maps.google.com/?cid=4310943398599289752&g_mp=Cidnb29nbGUubWFwcy5wbGFjZXMudjEuUGxhY2VzLlNlYXJjaFRleHQQAhgEIAA,No,,2026-09-28
Markham,Exalted Services,"7030 Woodbine Ave Unit 500, Markham, ON L3R 6G2, Canada",(855) 888-0999,info@exaltedservices.com,https://exaltedservices.com/,https://lh3.googleusercontent.com/grass-cs/ACvplmNvax7cBVLCtZIdil0W3KHNFKfJKbw1aUctlbdsKWU2kIvInUOs-2AdsquQ2THDtQmWqMYb0xrcKwlsLT84cD9tjnYkrwVF5AcflBascp4QmNIbm55YgzJz9yEn9B_EK6LDfEgs=s4800-w640,4.9,101,https://maps.google.com/?cid=1496920468383219223&g_mp=Cidnb29nbGUubWFwcy5wbGFjZXMudjEuUGxhY2VzLlNlYXJjaFRleHQQAhgEIAA,No,,2026-09-28
Vaughan,Smile HVAC,"2339 Major Mackenzie Dr W, Vaughan, ON L6A 3Y7, Canada",(437) 777-4555,email@smilehvac.ca,https://smilehvac.ca/hvac-service/,https://lh3.googleusercontent.com/grass-cs/ACvplmNDo1-sgIQHmpeX7uA6x6AK3AQ98aJaMMYZUdf3Pp1rIibJc0-q6rbQRAbPtkTCHMwee7sCU2aouTk2WkJHrPiWoTrx6YmQupxmEVQHxm-FfPEC8ykQMzghifYLH5CLPkHcoVs=s4800-w640,5,1383,https://maps.google.com/?cid=3685646999134879505&g_mp=Cidnb29nbGUubWFwcy5wbGFjZXMudjEuUGxhY2VzLlNlYXJjaFRleHQQAhgEIAA,Yes,,2026-09-28
Vaughan,Air Point Heating & Cooling,"Unit 16, 109 Fernstaff Ct Unit 22, Vaughan, ON L4K 3M1, Canada",(905) 597-4933,info@airpoint.ca,https://airpoint.ca/?utm_source=Google+Maps&utm_medium=Google+Organic+,https://lh3.googleusercontent.com/grass-cs/ACvplmOILz6ZOipg4tHB9vA6cAw_4O2mSJkUFcOOYKaK5RP_XLesJqt1S3BwdxZ1Rnl7yBUqQopJ0sv6h3PMfhsvpgr1IEBTpSqDEY7p-7I_ZRknDKLCOSPQV8oriecHIFgl9QnX6_uujA=s4800-w640,5,495,https://maps.google.com/?cid=14010523923300869624&g_mp=Cidnb29nbGUubWFwcy5wbGFjZXMudjEuUGxhY2VzLlNlYXJjaFRleHQQAhgEIAA,No,,2026-09-28
Vaughan,ALP Heating,"50 Solway Ave, Vaughan, ON L6A 2W8, Canada",(647) 972-8714,contact@alpheating.ca,https://alpheating.ca/,https://lh3.googleusercontent.com/grass-cs/ACvplmOx1Qm5nG0eoGuTo7SA6GwlWUhSQT9KWkPa2qZh6oGVJCQVHWduKenDNNdYCz05I3dRTr8Ij-rn-qNsbQkSJk0fsZj9IaSZpfRYGr2yDE-yzBvGHwss1B1lkTvNjEqpoUItdNu5hId_Wkk=s4800-w640,5,157,https://maps.google.com/?cid=4127539355379033687&g_mp=Cidnb29nbGUubWFwcy5wbGFjZXMudjEuUGxhY2VzLlNlYXJjaFRleHQQAhgEIAA,No,,2026-09-28
Vaughan,M&M Home Comfort,"10032 Keele St, Vaughan, ON L6A 1W2, Canada",(289) 637-3541,customerservice@mmhomecomfort.com,https://mmhomecomfort.com/,https://lh3.googleusercontent.com/grass-cs/ACvplmOE9Zp-knONbAyJ0SqJNB2aO1IJrXvrSl6ftDwo6ynQAvSEg33TLeBFIgfATiPNAwSowVO8QsfVOfi6HGopP8-cRrcyCr5jBEhLjn5mPcI2gL0Zd2kmUzTM4coSdAuRb0Csx-6u37iKH8g7=s4800-w640,5,113,https://maps.google.com/?cid=16412967564934377249&g_mp=Cidnb29nbGUubWFwcy5wbGFjZXMudjEuUGxhY2VzLlNlYXJjaFRleHQQAhgEIAA,No,,2026-09-28
Vaughan,Woodbridge GTA ClimateCare,"285 Jevlan Dr, Vaughan, ON L4L 8G6, Canada",(905) 851-7007,info@gtaclimatecare.com,http://www.gtaclimatecare.com/,https://lh3.googleusercontent.com/grass-cs/AABkmLcJRJDzruMczz1tXhu41KBFwvYfFV87CSESE0rwpna3XI3hGkVYo-ES7IZEF65326iLjGI_sDEuWFOXp3GuBNpbHp4RJAoAYH6IcBZocgdr8n2BCVkAt2ZfAv10e0OMCWm--Vu0giOA3OuZ=s4800-w640,4.9,683,https://maps.google.com/?cid=9938494540245084266&g_mp=Cidnb29nbGUubWFwcy5wbGFjZXMudjEuUGxhY2VzLlNlYXJjaFRleHQQAhgEIAA,No,,2026-09-28
Vaughan,AIMA HVAC,"422 N Rivermede Rd, Vaughan, ON L4K 3R5, Canada",(647) 479-6179,,https://www.aima.ca/,https://lh3.googleusercontent.com/grass-cs/ACvplmOfsFnydyi2pem5OWQr6upewZpyzB5ea1kJcK4zN08kO-_TjFhd4dG73fQ8UpZ_QcKvD27Mjye-3c9vpA9Hog43RDMppGhYqVWPporhgyuA8jzJ-v2j4Ms3ABxBJxOVxuEhHxEbIQldoJbq=s4800-w640,5,79,https://maps.google.com/?cid=11901200664796566619&g_mp=Cidnb29nbGUubWFwcy5wbGFjZXMudjEuUGxhY2VzLlNlYXJjaFRleHQQAhgEIAA,No,,2026-09-28
Vaughan,PRO CLIMATE,"470 N Rivermede Rd #13, Vaughan, ON L4K 3R8, Canada",(888) 950-8008,info@proclimate.ca,http://proclimate.ca/,https://lh3.googleusercontent.com/grass-cs/ACvplmPAC-1HCL2qb768AHFkaq8XyBAQtFg2E8GeLgzKSPxDK3GgUNjHZkM08EdU8BG7nFp_Rqr7rf4DeDVqgFAxtW4qjTvJt9QTDjUOZBeM8MTn3za-HOMe4eXGml3iaf-e6dBSjF0P=s4800-w640,4.9,246,https://maps.google.com/?cid=6146081955503564616&g_mp=Cidnb29nbGUubWFwcy5wbGFjZXMudjEuUGxhY2VzLlNlYXJjaFRleHQQAhgEIAA,No,,2026-09-28
Vaughan,Air Connect HVAC,"60 Basaltic Rd, Vaughan, ON L4K 1G6, Canada",(416) 999-1252,airconnecthvac@gmail.com,https://www.airconnectontario.ca/,https://lh3.googleusercontent.com/grass-cs/ACvplmNlHb9OWnoCijQhakql_dlxyuu7iDJOiTRNLSi-LZr3zeKLVgTKg_4qH4mCEV8QP2qwBaW2egexPNQkdjELtQJytmVkxy-7EA4ScxB69LcHJsrF0ch677dIOb2GRvrSotaE7UEN=s4800-w382,4.9,110,https://maps.google.com/?cid=4456818080567697938&g_mp=Cidnb29nbGUubWFwcy5wbGFjZXMudjEuUGxhY2VzLlNlYXJjaFRleHQQAhgEIAA,No,,2026-09-28
Vaughan,1st Air Heating & Cooling,"535 Millway Ave #2, Vaughan, ON L4K 3V4, Canada",(416) 799-9977,info@1st-air.ca,https://www.1st-air.ca/,https://lh3.googleusercontent.com/grass-cs/ACvplmMUWBru55BM2VQ0yOe4S6dYEDMp9GjhqUYbi9EX6r7tfYFsIFBntSCgcUJ7OKZ_XgLmOHWaM7QRk0GCraLXQK0-HRVbCoC1IjZXGhmd-gIf2muV9vhemAft2q2nBt6YDTFeuoi2uiJAmbS9=s4800-w640,4.9,100,https://maps.google.com/?cid=15758756709570239456&g_mp=Cidnb29nbGUubWFwcy5wbGFjZXMudjEuUGxhY2VzLlNlYXJjaFRleHQQAhgEIAA,No,,2026-09-28
Vaughan,"Maple Air - Heating, Cooling & Electrical","7581 Jane St., Units 10 & 11, Vaughan, ON L4K 1X3, Canada",(905) 532-0744,,http://mapleair.com/,https://lh3.googleusercontent.com/grass-cs/ACvplmN96sH6i6unKq3En1bl0MSZvQUgGVobCinxe8FExu09BYLxxzftkUitr8jcMcgKE3u5RxAxln3xDFNW4f6QznssmuYWWv07THr7nU5xNfsheCVlzkrsqqtneuyqSPLH0XGGlVudTJa4R_gV=s4800-w640,4.8,1432,https://maps.google.com/?cid=18164418795981369054&g_mp=Cidnb29nbGUubWFwcy5wbGFjZXMudjEuUGxhY2VzLlNlYXJjaFRleHQQAhgEIAA,No,,2026-09-28
Vaughan,Vaughan HVAC,"8929 Weston Rd #21, Vaughan, ON L4L 0K9, Canada",(647) 250-9514,info@vaughanheatingcooling.ca,http://vaughanheatingcooling.ca/,https://lh3.googleusercontent.com/grass-cs/ACvplmNWOk2rrTIG-2AGEpitqmIHiyC9FCrZhfG_onyTEHoWxspfFUZcI42deHwI3oERYRgYE16RJqBPa8mnB4CGIRzfCcKXvdDQ678muwYeSyDUpbpZwiKvtNLxirlpRiNN15sEpQYnnGSv4WXV=s4800-w640,5,31,https://maps.google.com/?cid=15999161301462140916&g_mp=Cidnb29nbGUubWFwcy5wbGFjZXMudjEuUGxhY2VzLlNlYXJjaFRleHQQAhgEIAA,No,,2026-09-28
Vaughan,HVAC Bureau LTD,"28 Interchange Wy, Vaughan, ON L4K 5W3, Canada",(647) 838-8832,,https://www.hvacbureaultd.com/,https://lh3.googleusercontent.com/grass-cs/ACvplmMFSO0vW0ccdso4p9uLrT_PUvt5JQmmDYPWPHZKTaTTLcZqEhb5QHvdr58qKqZUugS5gKAwjZ268-AAIiN3W4Ziyel4jbyWPu6uDzZsDvvdJtbwG03bKBuH3BUK0y4wQi9rNdgrlFS2Jdr9=s4800-w640,5,30,https://maps.google.com/?cid=12221480888510192510&g_mp=Cidnb29nbGUubWFwcy5wbGFjZXMudjEuUGxhY2VzLlNlYXJjaFRleHQQAhgEIAA,No,,2026-09-28
Richmond Hill,Bay Tech Heating and Cooling,"23 Colesbrook Rd, Richmond Hill, ON L4S 0C6, Canada",(647) 309-0195,info@baytechheatingandcooling.ca,http://www.baytechheatingandcooling.ca/,https://lh3.googleusercontent.com/grass-cs/ACvplmMZVM6JGPFvtc1IwVCjz8lJdag0J_VHOMprDT8ehpFjJtSn6IlmM0bz6sypxAQgdn1hDAvttXvuvyiS-5n5ttnU5FLmAxKwyrtYbXlE2NsLjCUMcwTTk6j4qStQES7YtWWpV9Q4QLLqWQpG=s4800-w640,5,278,https://maps.google.com/?cid=1436556376276823589&g_mp=Cidnb29nbGUubWFwcy5wbGFjZXMudjEuUGxhY2VzLlNlYXJjaFRleHQQAhgEIAA,Yes,,2026-09-28
Richmond Hill,CDP Plumbing of Richmond Hill,"10083 Yonge St, Richmond Hill, ON L4C 1T7, Canada",(647) 365-1725,,https://cdpplumbing.ca/richmondhill,https://lh3.googleusercontent.com/grass-cs/AABkmLfb18oDXfhHjO-IivcIfaL9kowzB07wYXtMhfu10x3EQASM-8YYvWnhFCf0xKwILzdRg7mnhF_56VkXc53hGuqWHifZ_BENpsezTtwukpKyQG0kpluFB_5zrlI02mzwJMN6kA2uDzkImfU=s4800-w360,5,258,https://maps.google.com/?cid=13883287011049696979&g_mp=Cidnb29nbGUubWFwcy5wbGFjZXMudjEuUGxhY2VzLlNlYXJjaFRleHQQAhgEIAA,No,,2026-09-28
Richmond Hill,"Reliance Heating, Air Conditioning & Plumbing","200 West Beaver Creek Rd Unit 1-7, Richmond Hill, ON L4B 1B4, Canada",(844) 626-7652,,https://reliancehomecomfort.com/richmond-hill/?utm_source=google&utm_medium=organic&utm_campaign=gmb-richmond-hill,https://lh3.googleusercontent.com/grass-cs/ACvplmMpYcTXGXtQbakTisTBYCiCNQolb3ro57CH-p6-rbl_c9MXFBW5GxhCsfo3fDGKVeDSBWmxR4Pqd8_1Xrh1wBq-mJjqSzu9X1K_RHP_p8CD8PwLFpFAZoGr1zYx2w6sjMegtM77=s4800-w640,4.9,12471,https://maps.google.com/?cid=3578573732013474515&g_mp=Cidnb29nbGUubWFwcy5wbGFjZXMudjEuUGxhY2VzLlNlYXJjaFRleHQQAhgEIAA,No,,2026-09-28
Richmond Hill,HVAC Trust,"330 Hwy 7 Unit#305, Richmond Hill, ON L4B 3P8, Canada",(855) 916-0615,contact@hvactrust.ca,https://hvactrust.ca/?utm_source=gmb&utm_campaign=toronto,https://lh3.googleusercontent.com/grass-cs/ACvplmMpCkxnA9NcdJPKAlwphBjAkqNJNF7DrYqymR4RNGl8mqenoLGi3WCNdaqsMJq6ezgazAvbCNI2rUE7sZBmfElLg-oktRjeTlgMSvfUhrAq0_VqZ1EP0889Y6MQq2HZbItJfT6z2A=s4800-w640,4.9,518,https://maps.google.com/?cid=8972512064005000327&g_mp=Cidnb29nbGUubWFwcy5wbGFjZXMudjEuUGxhY2VzLlNlYXJjaFRleHQQAhgEIAA,No,,2026-09-28
Richmond Hill,Old Man Winter Heat & Air,"48 Falling River Dr, Richmond Hill, ON L4S 2R1, Canada",(416) 897-2982,,https://oldmanwinter.ca/,https://lh3.googleusercontent.com/grass-cs/AABkmLc9fHZY6Kp0514CSCngzxLfGGbBwv1mHPEbibOmZDxQfR0CLmMaWsJALAx6t5_xNQuxVLyd8TUfe13osgYaNLAbXqcPVWSEGXlHqnOzpHTiE6GeLft0PyVDoTnctnr5IaRYyAw2cg=s4800-w640,5,55,https://maps.google.com/?cid=16975908257665672670&g_mp=Cidnb29nbGUubWFwcy5wbGFjZXMudjEuUGxhY2VzLlNlYXJjaFRleHQQAhgEIAA,No,,2026-09-28
Richmond Hill,The Ontario HVAC Group,"248 Blue Grass Blvd, Richmond Hill, ON L4C 3H2, Canada",(437) 385-1339,,http://www.theontariohvacgroup.ca/,https://lh3.googleusercontent.com/grass-cs/ACvplmMT7rgo6SVVLZ_7OON6M75Q9Xgv33-pFo9wyY8TOdsJk120R8ct950HhcoXQFMi8jlW6aXVBJPKvM5v3p_cNUAli2J7mhScc3QzrCUTVQikS6HMpMTIM4jBFKAe6fgdXAUwl0c8yXeRSlA2=s4800-w640,4.9,149,https://maps.google.com/?cid=4843008644565973447&g_mp=Cidnb29nbGUubWFwcy5wbGFjZXMudjEuUGxhY2VzLlNlYXJjaFRleHQQAhgEIAA,No,,2026-09-28
Richmond Hill,Consumers Choice Heating and Cooling Inc.,"1 Kingshill Rd, Richmond Hill, ON L4E 4B1, Canada",(416) 722-8740,consumerschoiceinfo@gmail.com,https://consumerschoiceheating.com/,https://lh3.googleusercontent.com/grass-cs/ACvplmMTTP7d7WXQhgJl4Bn2LC2SBOhR35K6fXpS4lCZCDtUVlarVCXJyzMel453UhsNdiO31dmRxgOurfu-T5OIz4tflYOIKeYSM2ESjpNS_XtTzRVIHjJ8SnnB_KGhyPeMG6cH_WQ14zfopz-Q=s4800-w640,5,48,https://maps.google.com/?cid=4570260860731565136&g_mp=Cidnb29nbGUubWFwcy5wbGFjZXMudjEuUGxhY2VzLlNlYXJjaFRleHQQAhgEIAA,No,,2026-09-28
Richmond Hill,Kobist Air Inc. Heating & Cooling,"79 Major Mackenzie Dr E, Richmond Hill, ON L4C 1G8, Canada",(647) 835-0204,info@kobistair.ca,http://kobistair.ca/,https://lh3.googleusercontent.com/grass-cs/ACvplmN-vpz1_-pdLSmkAz2oyAwgYIaW98TQbHpWn6j89vpI8C0OS_0g7-feTeEOwhm0Q5S4bKSosupizh0Uk9unx4DYovm4AWqzUtccBFFUqCxh9L5vGtNUbhp317Abi8BYSAJLLdb7=s4800-w640,5,45,https://maps.google.com/?cid=10353663420440222602&g_mp=Cidnb29nbGUubWFwcy5wbGFjZXMudjEuUGxhY2VzLlNlYXJjaFRleHQQAhgEIAA,No,,2026-09-28
Richmond Hill,Temp Master,"9608 Yonge St, Richmond Hill, ON L4C 0X4, Canada",(416) 890-8550,,,https://lh3.googleusercontent.com/grass-cs/ACvplmOvZrgec2_Nw8VBqZ5msa3-wUHWcdiiyIsjzPx_ToXV_ajLmpVm03rxbwVngnTq5Yp_cNNwt2rzeXvm8es1ExqFbR0upCa190kSs76AFI7MdhV6BAfl9DYYPsKMhZIb-Q-8Gqnzzo2KDuI=s4800-w640,5,39,https://maps.google.com/?cid=13203000370007731163&g_mp=Cidnb29nbGUubWFwcy5wbGFjZXMudjEuUGxhY2VzLlNlYXJjaFRleHQQAhgEIAA,No,,2026-09-28
Richmond Hill,Comfort Care Inc,"44 East Beaver Creek Rd unit 5, Richmond Hill, ON L4B 1G8, Canada",(905) 773-6997,info@comfort-ca.com,https://www.comfort-ca.com/,https://lh3.googleusercontent.com/grass-cs/ACvplmMy2VuvGAsUsd_S6zCqA5iGh1yjtgw6bTedKIn89Jz_IKMohZ8lmKoi-T6aardl2Xme5cEMWIKuoM0GPUTzaV7vscwUKAFGI1bFNu_AfOjHJqOFOfQNz-Jym3iXwHvjwVCCc4bY=s4800-w640,5,37,https://maps.google.com/?cid=14776857649611403507&g_mp=Cidnb29nbGUubWFwcy5wbGFjZXMudjEuUGxhY2VzLlNlYXJjaFRleHQQAhgEIAA,No,,2026-09-28
Richmond Hill,Koolmech Mechanical Corporation,"416 Fernleigh Cir S, Richmond Hill, ON L4C 1E6, Canada",(437) 775-5073,,https://www.koolmech.ca/,https://lh3.googleusercontent.com/grass-cs/ACvplmPOes_LxzOvaWMSH2pAbBnzMrSWeeOooePPZoqpAqIIS4khCozokFsUNnCnX3f1wst_ESQaqcNlHTMx1M86OUIQOyGHHzMKZqJMrVdvmjjo53DGznjmM7JziMFbz26SrCV3v3Tplx22uftf=s4800-w640,4.9,69,https://maps.google.com/?cid=8642746060159177082&g_mp=Cidnb29nbGUubWFwcy5wbGFjZXMudjEuUGxhY2VzLlNlYXJjaFRleHQQAhgEIAA,No,,2026-09-28
Richmond Hill,Econoair Heating & Cooling Inc,"85 West Wilmot St #12, Richmond Hill, ON L4B 1K7, Canada",(905) 763-2400,info@econoairhc.com,https://econoairhc.com/,https://lh3.googleusercontent.com/grass-cs/ACvplmPnw5hcWxdL2APzOxYIZwEHFPGAFezW59GQCCKBJZyQ09YlZIW-LGFsycbROo1JdOn5FdytsSDjIbC6lwDgBLxctXSVsePJwYMtmZ1UkfO7NmgUSydmRFIPufTN5NzP8XgjlHOW=s4800-w640,4.8,506,https://maps.google.com/?cid=3323446878886308814&g_mp=Cidnb29nbGUubWFwcy5wbGFjZXMudjEuUGxhY2VzLlNlYXJjaFRleHQQAhgEIAA,No,,2026-09-28
Barrie,Affordable Comfort,"92 Commerce Park Dr Unit 8, Barrie, ON L4N 8W8, Canada",(705) 503-4328,,https://barrieheatingcooling.ca/,https://lh3.googleusercontent.com/grass-cs/ACvplmO9cwxu0UcGpyjp0EGQmwvt47II8rjE95FFYkpn5qD2AwEhsdrBrp7rRmpc51hN5XavuUoCAiomxtrftDaEVOWNXXvpoPp7_4l_nhJEuwzv0a1-50iF2K-kIuWdBl25zBkcXEm1yA=s4800-w640,4.9,3118,https://maps.google.com/?cid=5568888739032600299&g_mp=Cidnb29nbGUubWFwcy5wbGFjZXMudjEuUGxhY2VzLlNlYXJjaFRleHQQAhgEIAA,Yes,,2026-09-28
Barrie,Custom Comfort Home Services,"18 Alliance Blvd Units 8 & 9, Barrie, ON L4M 5A5, Canada",(705) 319-0684,,https://customcomfort.ca/?utm_campaign=gmb&utm_medium=organic&utm_source=gmb,https://lh3.googleusercontent.com/grass-cs/ACvplmOwL53aUNWhvhcPKdlg205KE5SJBuyUy2CEuMSWXqdWuX0327h1wIOF9GUFMNtdSItzmAbHUfdyFL7TmqTKOXtyXWhzNq2iVvnRenYDdoLAw3OdlpSxjIO4m_sC50TsuL-47uxEyWgqabWj=s4800-w640,4.9,841,https://maps.google.com/?cid=14765412471955191766&g_mp=Cidnb29nbGUubWFwcy5wbGFjZXMudjEuUGxhY2VzLlNlYXJjaFRleHQQAhgEIAA,No,,2026-09-28
Barrie,Simcoe Muskoka Home Comfort,"92 Caplan Ave Ste 723, Barrie, ON L4N 9J2, Canada",(647) 932-6675,dan@smhomecomfort.com,https://smhomecomfort.com/areas-served/barrie/?utm_source=google&utm_medium=organic&utm_term=gbp-listing,https://lh3.googleusercontent.com/grass-cs/ACvplmMVxQvwtWt5njoICO3lQl5x1YW7xRJ_bdJnni9umnQBJFp2MZZ_XIgRoakrDvG9B1xuiNtaU_jDP4eqPlo-XY6FEJ7nejlJVdWyXm9spo53RKVNUxkoOIovpg30SSVw1ZBfputv=s4800-w640,4.9,250,https://maps.google.com/?cid=270772488583339854&g_mp=Cidnb29nbGUubWFwcy5wbGFjZXMudjEuUGxhY2VzLlNlYXJjaFRleHQQAhgEIAA,No,,2026-09-28
Barrie,A Plus Heating & Air Conditioning,"68 Hooper Rd Unit 1-3, Barrie, ON L4N 8Z9, Canada",(705) 710-2630,,http://www.aplusheating.ca/,https://lh3.googleusercontent.com/grass-cs/ACvplmPwASn40ifhs98V2X6KFT6UZoI8ukr_x2rJSguV5ouIRXiDtEr15Vg3v_gKHRsYcUxfpPrQmhIw5IKGQl7bAPzz5NhpPedfQsfgueDFLy_h7BoCXoUivRbVIWad48E1ZCOuHFJOwNyHa5Ss=s4800-w640,4.9,217,https://maps.google.com/?cid=17333642219897103616&g_mp=Cidnb29nbGUubWFwcy5wbGFjZXMudjEuUGxhY2VzLlNlYXJjaFRleHQQAhgEIAA,No,,2026-09-28
Barrie,Black Forest,"49 High St 3rd floor, Barrie, ON L4N 5J4, Canada",(705) 707-1116,,https://blackforest.ca/service-areas/barrie-on/?utm_source=google&utm_medium=organic&utm_campaign=gbp,https://lh3.googleusercontent.com/grass-cs/ACvplmM4W_9YhEJjZyqw3-2A8t6DUOLWRbF5ZQAx2r-9JrkT0EuwnTY50IXoeEiim7nthoANQd6QJTppMpfQYHVbhXCHqsPBgZqQzmite-haV_0iSPhrKObSDzlqw8YYVQFW8i_AHS51ghhmcEDj=s4800-w640,4.9,191,https://maps.google.com/?cid=2637732691398970063&g_mp=Cidnb29nbGUubWFwcy5wbGFjZXMudjEuUGxhY2VzLlNlYXJjaFRleHQQAhgEIAA,No,,2026-09-28
Barrie,"Aire One Heating & Cooling | Furnace Installation & Repair Barrie, HVAC, Heat Pump & AC Service","176 Burton Ave, Barrie, ON L4N 2S1, Canada",(705) 733-1003,,https://www.aireonebarrie.ca/,https://lh3.googleusercontent.com/grass-cs/ACvplmOErSZQnFiZAjNhMPcJ9ebW6I3-rlsiFOUDusNTaSh5GR7h0F6Y0KThrnrN81YwBflnq_5plcNEW2VugXwvh-b2A9VjXJNefLJbool1wEtRt8pfgv1bZKVgDWn6HEveBWVddt3qYw=s4800-w640,4.9,156,https://maps.google.com/?cid=12604752801947087490&g_mp=Cidnb29nbGUubWFwcy5wbGFjZXMudjEuUGxhY2VzLlNlYXJjaFRleHQQAhgEIAA,No,,2026-09-28
Barrie,LaFontaine Mechanical,"51 Prince William Way, Barrie, ON L4N 0Y9, Canada",(888) 436-8895,,https://lafontainemechanical.ca/,https://lh3.googleusercontent.com/grass-cs/ACvplmMOf1edZjh4QO83bAauj7YF6Omz8PJtSfj6alKlL4V0I8mJBwsFZOl7HhTu1K-Nm-s445BcCxmf-8pKhHp5OMnDdPawNtLR9P1AWT3crAyJ48Mzfss9bEDiQKxnkqmjvYRqjUcvYEaJSvMU=s4800-w640,4.9,142,https://maps.google.com/?cid=2792022974657845068&g_mp=Cidnb29nbGUubWFwcy5wbGFjZXMudjEuUGxhY2VzLlNlYXJjaFRleHQQAhgEIAA,No,,2026-09-28
Barrie,Central Heating,"647 Welham Rd Unit 2, Barrie, ON L4N 0B7, Canada",(705) 315-8822,,https://centralheatingontario.com/?utm_source=google&utm_medium=organic&utm_campaign=gmb&utm_id=GBP_Barrie,https://lh3.googleusercontent.com/grass-cs/ACvplmNVFXiftcPgky6V5lyOEn6TC8GtIGBB62QKUF1Q6J0B3KVMMyE0lyNMJZpFfhk022dWRjua9OjLYuQo5x_eXWPEi5peZVk2NY_sHeaz9cvr7UAvWjxu8sH8VkfsdNCBdqOZEfemgMp8pILI=s4800-w640,4.8,409,https://maps.google.com/?cid=9472738867161829537&g_mp=Cidnb29nbGUubWFwcy5wbGFjZXMudjEuUGxhY2VzLlNlYXJjaFRleHQQAhgEIAA,No,,2026-09-28
Barrie,Barrie Furnace Repair,"7 Loyalist Ct, Barrie, ON L4N 0S9, Canada",(705) 279-9722,darren@barriefurnace.com,http://www.barriefurnacerepair.com/,https://lh3.googleusercontent.com/grass-cs/ACvplmPq2JdgIEjmbOd_OE-QIoypiGF1rguxiE9St-ve2I7noftSsoIkGtMPWHuR1g8NrHXW2dd5TwOna9PXDIe8-FsneiFvUYyzwMV3pnzcx2-2piIH_86JVu8BbdyFpt5FL-m0aZOUt2E2i5ea=s4800-w640,5,32,https://maps.google.com/?cid=15733070631770526297&g_mp=Cidnb29nbGUubWFwcy5wbGFjZXMudjEuUGxhY2VzLlNlYXJjaFRleHQQAhgEIAA,No,,2026-09-28
Barrie,Barrie Heating & Air Conditioning,"18 Alliance Blvd Unit 15, Barrie, ON L4M 7G3, Canada",(705) 734-0054,,https://www.barrieheating.com/,https://lh3.googleusercontent.com/grass-cs/ACvplmPoXR6wANrFgBkjMXK8_rAazk-Ou4oEMIctzW4oJRzdoNNl9uxDDOGmbNXnaXZpAs7-SPbm79KzNVGweHE_0TyVZbL4hstvN-V_iq3lhFsIh8M46mz0kvhW0mHJXFyrSltl8cuI=s4800-w640,4.8,87,https://maps.google.com/?cid=18421466371019785458&g_mp=Cidnb29nbGUubWFwcy5wbGFjZXMudjEuUGxhY2VzLlNlYXJjaFRleHQQAhgEIAA,No,,2026-09-28
Barrie,Climate Air Heating & Air Conditioning,"660 Bayview Dr Unit #1, Barrie, ON L4N 9P5, Canada",(705) 999-8593,,https://www.climateaircanada.ca/?utm_source=google&utm_medium=gmb&utm_campaign=climateair-barrie-gmb,https://lh3.googleusercontent.com/grass-cs/ACvplmMR3HfAQ21coWpoyxyAgvfVmnNv8ZLyqdPkkBAnjQLInL6EnzX7ztqO3TfLZYmUOzDp-BiFtCHcacl4ja1JsiN2pvPdhGV4vMitmKRObyWmemculYRJ-Q7Zvw6HJGd0k2gwIlboAg=s4800-w640,4.7,840,https://maps.google.com/?cid=16542032121081121991&g_mp=Cidnb29nbGUubWFwcy5wbGFjZXMudjEuUGxhY2VzLlNlYXJjaFRleHQQAhgEIAA,No,,2026-09-28
Barrie,MAK Mechanical,"155 Brock St, Barrie, ON L4N 2M3, Canada",(705) 730-0140,info@makmechanical.com,https://makmechanical.com/,https://lh3.googleusercontent.com/grass-cs/ACvplmPMivDdzgv9zFTygQx5dcIiCvh1SJJi5HUWLJC3OID0lu2Ixuv8NdA-fMr1FRKwLeMFyH2GR2P20EmC91cndsUz_bYBkFkd73bBr6NJrr4VNslWsEc4HH849m0qMGsvDnb65oeupZg5zLjG=s4800-w640,4.7,152,https://maps.google.com/?cid=5120483898049974303&g_mp=Cidnb29nbGUubWFwcy5wbGFjZXMudjEuUGxhY2VzLlNlYXJjaFRleHQQAhgEIAA,No,,2026-09-28
London,Maxcare Heating And Cooling,"1994 Clayridge Wy, London, ON N6G 0V2, Canada",(519) 641-9000,maxcareheatingandcooling@gmail.com,https://maxcareheatingandcooling.com/?utm_source=gmb&utm_medium=london,https://lh3.googleusercontent.com/grass-cs/AABkmLcKSkkP3hKcijsKaEMnDhQSl21qXHXYmy3H7101pVsBHkNsdRMUQy8YTlhJzV0oqxYl5ZIzuYRvHjgIAA5ZSs162OfHDdk3pxCltDsnoz_l5UcwjEhvGWsFYl6q4pl72SZZTrxxXA=s4800-w430,5,268,https://maps.google.com/?cid=14427716316261235396&g_mp=Cidnb29nbGUubWFwcy5wbGFjZXMudjEuUGxhY2VzLlNlYXJjaFRleHQQAhgEIAA,Yes,,2026-09-28
London,Hawana HVAC Solutions Ac & Furnace Repair London ON,"670 Millbank Dr, London, ON N6E 1S2, Canada",(647) 550-4220,info@hawana.ca,http://www.hawana.ca/,https://lh3.googleusercontent.com/grass-cs/ACvplmPA4y0BuOGTfhMgUQhnU7WzMEsb2Bk-vbUUFFi-2-AbuToQ_vAKE5N6GsYoWvQQYnUpAoW8fGkVy10sPvczBm1fePfV0qo64XItQdlUfb35mTbXv0Kf8XYNMQ8ctxLOnj3Uz72tQ_vsnuqP=s4800-w640,5,224,https://maps.google.com/?cid=17925545922532344223&g_mp=Cidnb29nbGUubWFwcy5wbGFjZXMudjEuUGxhY2VzLlNlYXJjaFRleHQQAhgEIAA,No,,2026-09-28
London,Virtue Heating and Air Conditioning,"2881 Heardcreek Trail, London, ON N6G 0V9, Canada",(226) 234-2555,joel@virtueheating.ca,http://www.virtueheating.ca/,https://lh3.googleusercontent.com/grass-cs/ACvplmP2JKizS490Hg7h77g2dAY7E1_gaaewnf5HI0hsfFznaD-ihrUgCdOJHQSJnQ6ljm33QyfxCwJDhiRoATddWO4Btq_JL5KuWSS6BYR5T7QtJRFCftqlJ1MH8MUs_7C2pQIVqn0ruaN0gEH1=s4800-w640,5,135,https://maps.google.com/?cid=7753863106446343590&g_mp=Cidnb29nbGUubWFwcy5wbGFjZXMudjEuUGxhY2VzLlNlYXJjaFRleHQQAhgEIAA,No,,2026-09-28
London,Air Design Services Heating & Cooling,"39 Enterprise Dr, London, ON N6N 1A3, Canada",(519) 963-0572,,https://airdesignservices.com/service-area/london/?utm_source=google&utm_medium=organic&utm_campaign=gbp-profile,https://lh3.googleusercontent.com/grass-cs/ACvplmNib2OoPC9XgYNlK0ahXtAqzuO6qnbN86Yo-tbyBwqw5wwb-IJ4TmH5uG0v1ne3l29ss4kGS6tN_DiGVECk51rptLauUSXMZ2WEoHanrokY1hgnzapcXiu8aNg4opWjUMech_lb=s4800-w640,5,124,https://maps.google.com/?cid=13894140252799194761&g_mp=Cidnb29nbGUubWFwcy5wbGFjZXMudjEuUGxhY2VzLlNlYXJjaFRleHQQAhgEIAA,No,,2026-09-28
London,Core Comfort HVAC,"1848 Couldridge Way, London, ON N6G 0L6, Canada",(519) 222-8838,sales@corecomforthvac.ca,http://corecomforthvac.ca/,https://lh3.googleusercontent.com/grass-cs/ACvplmMObU44gazYEbXDawIDVkYps2RdESTjHXTIjb3fxxT0CyWEP6jF-Xddg8xUolsB43jXesxgFzovNCJ-p3soddI1gTlA1PTtH7HM4AIreViB-qyUL5wqf98zdShQML3WC-vUcvYzuvSBnhpf=s4800-w640,5,107,https://maps.google.com/?cid=11006079718173372005&g_mp=Cidnb29nbGUubWFwcy5wbGFjZXMudjEuUGxhY2VzLlNlYXJjaFRleHQQAhgEIAA,No,,2026-09-28
London,Donaldson Home Services,"77 Bessemer Rd, London, ON N6E 1P9, Canada",(519) 439-4328,contact@donaldsonheating.ca,https://www.donaldsonheating.ca/?utm_source=google&utm_medium=organic&utm_campaign=gbp,https://lh3.googleusercontent.com/grass-cs/ACvplmOHX4JCf9JkGDYUfUt8TeGCWEuYrQ_BDMe2ueRtIhIcMix7rf4xV9WU9GH1UfMK2qONtNrYQLfuLXg37pPKNvcEobfhAMN--WyPAvIX5yttYwY3ufwfzcoGz73rVE1SjcbnM2wi=s4800-w640,4.9,3040,https://maps.google.com/?cid=4777228136464046146&g_mp=Cidnb29nbGUubWFwcy5wbGFjZXMudjEuUGxhY2VzLlNlYXJjaFRleHQQAhgEIAA,No,,2026-09-28
London,Handy Bros. Home Comfort: London HVAC,"213 Consortium Ct, London, ON N6E 2S8, Canada",(226) 416-0024,info@handybros.com,https://www.handybros.com/locations/london/?utm_source=google&utm_medium=gbp&utm_campaign=local,https://lh3.googleusercontent.com/grass-cs/AABkmLcLrR6gtTuXjkzPUqc331plmBt7oGUFF9sfBh_RRlkErsQH3jk01D4rSyxVjS0ZsIJ73x2oGzRWBzxE_d9rgKAeUK4BCv42eNZR9PsR5LYX2bbovW35yVjRXXlEpmIWgMvnuwQb=s4800-w640,4.9,959,https://maps.google.com/?cid=812519173528882748&g_mp=Cidnb29nbGUubWFwcy5wbGFjZXMudjEuUGxhY2VzLlNlYXJjaFRleHQQAhgEIAA,No,,2026-09-28
London,Peter Inch & Associates,"10 Pacific Ct Unit 2, London, ON N5V 3K4, Canada",(519) 900-9960,,http://www.peterinch.ca/?utm_source=google-my-business&utm_medium=organic&utm_campaign=page-listing,https://lh3.googleusercontent.com/grass-cs/ACvplmOK6qdoGDuF_opyNy6g4SukahXBsm8j3uBoufoXhnjx7g9y0kQNUatawzFeMnkcCYF-bBeuFHPQhBOdXkZlQ28p5a4Cl4xf10CDPaBHNTvchZHMwkWvvgu6v0M3yoQPXdvbzc1O_A=s4800-w640,4.9,579,https://maps.google.com/?cid=13219380825745891368&g_mp=Cidnb29nbGUubWFwcy5wbGFjZXMudjEuUGxhY2VzLlNlYXJjaFRleHQQAhgEIAA,No,,2026-09-28
London,Builders Choice Air Systems Ltd,"492 Hill St, London, ON N6B 1E7, Canada",(519) 642-7000,info@builderschoiceair.com,https://www.builderschoiceair.com/,https://lh3.googleusercontent.com/grass-cs/ACvplmNJKvKPR4SCr_BaRyRE40AisxgOH0LE4QMaQzkLbP2jqQvG2dZyWRvS9rYaznc9aWF0jEkdDnTKAUkBPae4cK_0I52papyqectGbVfAZXsx_2eBkIC_iCCdmxNP7875TLBdZbWKxA=s4800-w623,4.9,233,https://maps.google.com/?cid=16576963433347799506&g_mp=Cidnb29nbGUubWFwcy5wbGFjZXMudjEuUGxhY2VzLlNlYXJjaFRleHQQAhgEIAA,No,,2026-09-28
London,"Superior HVAC Service, Heating & Air Conditioning","200 Queens Ave Ste 110, London, ON N6A 1J3, Canada",(226) 807-5135,info@superiorhvacservice.ca,https://superiorhvacservice.ca/london/?utm_source=gmb&utm_medium=organic&utm_campaign=gmb,https://lh3.googleusercontent.com/grass-cs/ACvplmN6bz8MxJjX6TERc8CSy59ZWv8TjwacOeDkjphaPhJ6OS3hKexvhcOOZe12YmmYbIuMjYUjMimRCcZJujS7qnxp39xX2oJ4Zn6-1UUnjDUnlc-32K_W_m8UfhPIacm0KkC3tmCIww=s4800-w640,5,62,https://maps.google.com/?cid=15522333360743963736&g_mp=Cidnb29nbGUubWFwcy5wbGFjZXMudjEuUGxhY2VzLlNlYXJjaFRleHQQAhgEIAA,No,,2026-09-28
London,Presto Home Service,"1291 Rideau Gate, London, ON N5X 1W8, Canada",(226) 977-6128,,http://prestohomeservice.ca/,https://lh3.googleusercontent.com/grass-cs/ACvplmNS_1q0m9n6PGMKXN688C3DWWKw5ePdRZtaP8SSz6RwbyiV-3OAuHnCAjgyE4D8T7H4__7YhShALLe-P_KMOEaLOEJnrs4GmrUaohde1Ow5c-X_gcKhyd4PQG3c40MFzB8NtiFzFg=s4800-w640,4.9,78,https://maps.google.com/?cid=8323727152821203519&g_mp=Cidnb29nbGUubWFwcy5wbGFjZXMudjEuUGxhY2VzLlNlYXJjaFRleHQQAhgEIAA,No,,2026-09-28
London,Comfort Living Heating & Air Conditioning,"Unit 23, 1853 Blackwater Rd, London, ON N5X 4R9, Canada",(519) 694-3893,info@comfortlivinghvac.com,https://comfortlivinghvac.com/?utm_source=SEO&utm_medium=GMB&utm_campaign=SEO,https://lh3.googleusercontent.com/grass-cs/ACvplmNMcM-DLE88WqkCvwH_wtFLmEUHIef4jOcvYREL3UC90S_iQuC3ucCucTjhs2Fv2XtZEHM2bTbMVn2oIxtQ1fvnZI4BO3biN3vJY7E-v6TE88rk6egZ5dIwjVw7-M5sMI5HZDrSc_KVyp1-=s4800-w640,4.9,77,https://maps.google.com/?cid=6711850639415694769&g_mp=Cidnb29nbGUubWFwcy5wbGFjZXMudjEuUGxhY2VzLlNlYXJjaFRleHQQAhgEIAA,No,,2026-09-28
Kitchener,Able Air Conditioning & Heating,"1501 Victoria St N, Kitchener, ON N2B 3E4, Canada",(519) 954-7300,,https://www.ableairkw.com/?utm_source=google&utm_medium=organic&utm_campaign=gbp,https://lh3.googleusercontent.com/grass-cs/ACvplmMPL-dheT-78SjTqTLU-dFCVpXIr2ANa0klQJdSgE7a9pr81XYLaHpkO7wFeiAZNF9EZK_mV8KOxHVPx-X9SDRlZKni4vmAsyWyXRSdjKsmU-P81FxxGjdLul4LyiHyn_X3Ew1QuK_YI9M=s4800-w640,5,1653,https://maps.google.com/?cid=11845210843784864062&g_mp=Cidnb29nbGUubWFwcy5wbGFjZXMudjEuUGxhY2VzLlNlYXJjaFRleHQQAhgEIAA,Yes,,2026-09-28
Kitchener,Advance Heating & Cooling KW,"44 Otonabee Dr, Kitchener, ON N2C 1L6, Canada",(519) 500-9941,info@advanceair.ca,https://www.advanceair.ca/?utm_source=gbp&utm_medium=button,https://lh3.googleusercontent.com/grass-cs/ACvplmPLlSndNaRpJYYbBb_tv90nUU6b0aXAjfZUkn-yc-_rpgZTpekarTfBjcPh2oNEo2Ck29e4tGwrY62ZIZ6aeu-AOnJheuyfNzxjPS5GTe-hz7-y3YpKfC-rYIMwZwy4ntDqGMAaXrQJ6bgI=s4800-w640,5,514,https://maps.google.com/?cid=7798817558626752034&g_mp=Cidnb29nbGUubWFwcy5wbGFjZXMudjEuUGxhY2VzLlNlYXJjaFRleHQQAhgEIAA,No,,2026-09-28
Kitchener,Local Heating And Cooling,"47 Bridge St E #10, Kitchener, ON N2K 1J7, Canada",(519) 884-8888,info@localheatingcooling.com,http://www.localheatingcooling.com/,https://lh3.googleusercontent.com/grass-cs/ACvplmMR9XAEEp5Sq0EQ8oTRr_GUvWsZ3PvrLoYZYqYjyE0OTZHjLJU82w-srE-tuzpuz--X2YG6_7wPOwDzTm1DYYL2oUERNC8IortvpOc7-4SIKPoFt74IixJ4_hfPIHTC2aPchwU8=s4800-w640,5,424,https://maps.google.com/?cid=18399380764047403996&g_mp=Cidnb29nbGUubWFwcy5wbGFjZXMudjEuUGxhY2VzLlNlYXJjaFRleHQQAhgEIAA,No,,2026-09-28
Kitchener,Air Comfort Mechanical Inc.,"565 Trillium Dr Unit 6, Kitchener, ON N2R 1J4, Canada",(416) 899-7933,info@aircomfortmechanical.ca,https://aircomfortmechanical.ca/,https://lh3.googleusercontent.com/grass-cs/ACvplmMPo6FllQ9yjsGl6KqHdTjAyXxbKCiEsiXuSBLfLPdFeSmfeTwfZevcXsbI1L-3uaHasg4cJkzlpH2VytbKHH2V43CtbMYVmNChSRgzBgZaBXJE9m76SFvtpbNl2KoCdzRpqTc=s4800-w558,5,273,https://maps.google.com/?cid=1506730963285540344&g_mp=Cidnb29nbGUubWFwcy5wbGFjZXMudjEuUGxhY2VzLlNlYXJjaFRleHQQAhgEIAA,No,,2026-09-28
Kitchener,Total Aire Care Inc.,"299 Manitou Dr A, Kitchener, ON N2C 1L5, Canada",(226) 894-1000,info@totalairecare.ca,https://totalairecare.ca/,https://lh3.googleusercontent.com/grass-cs/ACvplmPRUSyQhlk_-FosTbXzaKeiwj4Pwmh7vemX2_nQyDpvZXlk5WSL4VqaeQf58O6mx9a5hmrY25xsXRn5T8zMKkxMX__Y_ZyCWHGVqjmIY3IaGQRmdYugBNuE1v6eFDGiiaQCUhCz=s4800-w640,4.9,928,https://maps.google.com/?cid=17380911869984832130&g_mp=Cidnb29nbGUubWFwcy5wbGFjZXMudjEuUGxhY2VzLlNlYXJjaFRleHQQAhgEIAA,No,,2026-09-28
Kitchener,LG Home Comfort KWC,"20 Hanson Ave, Kitchener, ON N2C 2E2, Canada",(866) 438-5442,info@lghomecomfort.ca,https://lghomecomfort.ca/locations/kitchener/?utm_source=gmb_Kitchener&utm_medium=website_button&utm_campaign=local,https://lh3.googleusercontent.com/grass-cs/ACvplmPVBeeeywrQmwOm57YCAg5S0wcs91B11XcNIaZif_ekuHiqK9kUdD3fp-ZPOpcA3ZNbpTgO286qW3BNj02oIg_Nri3_27wmviuPRXKKPtNNaWE0xdh0KcV_Z3MYLuxM3QIHieeu-w=s4800-w640,4.9,712,https://maps.google.com/?cid=4946272705949426782&g_mp=Cidnb29nbGUubWFwcy5wbGFjZXMudjEuUGxhY2VzLlNlYXJjaFRleHQQAhgEIAA,No,,2026-09-28
Kitchener,Infiniti Air Conditioning & Heating,"1268 Victoria St N, Kitchener, ON N2B 3C9, Canada",(519) 741-5100,info@infinitihvac.com,https://www.infinitihvac.com/,https://lh3.googleusercontent.com/grass-cs/ACvplmNmEZkcXUxwA-gmZP5qJlred1fWR4s0LwHZ8tvX9gnYcLFpdYd9JMANzjgz8ISMeiL9VDERHDawIm3fWvpm6RoVzfJlytX5JQ_t0rudgQgLf1lMW-LdLDhA7wj_5FH5Qgg1VYG7boUxc_zJ=s4800-w640,4.9,528,https://maps.google.com/?cid=3656002465716528893&g_mp=Cidnb29nbGUubWFwcy5wbGFjZXMudjEuUGxhY2VzLlNlYXJjaFRleHQQAhgEIAA,No,,2026-09-28
Kitchener,Tri City Plumbing Inc.,"251 Arnold St, Kitchener, ON N2H 6E8, Canada",(888) 981-8811,info@tricityplumbinginc.com,http://www.tricityplumbinginc.com/,https://lh3.googleusercontent.com/grass-cs/ACvplmNtZcfyp_R5bJy1T6Zrre_GR6rZcOp5T-ozdsCvJDKU4Wko5lNjnKgbfjAcM79k-LIXkN6K9Wo386UvsHYjF1w0lOgqHUAd5IoqLs9fFFB4XvmncR0NMTU73cH6wKFO6tQ95xO_=s4800-w640,4.9,437,https://maps.google.com/?cid=8633298855191653225&g_mp=Cidnb29nbGUubWFwcy5wbGFjZXMudjEuUGxhY2VzLlNlYXJjaFRleHQQAhgEIAA,No,,2026-09-28
Kitchener,Air and Water Care,"169 Seabrook Dr, Kitchener, ON N2R 0E6, Canada",(226) 242-4328,info@airandwatercare.com,https://airandwatercare.ca/,https://lh3.googleusercontent.com/grass-cs/ACvplmMC4iKUBTpufmTZZBWpsaNj_xqcDx8fUJPx6sqt4kN-kpnoAT_WjFqnAnf8n0FKhDTN3ILZuajT7MvrokrHYQrFstk0vN9dP_NilXkqeyjF34NuxHOODhzOv72mz8BmiANj_ROHQc2kTwc=s4800-w640,4.9,248,https://maps.google.com/?cid=6421945980567704660&g_mp=Cidnb29nbGUubWFwcy5wbGFjZXMudjEuUGxhY2VzLlNlYXJjaFRleHQQAhgEIAA,No,,2026-09-28
Kitchener,Unique Air,"533 Queen St S, Kitchener, ON N2G 1W9, Canada",(519) 729-3939,,http://uniqueair.ca/,https://lh3.googleusercontent.com/grass-cs/ACvplmPEdo09oIbV1M8rdwj8Z-deDLTC5fSCmImg5zfHiAVIZUSiYODIce15ECJXNC02O4uGW0lQfeR3Xs8gX02cUhL_MH9JywLkXPrZ75kgKe8ETiXLi2YosxMq5wfzj5TS58BjgKsuQQ=s4800-w640,4.9,220,https://maps.google.com/?cid=13249498756398774644&g_mp=Cidnb29nbGUubWFwcy5wbGFjZXMudjEuUGxhY2VzLlNlYXJjaFRleHQQAhgEIAA,No,,2026-09-28
Kitchener,Regional Air | Heating & Cooling,"675 Queen St S, Kitchener, ON N2M 1A1, Canada",(519) 885-4328,,http://www.regionalair.ca/,https://lh3.googleusercontent.com/grass-cs/ACvplmMbn8KtrYywmyzEhscAh1eRGMz9lXifsKUKDHzNcbdELb7oCNGEOOiy6ZQoMHpwkIB1umKqGaz6JQBQ3idzfRCaNBUSgRE4gTiI-KP4ieHNpvgPIS4_TS5mjTSXia7RevCQlEjkZzTPqQ4=s4800-w640,4.9,147,https://maps.google.com/?cid=12936542481478050546&g_mp=Cidnb29nbGUubWFwcy5wbGFjZXMudjEuUGxhY2VzLlNlYXJjaFRleHQQAhgEIAA,No,,2026-09-28
Kitchener,Tri City Heating and Cooling Inc,"251 Arnold St Unit B, Kitchener, ON N2H 6E8, Canada",(888) 981-8811,info@tricityheatingandcoolinginc.com,http://www.tricityheatingandcoolinginc.com/,https://lh3.googleusercontent.com/grass-cs/ACvplmO2BJN0pspC5niDPquiTlYwLFPMFBbDLGDOqiZRGrvrwYVAa23WRmDZycnn5UGVRmc1aQ6ZWjH1OjC9tRzDcS1ySowXEyDBDvgIdwHsYlgv8ngeVlYyNzcI0Xpnh9LERmynnfs=s4800-w640,4.9,140,https://maps.google.com/?cid=2211569606296118899&g_mp=Cidnb29nbGUubWFwcy5wbGFjZXMudjEuUGxhY2VzLlNlYXJjaFRleHQQAhgEIAA,No,,2026-09-28
Windsor,Bubby's Plumbing & Heating,"1074 Crawford Ave, Windsor, ON N9A 5C9, Canada",(519) 980-6054,iveltri@hotmail.com,https://bubbysplumbing.com/,https://lh3.googleusercontent.com/grass-cs/ACvplmN16Y2J-Suu0SPKUu45X5xUJI2xFFWRzLrpfDuwUlGClPreccKnqRTBCEPK8UHq-nSmdJkw9WY3P53Va0dnL4OInBN2rUtoFNErTmDSVSK8QpQHhekHRCwMhk2xbdpudjLrA0enWw=s4800-w640,5,1488,https://maps.google.com/?cid=17599123384115700808&g_mp=Cidnb29nbGUubWFwcy5wbGFjZXMudjEuUGxhY2VzLlNlYXJjaFRleHQQAhgEIAA,Yes,,2026-09-28
Windsor,AD Trades Mechanical Inc( heating & Cooling),"903 Grand Marais Rd E, Windsor, ON N8X 3H9, Canada",(226) 260-6697,adtradesmechanical@gmail.com,http://www.adtradesmechanical.com/,https://lh3.googleusercontent.com/grass-cs/ACvplmPF4exL94dEpONfEWZ7fj0SCNDR_P5MxB0BSD_HO7n3G5Bc6CQACo1Bl7fS9R2H-akI_oZctgWRJtAJYFzobnHhubQxAFLrgz2iPmP4w0E_ZFaY0aULk7JpakF4J8b4oj4d-T3lUcOH9fE=s4800-w640,5,216,https://maps.google.com/?cid=10721657115403062999&g_mp=Cidnb29nbGUubWFwcy5wbGFjZXMudjEuUGxhY2VzLlNlYXJjaFRleHQQAhgEIAA,No,,2026-09-28
Windsor,Pro Star HVAC,"3146 Fairlane Cres, Windsor, ON N8W 4Y6, Canada",(519) 981-8280,info@blanchedalmond-duck-207990.hostingersite.com,https://prostarhvacwindsor.ca/,https://lh3.googleusercontent.com/grass-cs/ACvplmOL0EsUXSOETYYsRQfNUa5cVR8RR2yoAQxg1Vk-eNil4Fn4mz6XYdNSftR62LRoOEmu58_PmolRZYJFPLymZdhO1vPlKCl-DO2Rtbl2fBAuMQPYNd8kZXZF6KutDDcwZYKEFmWpsm15C8ib=s4800-w640,5,187,https://maps.google.com/?cid=8000245115344729594&g_mp=Cidnb29nbGUubWFwcy5wbGFjZXMudjEuUGxhY2VzLlNlYXJjaFRleHQQAhgEIAA,No,,2026-09-28
Windsor,Union Air Heating and Cooling,"3907 Tecumseh Rd E, Windsor, ON N8W 1J4, Canada",(226) 605-0426,,https://unionair.ca/,https://lh3.googleusercontent.com/grass-cs/ACvplmMfvs2oYbq9r2N-nRS_nEh2VZY0l0LJrBFVfCIyeiBi5uqG8Kh12Uml_d7pOIkfOHvlRDJ1uFOUJwuA7Z_eWdidtzxhNEE9B6eAAiyawQvFk-girLS3mYMse91UuxsZEDlRP4Uhanw3-0dc=s4800-w640,5,89,https://maps.google.com/?cid=5638039800777124688&g_mp=Cidnb29nbGUubWFwcy5wbGFjZXMudjEuUGxhY2VzLlNlYXJjaFRleHQQAhgEIAA,No,,2026-09-28
Windsor,Handy Bros. Home Comfort: Windsor HVAC,"5430 Wyandotte St E, Windsor, ON N8S 1L8, Canada",(226) 416-0025,cxteam@handybros.com,https://www.handybros.com/locations/windsor/air-conditioning/?utm_source=google&utm_medium=gbp&utm_campaign=local,https://lh3.googleusercontent.com/grass-cs/ACvplmMApELBTS--ceOK-9G39Fq0KtVjZlPDQeUky6--Aza0ktuCCORQCV-nZYv8ec40kTgW2P9Zuht6WOxGTA8mS9x_1EbX41OMKGk6QSaIGIb6HHUHKbFTOZGeG_l_l-mATuCllharRtQK0Lxd=s4800-w640,4.9,789,https://maps.google.com/?cid=17425933018895096466&g_mp=Cidnb29nbGUubWFwcy5wbGFjZXMudjEuUGxhY2VzLlNlYXJjaFRleHQQAhgEIAA,No,,2026-09-28
Windsor,Harris Heating & Air Conditioning Service Inc,"6555 Malden Rd #9, Windsor, ON N9H 1T5, Canada",(519) 970-9204,customerservice@harrisheating.net,http://www.harrisheating.net/,https://lh3.googleusercontent.com/grass-cs/ACvplmNEd8sXnqZtVF5vB-dtCWMSsgkv_GRJcuzUOdd7aUJP8s1mjnzrhtpCBKdTIszF6svd5_wYCcnXHSenKYEJ8XdD-fK1bZrkfQxyIFH86eLDksed6NBE5NXMe4zAIn_pgh5bNdo4=s4800-w640,4.9,428,https://maps.google.com/?cid=15030509385170234327&g_mp=Cidnb29nbGUubWFwcy5wbGFjZXMudjEuUGxhY2VzLlNlYXJjaFRleHQQAhgEIAA,No,,2026-09-28
Windsor,Langemann Heating & Cooling,"255 Ellis St E Unit 14, Windsor, ON N8X 3M8, Canada",(519) 903-6038,info@langemannhvac.com,https://langemannhvac.com/,https://lh3.googleusercontent.com/grass-cs/AABkmLeGtzWAwXW9QL-pslIA7PeZopJVP1soDDH3P-RQqrHDydhXeXj9eyWgG4FINJ5Y8wi3YxCfcT6jAdKc3wM-9easOEtxxrNfjkRVWsDy6Bhe2TPEykwQgjcKpcI9mF_H3y-aGykd9YM-7gU=s4800-w640,4.9,238,https://maps.google.com/?cid=3460983651479558096&g_mp=Cidnb29nbGUubWFwcy5wbGFjZXMudjEuUGxhY2VzLlNlYXJjaFRleHQQAhgEIAA,No,,2026-09-28
Windsor,Guaranteed Comfort Heating & Cooling,"2722 Meldrum Rd, Windsor, ON N8W 4G5, Canada",(226) 407-7741,abcd@gmail.com,https://guaranteedcomfort.ca/?utm_source=google&utm_medium=organic&utm_campaign=GMBListing-Windsor-ON,https://lh3.googleusercontent.com/grass-cs/ACvplmO9MjmGQY98enlU1cVw8yDhYJnfDY7ICCA6vAL3OzT-tgnTCCy5yoxRE5BsgLfNUGDW6tynz2EV8n4vWu5oPXXR4aBQBjQVIME0TFXz_Z0iREikoVddZcPRslzMf41kDsuDCgc=s4800-w640,4.9,174,https://maps.google.com/?cid=5232964573221513707&g_mp=Cidnb29nbGUubWFwcy5wbGFjZXMudjEuUGxhY2VzLlNlYXJjaFRleHQQAhgEIAA,No,,2026-09-28
Windsor,LAMANTIA Heating & Cooling Inc,"9962 Little River Blvd, Windsor, ON N8P 0C5, Canada",(519) 965-8749,timlamantiaheating@gmail.com,https://www.lamantiaheating.com/,https://lh3.googleusercontent.com/grass-cs/ACvplmMPu7RkxEStEmAit56pXQLvFzZh0nuLX7z4sr7I_dda38925S1_SW5aun1LphPRd6Y01X9ZS6ACpWBbNWAGHeBNABs5YOyyb-c6YGI-14cW17ZmLW6qOvS8lVSUUBMfQfkW4lA8g9tohJK_=s4800-w640,4.9,104,https://maps.google.com/?cid=14530456258321074714&g_mp=Cidnb29nbGUubWFwcy5wbGFjZXMudjEuUGxhY2VzLlNlYXJjaFRleHQQAhgEIAA,No,,2026-09-28
Windsor,CK Mechanical Heating and Cooling Inc.,"3846 Peter St, Windsor, ON N9C 1K2, Canada",(519) 967-2585,info@ckmechanical.com,https://www.ckmechanical.com/,https://lh3.googleusercontent.com/grass-cs/AABkmLeRA15xx9IJIwmD_kAQxsAsJzrcvWwBjsgYYz1pC6Zav24GL8bAU9wDe5FDja5qOeDTdH-HHSEc2YYw2kND8wznYdCHP7lK0oTzbHW_7gfuNZvTHlSGQXXaL3hV8WVO1J3pA12Y=s4800-w640,4.8,936,https://maps.google.com/?cid=6344615525671579238&g_mp=Cidnb29nbGUubWFwcy5wbGFjZXMudjEuUGxhY2VzLlNlYXJjaFRleHQQAhgEIAA,No,,2026-09-28
Windsor,Action Air heating and air conditioning Inc.,"5408 Malden Rd, Windsor, ON N9E 3V7, Canada",(226) 346-4313,action_air@hotmail.com,http://www.actionairinc.ca/,https://lh3.googleusercontent.com/grass-cs/ACvplmMW_xskXhCzI2OovMzSyUBLX4zte6Pe3Q4UjjtrXnSV54RiJKr8YvBSJA0jQ85YceEqm5cJ2FcT-dBrigmxC4hZz313ovYRiA5vLB4dZ8qwxGMJkoad4CITsPTvlVf8yk2RKoQ=s4800-w640,4.9,49,https://maps.google.com/?cid=2867683754229944399&g_mp=Cidnb29nbGUubWFwcy5wbGFjZXMudjEuUGxhY2VzLlNlYXJjaFRleHQQAhgEIAA,No,,2026-09-28
Windsor,Superior Plumbing & Heating of Tecumseh,"12218 Riverside Dr E Unit 7, Windsor, ON N8N 1A1, Canada",(226) 408-4509,info@superiorplumbing.ca,https://superiorplumbing.ca/tecumseh/?utm_source=gmb&utm_medium=organic&utm_campaign=gmb,https://lh3.googleusercontent.com/grass-cs/ACvplmPWtGZ7JGWA18vfeUxnpDjeGBGLAHvFSpUTdgvusIuvP3BmT8Crz6fEe_2chtQUj6CynclHlEBzDbGCttG3e6Kic1J_1EHL9O3vafoHnsrC_NJp-K_FSsa_N_ZJVnJkW8xhaGdWuvxt9tft=s4800-w640,5,18,https://maps.google.com/?cid=16769900799922999919&g_mp=Cidnb29nbGUubWFwcy5wbGFjZXMudjEuUGxhY2VzLlNlYXJjaFRleHQQAhgEIAA,No,,2026-09-28
Oakville,ACM Mechanical Inc,"3078 Sixth Line Unit 214, Oakville, ON L6M 1P8, Canada",(647) 388-3051,info@acmmechanicalinc.ca,https://acmmechanicalinc.ca/,https://lh3.googleusercontent.com/grass-cs/ACvplmO4n1tf86uAv1P84HjtKZi7O9qk0ZE5PIROdVMDt3wM_5WYtEcn7p2gXatFQEMb4jSCXrxEcza5K_lcrhBohKppeVsAODSOToJeENM8FoVhsPBNTSBEq2M3KGn9HrX19DF2JhQq7w=s4800-w640,5,232,https://maps.google.com/?cid=8578419208657344133&g_mp=Cidnb29nbGUubWFwcy5wbGFjZXMudjEuUGxhY2VzLlNlYXJjaFRleHQQAhgEIAA,Yes,,2026-09-28
Oakville,Oakville Home Comfort,"2400 Wyecroft Rd #18, Oakville, ON L6L 6M8, Canada",(905) 849-0297,,http://oakvillehomecomfort.ca/,https://lh3.googleusercontent.com/grass-cs/ACvplmNbsnpY7AQOSnZFPje9jQm2ErijUxdZJ1afy26JcDkznwLI-Fgp7D2yd8P4DrRHQngHPgzFWFtpn7WbTxj7R6IyKnoZxjr7F9lpyFYZkdERdPSaPDmBvrl8qsBqVi8OKhX4dQkZ=s4800-w640,5,99,https://maps.google.com/?cid=7141206724866923455&g_mp=Cidnb29nbGUubWFwcy5wbGFjZXMudjEuUGxhY2VzLlNlYXJjaFRleHQQAhgEIAA,No,,2026-09-28
Oakville,A1 Air Conditioning & Heating,"1420 Cornwall Rd #3, Oakville, ON L6J 7W5, Canada",(905) 844-2949,contactus@a1air.ca,http://www.a1air.ca/,https://lh3.googleusercontent.com/grass-cs/ACvplmPxcy8XamCEAq38jbCnqei6ImWaFJ8cFj_iFhZ_-S-XTT3Z8hubaDA7ozn9Z0cxjKI1cndmS6fpgOh-RcbGU2t666g_RXq8xHruXiOM73c63bzq2c_Y0IoZjC3qaJb3idiHnnrBgIRAFzkl=s4800-w640,4.9,1765,https://maps.google.com/?cid=10922584891480325679&g_mp=Cidnb29nbGUubWFwcy5wbGFjZXMudjEuUGxhY2VzLlNlYXJjaFRleHQQAhgEIAA,No,,2026-09-28
Oakville,Precision HVAC Mech Inc,"2400 Wyecroft Rd Unit 13, Oakville, ON L6L 6W1, Canada",(905) 678-7420,,http://www.precisionhvacmechanics.ca/,https://lh3.googleusercontent.com/grass-cs/ACvplmON82SrxdoVGsGg8Zs_HFWHQrMXB_gOF9ezkSURNzMIIaRVqNZIkjJIn-ZfH1tCGxENXCM46t8OBddESthTiRBrj1ZpufcDfiIKO0EGcEnFG6YrlRpFMeVPDGygYmYzhyi10gJuOTjbtL_A=s4800-w640,4.9,442,https://maps.google.com/?cid=16187792010819270512&g_mp=Cidnb29nbGUubWFwcy5wbGFjZXMudjEuUGxhY2VzLlNlYXJjaFRleHQQAhgEIAA,No,,2026-09-28
Oakville,Canada Energy Solution,"2010 Winston Park Dr, Oakville, ON L6H 6X7, Canada",(647) 812-5200,info@canadaenergysolution.com,https://canadaenergysolution.ca/,https://lh3.googleusercontent.com/grass-cs/ACvplmPjGOZs-FPcC48zHavBHNPvFgfewo9MLKW64N93aZwDJa6KrvYg5ukEosEX5OKJwvTd0oXrmjG3UytpSh_9NrZNPCWqKCEAn6l6ZUoXv2ahEcLWu4WSNU2_oernKLVgsjhQ_1E=s4800-w640,4.9,251,https://maps.google.com/?cid=3329602123975771677&g_mp=Cidnb29nbGUubWFwcy5wbGFjZXMudjEuUGxhY2VzLlNlYXJjaFRleHQQAhgEIAA,No,,2026-09-28
Oakville,About Comfort Air Inc.,"226 Alison Crescent, Oakville, ON L6L 0C7, Canada",(416) 417-1641,,https://acomfortair.com/,https://lh3.googleusercontent.com/grass-cs/ACvplmPsypwG1oDjUhkeEddvq92yx67mxqM7ej-T2cSN7QSYsOuTgnGgp1UpSC0aHbJt_tyzu-CF-JludRpZi0mG_ThjfZ7pqcoiLe9JikP9Q4X87JOd0iC0iuwd30J5_VaiuuLGqbahYoiq1r53=s4800-w640,5,59,https://maps.google.com/?cid=3211140162084901358&g_mp=Cidnb29nbGUubWFwcy5wbGFjZXMudjEuUGxhY2VzLlNlYXJjaFRleHQQAhgEIAA,No,,2026-09-28
Oakville,Eco Standard HVAC Heating & Cooling Repair and Maintenance,"1373 Harmsworth Square, Oakville, ON L6H 3E7, Canada",(416) 786-8144,amaska18@gmail.com,http://ecostandard.ca/,https://lh3.googleusercontent.com/grass-cs/ACvplmNkxruycIF2LtVT_T9BJnebM5fzFxFW3TZxEGoTMvZk-5MRgh8QKana_LYz778Rz0zhP9usxvOB1MzIGQRylbn5U1IZ60HfBKI653zifS8nBDrqOtFJQEEWrwNbCr8MjyMP_Fk=s4800-w640,5,57,https://maps.google.com/?cid=13293777147413361105&g_mp=Cidnb29nbGUubWFwcy5wbGFjZXMudjEuUGxhY2VzLlNlYXJjaFRleHQQAhgEIAA,No,,2026-09-28
Oakville,First Choice Heating & Air Conditioning,"1057 Goodson Crescent, Oakville, ON L6H 4A6, Canada",(905) 334-7885,info@firstchoicehvac.ca,http://www.firstchoicehvac.ca/,https://lh3.googleusercontent.com/grass-cs/ACvplmOdtkOHPVv26o4tQBLUGd5YXL1Nw2DNMOwVrOFJLjRhcPmP56Q6nzHKFpoquIImFseraXL4vEoz5f-P_0-pmwL6ZcvYeI8bDOQUWB2342BwLkl5Whx2RL_MvUwRmNJoAw9m-qfPzSuo6a7F=s4800-w640,5,46,https://maps.google.com/?cid=17140839225933257678&g_mp=Cidnb29nbGUubWFwcy5wbGFjZXMudjEuUGxhY2VzLlNlYXJjaFRleHQQAhgEIAA,No,,2026-09-28
Oakville,AtlasCare Heating & Cooling,"2751 Coventry Rd, Oakville, ON L6H 5V9, Canada",(647) 905-0482,,https://www.atlascare.ca/?utm_source=google&utm_medium=gmb&utm_campaign=AtlasCare-gmb&se_campaign=AtlasCare%20-%20GMB,https://lh3.googleusercontent.com/grass-cs/ACvplmPOz_7Ft7vJBwgbClhKCrMHQXM4RJyl_drg5vJMmidWcto5dmo6m4UU9QFs93WDWh01onCH1rDqtun1yz-CvdWHubGZcCCxuWiR5B9qZoyodIWNpW8kRfQiaUGUxgVmad651A_r=s4800-w640,4.8,7305,https://maps.google.com/?cid=530365449514957929&g_mp=Cidnb29nbGUubWFwcy5wbGFjZXMudjEuUGxhY2VzLlNlYXJjaFRleHQQAhgEIAA,No,,2026-09-28
Oakville,Atlantis HVAC Systems,"1200 Speers Rd #6, Oakville, ON L6L 2X4, Canada",(905) 845-4009,atlantishvac@cogeco.net,https://atlantisair.com/?utm_source=LocalGBP&utm_medium=GBP-Oakville&utm_campaign=GBP&utm_id=GBP,https://lh3.googleusercontent.com/grass-cs/ACvplmNj4hJEmFdvzAgBjD3BcjerGfinsBPMlg7OC2jZQjXlVSahBZO1y7O7-YtkBQ__wlKDEVm_R-0HxY4ENz_UcPsB550kHutpqN4sGXOxtk8B1rSwqQ5RZB8VcZTNLjr5QVsrfxePECV3mI0=s4800-w640,4.9,73,https://maps.google.com/?cid=12129302432780895495&g_mp=Cidnb29nbGUubWFwcy5wbGFjZXMudjEuUGxhY2VzLlNlYXJjaFRleHQQAhgEIAA,No,,2026-09-28
Oakville,HCR Care | Electrical & HVAC Services - Oakville,"1314 Redbank Crescent, Oakville, ON L6H 1Y5, Canada",(647) 657-0686,info@hcrcare.ca,https://www.hcrcare.ca/,https://lh3.googleusercontent.com/grass-cs/ACvplmOOp1UrALJo_bOtFiP5PXLfumCkmgunN-wsQ5Wr0FpMNb2XdbrM-QVVlr6DI1REQUhoWeRBv2q9AdzJRK6_m61a3-yrRJkW6WSSouuA5e-PIaPu__XvAAfYx6k_AFoDWJRe8dk=s4800-w640,5,32,https://maps.google.com/?cid=14489325450534675748&g_mp=Cidnb29nbGUubWFwcy5wbGFjZXMudjEuUGxhY2VzLlNlYXJjaFRleHQQAhgEIAA,No,,2026-09-28
Oakville,Appleby Systems Heating & Cooling,"2086 Speers Rd, Oakville, ON L6L 2X8, Canada",(905) 825-1893,,https://www.applebysystems.ca/,https://lh3.googleusercontent.com/grass-cs/ACvplmNY9RnzSLD5inf_d-4bWwiyzT44tXWsAAwbK05wPUdFuZuGoaJswf27eXTpBgX8IPj-4ML2517EN3YixKwcM7zxuL3e3G9a5nBfeHVe6TetVOFVn9Z4dLDiXi2TLm8kX5S__dLvGATnToU=s4800-w640,4.8,269,https://maps.google.com/?cid=9705286975199088480&g_mp=Cidnb29nbGUubWFwcy5wbGFjZXMudjEuUGxhY2VzLlNlYXJjaFRleHQQAhgEIAA,No,,2026-09-28
Oshawa,Sentinel Heating & Cooling,"62 Cromwell Ave, Oshawa, ON L1J 4T6, Canada",(647) 448-2544,sentinelheating@gmail.com,https://sentinelheating.ca/,https://lh3.googleusercontent.com/grass-cs/AABkmLdqXg2swc7V0N_p0Hi5A6Q5TIQ4FiV7DQVE-CEhxlp4_6MwDA3lLDMhei29QgIgJ42bTwVfmVexZsoxuARS6vscskV0drt6KgQ8G3akVNi0EA-3Wdob9Ian9s5snZtkWCFm1kOr=s4800-w640,5,111,https://maps.google.com/?cid=14785003520997682762&g_mp=Cidnb29nbGUubWFwcy5wbGFjZXMudjEuUGxhY2VzLlNlYXJjaFRleHQQAhgEIAA,Yes,,2026-09-28
Oshawa,LFZ Heating & Cooling,"1318 Apollo St, Oshawa, ON L1K 3E6, Canada",(416) 779-4863,info@lfzheating.ca,http://www.lfzheating.ca/,https://lh3.googleusercontent.com/grass-cs/ACvplmM1B1dyiRaV8qxtsIlPijs3WxSP1G4EwrvLRXLU6Hs4omUZ_DEG3m3-XihlVSeVbm7QH56AZHKRmsKMaS8rDBFQeFjHoFqppQFT96TtBHryjSLTPTjn9cZoGqHOaKPhjIF6wfGMQo6R6ppg=s4800-w640,4.9,206,https://maps.google.com/?cid=13069438057913534182&g_mp=Cidnb29nbGUubWFwcy5wbGFjZXMudjEuUGxhY2VzLlNlYXJjaFRleHQQAhgEIAA,No,,2026-09-28
Oshawa,Cassar Heating & Air Conditioning,"Oshawa, ON L1G 6C3, Canada",(416) 508-4585,info@cassarhvac.com,http://cassarhvac.com/,https://lh3.googleusercontent.com/grass-cs/ACvplmPrusVA3A4PgsWivoQBPbY0LEsNZMrGq-PxK0obdXqLSngQFXI3_FzTvtYYAab-95Wk54pBg1AkJjOPrNF5Sh1fKhkAA4a6VBht1WLbE2DjIgREfTJwVck_sKVzuhqjJP_OMC3FJg=s4800-w640,5,57,https://maps.google.com/?cid=2742019343534969941&g_mp=Cidnb29nbGUubWFwcy5wbGFjZXMudjEuUGxhY2VzLlNlYXJjaFRleHQQAhgEIAA,No,,2026-09-28
Oshawa,"Superior HVAC Service, Heating & Air Conditioning","21 Simcoe St S, Oshawa, ON L1H 4G1, Canada",(647) 956-3863,info@superiorhvacservice.ca,https://superiorhvacservice.ca/oshawa/?utm_source=gmb&utm_medium=organic&utm_campaign=gmb,https://lh3.googleusercontent.com/grass-cs/ACvplmMzIFldKY4kJa02v4TLdJwlT2tn1rCLo4wgfa1n94hzsiejok2nDhHFofxwT6O-AiMMNBiv3gMNwt7e_n_q_MIukMC1cGUU9OjD1S1tfV9h-6XGLYdM-l4MjWkjhnvLF2JYvTyUE60f3U_d=s4800-w640,5,52,https://maps.google.com/?cid=12694384418513067472&g_mp=Cidnb29nbGUubWFwcy5wbGFjZXMudjEuUGxhY2VzLlNlYXJjaFRleHQQAhgEIAA,No,,2026-09-28
Oshawa,Active Climate Mechanical,"303 Wilson Rd N, Oshawa, ON L1G 6E4, Canada",(289) 892-2410,fixit416@gmail.com,http://www.acmheat.com/,https://lh3.googleusercontent.com/grass-cs/ACvplmMsuQMfF1N_u3cjYvfep2yN0zV5jSW7U-f9pD79f0oDBFf1IL9hTt1S2e-amaCEjxANyMtszRPO4ZxSilyQPZe2CWpuB49nTGh8Ev_pB8lzFrjWq2I01Gi43hPU3IeV1RC4Wg_X2fHJxL4=s4800-w640,5,51,https://maps.google.com/?cid=16110625941533416028&g_mp=Cidnb29nbGUubWFwcy5wbGFjZXMudjEuUGxhY2VzLlNlYXJjaFRleHQQAhgEIAA,No,,2026-09-28
Oshawa,"Reliance Heating, Air Conditioning & Plumbing","1155 Boundary Rd Unit 8, Oshawa, ON L1J 6Z7, Canada",(866) 529-8514,,https://reliancehomecomfort.com/durham/?utm_source=google&utm_medium=organic&utm_campaign=gmb-oshawa,https://lh3.googleusercontent.com/grass-cs/ACvplmPXM4IFizMk-ptg2hupxgkDVzE0zH_6WAEN3kfH1j9y7zgRsElvl7j0I3u5M5vAds11286ZBa5kjtYiQ0mPKVc3Tg-GHrMRgZLB5r7NWXDmkt9rLMooskt5DPVpaJzTOMaPi0UfHV3qM3e5=s4800-w640,4.8,7899,https://maps.google.com/?cid=1265659997369368629&g_mp=Cidnb29nbGUubWFwcy5wbGFjZXMudjEuUGxhY2VzLlNlYXJjaFRleHQQAhgEIAA,No,,2026-09-28
Oshawa,Max Comfort Heating & Cooling,"Oshawa, ON L1J 1G8, Canada",(905) 260-7323,info@maxcomfortheating.com,http://maxcomfortheating.com/,https://lh3.googleusercontent.com/grass-cs/ACvplmM9iJjOHcSHb3KAz3yqxUdyQ3Yxtzgg7d1cxV-o13YdbfVzckTh6nrE3W9TUdg9r8XxMcERozCL5lLoTKhCmC652cEPViRlF36d00kDeZKIO6RrBCF-dy9hnnhF5xlKFjfknxMYk5IUnXNv=s4800-w640,4.9,74,https://maps.google.com/?cid=8767740506836956892&g_mp=Cidnb29nbGUubWFwcy5wbGFjZXMudjEuUGxhY2VzLlNlYXJjaFRleHQQAhgEIAA,No,,2026-09-28
Oshawa,Limcan Certified Heating and Air Conditioning,"501 Ritson Rd S Unit 1, Oshawa, ON L1H 3B5, Canada",(289) 316-1922,,https://www.limcancertified.ca/?utm_source=google&utm_medium=gmb&utm_campaign=Limcan-gmb&se_campaign=Limcan%20-%20GMB,https://lh3.googleusercontent.com/grass-cs/ACvplmPeR5_NbJ78YRioYjlUl-Z8UOwrq2r4q8vATAmSTgg8G6PuTu2WxjF5mfosNAYtCvMpLimosziRvjiRRV-C2blFfqUBf77nfp6ByJN-J22Z19dpR0U-lfeOCCC_PiwpO9FC5Vkl=s4800-w640,4.8,706,https://maps.google.com/?cid=16525118223644616117&g_mp=Cidnb29nbGUubWFwcy5wbGFjZXMudjEuUGxhY2VzLlNlYXJjaFRleHQQAhgEIAA,No,,2026-09-28
Oshawa,Boyle Energy Solutions,"384 Athol St E, Oshawa, ON L1H 1L1, Canada",(905) 404-5048,,,,5,32,https://maps.google.com/?cid=5811482178426252977&g_mp=Cidnb29nbGUubWFwcy5wbGFjZXMudjEuUGxhY2VzLlNlYXJjaFRleHQQAhgEIAA,No,,2026-09-28
Oshawa,Superior Plumbing & Heating of Oshawa,"202 King St E Unit 11, Oshawa, ON L1H 1C4, Canada",(647) 696-1503,info@superiorplumbing.ca,https://superiorplumbing.ca/oshawa/?utm_source=gmb&utm_medium=organic&utm_campaign=gmb,https://lh3.googleusercontent.com/grass-cs/ACvplmMn_plqP0CSUttz-fJMxgZh1FfUc1dvZWt94ck7n8_-wnnzM52-wcUbcb4LGjJASOg-FF6O5DUe_MeoMVVTaO4nkZ9DFSe-CfgcEUYkI13PN3Gfoy6uTr0VECYtTKGZHtIb9U_shYgKf8Sv=s4800-w640,4.9,53,https://maps.google.com/?cid=4686854497890427324&g_mp=Cidnb29nbGUubWFwcy5wbGFjZXMudjEuUGxhY2VzLlNlYXJjaFRleHQQAhgEIAA,No,,2026-09-28
Oshawa,Ontario Smart Heating & Cooling Inc,"1049 Schooling Dr, Oshawa, ON L1K 0N9, Canada",(647) 819-6004,jonpinhorn.typedesign@gmail.com,https://www.ontariosmartheating.com/,https://lh3.googleusercontent.com/grass-cs/ACvplmOYdHfP9bllGF7H4C_HU2npKhQUP7l1S_yuBZVz5pnhflH6Er346cI7sCOH08gR-bKrgnOm1d45c_OxVjJcZ7LmnXGGNztQ7N4eHHij_HMZJhJd8yd8gUbgokt8uHAmanqss8ADiSQxmmE=s4800-w640,5,29,https://maps.google.com/?cid=8456352319713966106&g_mp=Cidnb29nbGUubWFwcy5wbGFjZXMudjEuUGxhY2VzLlNlYXJjaFRleHQQAhgEIAA,No,,2026-09-28
Oshawa,Stacks Heating and Air,"415 Pompano Ct, Oshawa, ON L1K 1M9, Canada",(647) 825-7829,,,https://lh3.googleusercontent.com/grass-cs/ACvplmNQXumfjOggRnFpVScXhEFXwzr46AeUbJv7lnVWPk4Gj6ERaZmhF5Hg49gwOQhBx6FTe1c7ehQb5_DK78uULAmh2f0CGAsINVwX4Cq6O6Wo-6sc03vyL4jfv8Bq7qsRTrIY9V40bw=s4800-w640,4.8,136,https://maps.google.com/?cid=13246728402045230235&g_mp=Cidnb29nbGUubWFwcy5wbGFjZXMudjEuUGxhY2VzLlNlYXJjaFRleHQQAhgEIAA,No,,2026-09-28
Whitby,Propel Heating and Cooling,"4 Ann Arbour Ct, Whitby, ON L1N 5T6, Canada",(647) 718-4822,,http://www.propelhvac.ca/,https://lh3.googleusercontent.com/grass-cs/ACvplmOi4JiEZHZg3Z0zZP8yCutbqSQbjF6JlVk_ts9VpOTjqBCJN6sX_rf7eL8B0zEYOd61pBo0zxifUFy08lHASD-Zu4KZJgXNH0KRpH3UyAUFth7Aw-B45eFRjStfo8DrOVaO0uzMLcE-UNg=s4800-w640,5,246,https://maps.google.com/?cid=1355349284189073570&g_mp=Cidnb29nbGUubWFwcy5wbGFjZXMudjEuUGxhY2VzLlNlYXJjaFRleHQQAhgEIAA,Yes,,2026-09-28
Whitby,Lazzaro Gas HVAC,"6 Michelle Ct, Whitby, ON L1N 6Z1, Canada",(289) 356-2920,lazzarogas@hotmail.com,https://www.lazzarogashvac.ca/,https://lh3.googleusercontent.com/grass-cs/AABkmLc8m0QdV4VX7nToyRezBk6XknFStiYieRvjulrQnCPAm8MD89yzT1jkK8H3RT4Ckhslm1KJn6IsjO_BCCYBTKkvik6X7qHCWVQeVKLVYr3xTLSP3J7dggc0KWYfIBBk8jSaU0-aqMbMQquS=s4800-w640,5,173,https://maps.google.com/?cid=1742916332676933842&g_mp=Cidnb29nbGUubWFwcy5wbGFjZXMudjEuUGxhY2VzLlNlYXJjaFRleHQQAhgEIAA,No,,2026-09-28
Whitby,Sharpe Advantage Heating And Air Conditioning,"105 Consumers Dr Unit 2, Whitby, ON L1N 5T3, Canada",(905) 441-5466,info@sharpeadvantage.ca,https://sharpeadvantage.ca/,https://lh3.googleusercontent.com/grass-cs/ACvplmNrHJxBhP3WAFD0hrVTxsCafyslmiZyZ9i_yTNpaxPKEmCPwW5mb9pQ9S4qfThjm-lAWl2yAl75lJyn8ax2CHYxpHJOqICJHHw3aAuQtpkv8LfpPa2JPv5NwWNNpngb-b4683arXg=s4800-w600,5,114,https://maps.google.com/?cid=17176604280161235150&g_mp=Cidnb29nbGUubWFwcy5wbGFjZXMudjEuUGxhY2VzLlNlYXJjaFRleHQQAhgEIAA,No,,2026-09-28
Whitby,Infiniti Home Comfort,"1621 McEwen Dr Unit 35, Whitby, ON L1N 9A5, Canada",(905) 436-2473,info@infinitihomecomfort.ca,https://infinitihomecomfort.ca/,https://lh3.googleusercontent.com/grass-cs/ACvplmOmhu4FT0prPuyx27s8jjj7fwWnJnUA1kSi1OcwMy81OULflrUw7X864T4yZprQ2GQBJJRsBrMyv-wR04eFCga9YF5DcxiQIpO6CSlIYqQy8cUoNr8OcDrZasSNPYJZalWQOraHUh55CZKQ=s4800-w640,4.9,485,https://maps.google.com/?cid=792760989379341478&g_mp=Cidnb29nbGUubWFwcy5wbGFjZXMudjEuUGxhY2VzLlNlYXJjaFRleHQQAhgEIAA,No,,2026-09-28
Whitby,Taunton Trades Ltd,"1621 McEwen Dr Unit 17, Whitby, ON L1N 9A5, Canada",(905) 493-4227,mail@tauntontrades.com,https://tauntontrades.ca/,https://lh3.googleusercontent.com/grass-cs/ACvplmP8fD1aAacJ3_lhF4a0tVxvhqohtUm43wPnh36QPeLVf22ckJLbEuHJILFWt39cnzcA6nhX-g4PDfnlpRGDyCMMI6Xt3vlWYq-s-vymUxMJQcNq7h4jhbNBT_83sgvL6ZkqK8n-=s4800-w640,4.9,166,https://maps.google.com/?cid=17316309295971959907&g_mp=Cidnb29nbGUubWFwcy5wbGFjZXMudjEuUGxhY2VzLlNlYXJjaFRleHQQAhgEIAA,No,,2026-09-28
Whitby,Walchuk Heating and Cooling,"9 Campbell St, Whitby, ON L1M 1A4, Canada",(905) 622-5435,sales@w-hc.ca,https://www.walchukheatingandcooling.ca/?utm_source=google&utm_medium=organic&utm_campaign=local&utm_content=Whitby,https://lh3.googleusercontent.com/grass-cs/ACvplmNxeMUidWdUpeaezl8QOgN95glg9lzs81896ChOMGy_HVN_qKTOS7LbB-TJ-FWf_Av80lPDC49LOX8hd-7sGH3cMasPP-ZxXHc2gT_SnmBQmlE-HzKKM_VUgdL_0HGlrgc5DT_xYPblr7UI=s4800-w640,4.9,141,https://maps.google.com/?cid=8973742618446929910&g_mp=Cidnb29nbGUubWFwcy5wbGFjZXMudjEuUGxhY2VzLlNlYXJjaFRleHQQAhgEIAA,No,,2026-09-28
Whitby,Trustflow plumbing and heating,"1801 Dundas St E, Whitby, ON L1N 7C5, Canada",(289) 498-2031,,https://trustflowplumbing.ca/,,5,50,https://maps.google.com/?cid=12123184066509106857&g_mp=Cidnb29nbGUubWFwcy5wbGFjZXMudjEuUGxhY2VzLlNlYXJjaFRleHQQAhgEIAA,No,,2026-09-28
Whitby,AOBUTEC HVAC Heating & Cooling,"430 Brock St N, Whitby, ON L1N 4H9, Canada",(647) 284-4430,info@aobutec.ca,https://aobutec.ca/,https://lh3.googleusercontent.com/grass-cs/ACvplmMEBh3I3HtiHwdsimWNE9kQGDC_JZ9v_4GpcZKEVSMKxyCxYztW7Y394Ue_iYBRF9AM4Ijd2yhIXXM0QSiGYS54Hza9cr6AeKZYSPiAWzY_CfXIuNDSGEhmh_eodbevlzmk7ouLiE0JK_U8=s4800-w640,4.9,97,https://maps.google.com/?cid=7669041809615743290&g_mp=Cidnb29nbGUubWFwcy5wbGFjZXMudjEuUGxhY2VzLlNlYXJjaFRleHQQAhgEIAA,No,,2026-09-28
Whitby,Foundry Heat Pumps,"1122 King St, Whitby, ON L1N 5A8, Canada",(647) 785-6632,,http://foundryheatpumps.ca/,https://lh3.googleusercontent.com/grass-cs/AABkmLdKH8fZxZ1GMoP3edwKIrihr2qyrxD2HkdTEOt6HGgwLO9k2PIhWMaagTsHUWjfOmYlpRnJoWmWGnEI89jBN2I1ByvNeG4C3jMLFYxVbVsWuFmNPRlDslV9fERX89MQnyf4BFCQfSCQQEik=s4800-w640,5,38,https://maps.google.com/?cid=6677665642092481642&g_mp=Cidnb29nbGUubWFwcy5wbGFjZXMudjEuUGxhY2VzLlNlYXJjaFRleHQQAhgEIAA,No,,2026-09-28
Whitby,Limcan Certified Heating and Air Conditioning,"105 Consumers Dr Unit L, Whitby, ON L1N 5T3, Canada",(905) 427-2577,,https://www.limcancertified.ca/?utm_source=google&utm_medium=gmb&utm_campaign=limcan-whitby-gmb,https://lh3.googleusercontent.com/grass-cs/ACvplmMoQ2RQDmVNuEI_9Rvj5vBC7Sy-Y1gB2NbYtelRhudX0yjzRKbTz_PWQBn1Y2-8rTpTRYvdEEOgUejhf5sjP0noJ2ItatZP1fuUGOZz5wNWPg-5kFRguaOGtPKG5wxfqDndUghjXA=s4800-w640,4.8,3196,https://maps.google.com/?cid=16702198034291783150&g_mp=Cidnb29nbGUubWFwcy5wbGFjZXMudjEuUGxhY2VzLlNlYXJjaFRleHQQAhgEIAA,No,,2026-09-28
Whitby,Waza Home Comfort,"105 Industrial Dr, Whitby, ON L1N 5Z9, Canada",(905) 424-2090,info@wazahome.ca,https://wazahome.com/?UTM_source=GMB_listing&UTM_medium=organic_HD,https://lh3.googleusercontent.com/grass-cs/ACvplmPJj7LvII8XRhV4KOIOWjIITVciAhM1WlPbDVwDLJcSJyVJ1aIsNVJUsZd9XLmILUbta1GzpAY3p-LyIe5pcBvhPMeGAdhFHzvmVzbe5hNbgvNqcU3tnDw0Oh2Z6jcJdF-ZrdM=s4800-w640,4.8,578,https://maps.google.com/?cid=2680166286197077180&g_mp=Cidnb29nbGUubWFwcy5wbGFjZXMudjEuUGxhY2VzLlNlYXJjaFRleHQQAhgEIAA,No,,2026-09-28
Whitby,"Aire One East | Whitby Furnace Repair, Heat Pump Installation & AC Services","1910 Dundas St E #117, Whitby, ON L1N 2L6, Canada",(905) 576-7600,info@aireonedurham.ca,https://www.aireonedurham.ca/,https://lh3.googleusercontent.com/grass-cs/ACvplmM_wpp1djqYO8evrj8ZOSJ-Vh8TCGzeiw7OaLh0CyHx-5wPVOjTtAytvUXsDTkVQM_J93z2eTKpuVLyXdlOqOq7ybyoLMWNquMutoDktFWYSWL5ArFE1jV8A9YccNt9l6ccxDTJ=s4800-w640,4.8,384,https://maps.google.com/?cid=3749422550682060019&g_mp=Cidnb29nbGUubWFwcy5wbGFjZXMudjEuUGxhY2VzLlNlYXJjaFRleHQQAhgEIAA,No,,2026-09-28
Burlington,Creature Comforts HVAC,"850 Legion Rd Unit 6, Burlington, ON L7S 1T6, Canada",(289) 983-1383,info@creaturecomfortshvac.ca,https://www.creaturecomfortshvac.ca/?utm_source=google&utm_medium=organic&utm_campaign=gbp-profile,https://lh3.googleusercontent.com/grass-cs/ACvplmOJJA2vheCfAaUjTqqe777ndkbaAQmoAROFR6Bl2bzCwqNotHmZ5SSTW98ZoNvvIty_PXMNxHWylprFutubzNUxU9_OAihqgQcrz51q1IpNqaBMQKlRTjDtGLO1JGSIDf-1FLR8=s4800-w640,5,1052,https://maps.google.com/?cid=4141131525822498342&g_mp=Cidnb29nbGUubWFwcy5wbGFjZXMudjEuUGxhY2VzLlNlYXJjaFRleHQQAhgEIAA,Yes,,2026-09-28
Burlington,AirTemp HVAC Furnace and Air Conditioner of Burlington,"3432 Mikalda Rd, Burlington, ON L7M 0J9, Canada",(905) 630-5949,info@airtemp-hvac.ca,https://www.airtemp-hvac.ca/,https://lh3.googleusercontent.com/grass-cs/ACvplmMQSS6BxQVh-3G5ZX71nC1TJrhFjLKvppZxolDQbvWHDiRw4GZcM6EuUlbKeN-HPZG-qFHE7C_v9oGyvpcCvcyctTR93Iwr4lwEGOGVidhQP8TRJ8s_9WngcFVhSoeH-RgZwph_=s4800-w640,5,334,https://maps.google.com/?cid=10697194484207697345&g_mp=Cidnb29nbGUubWFwcy5wbGFjZXMudjEuUGxhY2VzLlNlYXJjaFRleHQQAhgEIAA,No,,2026-09-28
Burlington,905 HVAC Inc.,"2170 Fairchild Blvd, Burlington, ON L7P 3E4, Canada",(905) 920-4120,info@905hvac.ca,http://www.905hvac.ca/,https://lh3.googleusercontent.com/grass-cs/ACvplmMhKQcWo4_XlDPRN-INTiZZiWLEDsOuhtQB3b5zaJq23Ds7v-6uCc-YK7f5joDi-wmSuEyVDQ_YQTSqXlbZMU7370UvnFAA5gVU7oISzHV3jx1HfEj3lRjtD1nyX8EAkuhsBLM9jK7FnDRy=s4800-w640,5,128,https://maps.google.com/?cid=10968637947369145011&g_mp=Cidnb29nbGUubWFwcy5wbGFjZXMudjEuUGxhY2VzLlNlYXJjaFRleHQQAhgEIAA,No,,2026-09-28
Burlington,Tenacity HVAC,"850 Legion Rd Unit 22, Burlington, ON L7S 1T5, Canada",(289) 253-8036,info@tenacityhvac.ca,https://www.tenacityhvac.ca/,https://lh3.googleusercontent.com/grass-cs/ACvplmNOOJqcaeaEu-RWgs-vMGXVcgB6X8tQLoQMvc5y3lzswCeartoh1wwNFqK7kujqGXAP2J7HirI3x5KvQHOmqC15MC9QOwQhg4kSA8x_BwDYoSMEBDkj-GnnNhQ2HrHX7sjrHDkNjA=s4800-w640,5,107,https://maps.google.com/?cid=4323336317090334850&g_mp=Cidnb29nbGUubWFwcy5wbGFjZXMudjEuUGxhY2VzLlNlYXJjaFRleHQQAhgEIAA,No,,2026-09-28
Burlington,Maintemp Heating & Air Conditioning,"4380 S Service Rd, Burlington, ON L7L 5Y6, Canada",(905) 681-1515,,http://www.maintemp.ca/,https://lh3.googleusercontent.com/grass-cs/ACvplmOR5wvEnnKaVxR7PKVywpCfW5kKJxnxnU8TEojlwkWqlqFHPzkKc4cMEHXK6nXeejEGOPlBeuavOJtK_GOkz1sBNCSCXCS3d7-QI6badoixSZ9JbFTXj7UodXdjq36nUd2L7aON=s4800-w640,4.9,527,https://maps.google.com/?cid=9417932856061588618&g_mp=Cidnb29nbGUubWFwcy5wbGFjZXMudjEuUGxhY2VzLlNlYXJjaFRleHQQAhgEIAA,No,,2026-09-28
Burlington,Superior HVAC Service,"5063 N Service Rd #200, Burlington, ON L7L 5H6, Canada",(289) 812-3212,info@superiorhvacservice.ca,https://superiorhvacservice.ca/burlington/?utm_source=gmb&utm_medium=organic&utm_campaign=gmb,https://lh3.googleusercontent.com/grass-cs/AABkmLchMqbNJF26N23VbmiHRCyXyoPDqACgqEDc1YeaHNeGI33O1HK2X_kQkT9I4YgTlTm-lS2DSEd5kKI8ZqFRDf72tReTD3dqvK1OKs7SVkwRaD619FQ1o0Yu_sj_gfy1mx_e1OHIFeJC1wef=s4800-w640,5,70,https://maps.google.com/?cid=2425026425158095698&g_mp=Cidnb29nbGUubWFwcy5wbGFjZXMudjEuUGxhY2VzLlNlYXJjaFRleHQQAhgEIAA,No,,2026-09-28
Burlington,Infinite Home Comfort,"1100 Burloak Dr, Burlington, ON L7L 6B2, Canada",(833) 700-4822,sales@infinitehomecomfort.com,http://www.infinitehomecomfort.com/,https://lh3.googleusercontent.com/grass-cs/ACvplmMFRY9D67Ym9xSa2ogKj-Vu5akaX6zWEpqCsedGVsjoq4ki9QHX_rfdhUk9-Lx1Ll1vqWfBadnpQiTaDe0xbj9btkRPiZtLhSl_TyuRDwh5Rth0gCW8TaDyWmkEPxEvQft0_jCnXBN7vDMS=s4800-w640,4.9,190,https://maps.google.com/?cid=1059734161282688417&g_mp=Cidnb29nbGUubWFwcy5wbGFjZXMudjEuUGxhY2VzLlNlYXJjaFRleHQQAhgEIAA,No,,2026-09-28
Burlington,Optimum Climate Services,"2482 Whittaker Dr, Burlington, ON L7P 4R2, Canada",(647) 462-7942,info@optimumclimateservices.com,https://optimumclimateservices.com/,https://lh3.googleusercontent.com/grass-cs/ACvplmM_SSeym6seiUQ5nz1R24Z_0xxYHdN0nMf8ZWNTG3mlUsvdio8GnmvIkqqCbu2vPt0PMRtnw8TUQki8khDFT5OV8lk12O5uuX0zSBF73dCJEVdQdnOyqEW79qdIf5eAeFj85LCs=s4800-w640,5,50,https://maps.google.com/?cid=479302813725519418&g_mp=Cidnb29nbGUubWFwcy5wbGFjZXMudjEuUGxhY2VzLlNlYXJjaFRleHQQAhgEIAA,No,,2026-09-28
Burlington,Superior Plumbing & Heating of Burlington,"955 Maple Ave Unit 11, Burlington, ON L7S 2J4, Canada",(289) 812-4335,info@superiorplumbing.ca,https://superiorplumbing.ca/burlington/?utm_source=gmb&utm_medium=organic&utm_campaign=gmb,https://lh3.googleusercontent.com/grass-cs/ACvplmOjRpokkl-YYMDQaHFrwMABZ8edlht-OHkr6SerphHgs7Hk5B2PL-HVzPuA5I20ugtd62ajOe8rYcUfUa9t7grd20HCJUswZYZ7-CIqtIOofnQZtxXwVIdSQOgISfq8ubFy5EUGuk7ZlQB7=s4800-w640,4.9,99,https://maps.google.com/?cid=8130478848983729576&g_mp=Cidnb29nbGUubWFwcy5wbGFjZXMudjEuUGxhY2VzLlNlYXJjaFRleHQQAhgEIAA,No,,2026-09-28
Burlington,Maple Mechanical,"3333 Mainway B, Burlington, ON L7M 1A6, Canada",(289) 337-6684,,https://maplemechanical.ca/,https://lh3.googleusercontent.com/grass-cs/ACvplmO2oVWRZDFEX3IGMAjDLGHmHjs5qmqQPnpRBdDz7Ndw9I8El_8JdGc1erBSFb9dIWh0-J5L7dMiR1GdON0_l_nwFVY3ZoZ6pMMV6uese2AdarWZ9pUxEvAiQ5peuHlHBfABHYo=s4800-w640,5,38,https://maps.google.com/?cid=1746347407991856877&g_mp=Cidnb29nbGUubWFwcy5wbGFjZXMudjEuUGxhY2VzLlNlYXJjaFRleHQQAhgEIAA,No,,2026-09-28
Burlington,ClimateCare,"3380 S Service Rd Ste 106, Burlington, ON L7N 3J5, Canada",(905) 319-9828,,https://www.climatecare.com/,https://lh3.googleusercontent.com/grass-cs/ACvplmNLxFvhTSrhTL0gVnHxHe-jDaT7xamz0ujSwtSm9TUrs4ECuUDJGZVn2y3cVkXi3yMLTlGKNafmxP89Jl3og2RzpHWKpItf8HW55q5xGe6uZqIfXmzzilpzSvgJI30yajtpEkPnf_80sgSh=s4800-w411,5,28,https://maps.google.com/?cid=16162451612100817655&g_mp=Cidnb29nbGUubWFwcy5wbGFjZXMudjEuUGxhY2VzLlNlYXJjaFRleHQQAhgEIAA,No,,2026-09-28
Burlington,Frew Heating & Cooling,"1380 Grahams Ln, Burlington, ON L7S 1W3, Canada",(800) 387-6231,,http://frewheatingcooling.com/,https://lh3.googleusercontent.com/grass-cs/ACvplmMVY7cf0wayj29OdBClYv4ae3aCjsZlZxtu-6zvhzonCPLhAwfgBv8Htu_R0gqZr6MoYh76omF9pX_8CVSnZ6FjfgqSKz8RI3WMEs8vNw5gkdwEsqc6VEDLJvrFN2k8K1GngmIX=s4800-w640,4.9,47,https://maps.google.com/?cid=9952609069123736434&g_mp=Cidnb29nbGUubWFwcy5wbGFjZXMudjEuUGxhY2VzLlNlYXJjaFRleHQQAhgEIAA,No,,2026-09-28
Cambridge,Kelvinstar Heating and Cooling,"247 Linden Dr, Cambridge, ON N3H 4Y1, Canada",(647) 388-0952,gasfitterpro@gmail.com,http://www.kelvinstar.ca/,https://lh3.googleusercontent.com/grass-cs/ACvplmN6b4CUNlxs2tYv2YATOjwJTnBv6d2vEqrN8oxFlA2Uob5MUhmQHqIhqdPuj2fLfqxRQfYSCgWNEvth3-PW8Q8FPIy5ZAjHh_3reBXmwad0FKgs2P1QSvbMpGKNrUOPAWBeCFNO=s4800-w499,5,214,https://maps.google.com/?cid=11991348055656475647&g_mp=Cidnb29nbGUubWFwcy5wbGFjZXMudjEuUGxhY2VzLlNlYXJjaFRleHQQAhgEIAA,Yes,,2026-09-28
Cambridge,Jambreeze Heating And Cooling,"73 Water St N #300, Cambridge, ON N1R 7L6, Canada",(519) 658-2760,jambreezehvac@gmail.com,https://jambreezehvac.com/,https://lh3.googleusercontent.com/grass-cs/ACvplmN9MMURDyLIhAqfSzgQY3pyu38r8ZH-F0onDyY2Dm8hpd0KnAR-M-OOigGJ6ME__Yht8cSxCSYVphOxxjo27_ttFpcUS2nTLb8-cp3okRv2xo9OQAVVCDzmHtM_EGXXzIi3A6Qa=s4800-w640,5,128,https://maps.google.com/?cid=16850365934714363879&g_mp=Cidnb29nbGUubWFwcy5wbGFjZXMudjEuUGxhY2VzLlNlYXJjaFRleHQQAhgEIAA,No,,2026-09-28
Cambridge,Trident Heating & Air Conditioning Inc.,"200 Eagle St N, Cambridge, ON N3H 5S9, Canada",(226) 759-9922,info@tridentair.ca,https://www.tridentair.ca/,https://lh3.googleusercontent.com/grass-cs/ACvplmMDLAWIlAfeyc7ojsuGVyFeciVuZXyp_ihQKWiWVfsCSDQIHTzJixT69bluga-lfVdGOp6LkLuNjrPQB0CR0xVa3px2_r8KwZGuD0MndahX7UTDyZH8LQ5aGgA8ylmlyRFwx5acrXGFUhM=s4800-w640,5,118,https://maps.google.com/?cid=3691051594558323234&g_mp=Cidnb29nbGUubWFwcy5wbGFjZXMudjEuUGxhY2VzLlNlYXJjaFRleHQQAhgEIAA,No,,2026-09-28
Cambridge,Aire One Heating & Cooling Cambridge,"290 Pinebush Rd, Cambridge, ON N1T 1Z6, Canada",(519) 653-1222,info@aireonekw.ca,https://aireonekw.ca/?utm_source=google&utm_medium=organic&utm_campaign=netsync-listing,https://lh3.googleusercontent.com/grass-cs/ACvplmNuS4mdh0bPW0jg9a-qjFwfJ45xqSEKMySYYayhC3O_gkgHH8lTIWYmftCnRz70eDv7vZ-PzRuC8lEwR_oFNVyyCPbH_Uk-mSECP7RpHXVU_cDKdC3wilmRGPhwZVv6zMW3LGpV0fDs4hiB=s4800-w640,4.9,2383,https://maps.google.com/?cid=12448308284544656801&g_mp=Cidnb29nbGUubWFwcy5wbGFjZXMudjEuUGxhY2VzLlNlYXJjaFRleHQQAhgEIAA,No,,2026-09-28
Cambridge,Bracken Heating and Cooling,"32 Grant St, Cambridge, ON N1S 1C1, Canada",(519) 410-4273,brackenheating@gmail.com,http://brackenheating.com/,https://lh3.googleusercontent.com/grass-cs/ACvplmPfdZ6MOFOkJ7JcJmBSHS_-UuuY5vj5n2ucuiSkaWlSLjIrxgTxouunohSDKmWqjYHP6Y3PVXRCiw0jpK83pjBfiswMxbCZ9tFntBSBDoXkko-IDiLh_1XcPFvAygJ0t_bicHLH=s4800-w640,5,88,https://maps.google.com/?cid=3858594209059411307&g_mp=Cidnb29nbGUubWFwcy5wbGFjZXMudjEuUGxhY2VzLlNlYXJjaFRleHQQAhgEIAA,No,,2026-09-28
Cambridge,Service 1st Heating and Cooling,"25 Struck Ct #5, Cambridge, ON N1R 8L2, Canada",(519) 624-7651,,http://www.service1st.ca/,https://lh3.googleusercontent.com/grass-cs/ACvplmOK4M1gCOVKZJWPU_GR3lrUMEBpqQ4OzYbpUPojW2iF4FfcxaSjxXiDbDrwqLdSEwd8anmksYfADNlxgtaRCSdMQOGU5Pd75Kzqa1BNcI5B4vjDhl28D4oMP21Y8j6i6Lw1iNZPFehjQHmG=s4800-w640,4.9,426,https://maps.google.com/?cid=6534838904055150457&g_mp=Cidnb29nbGUubWFwcy5wbGFjZXMudjEuUGxhY2VzLlNlYXJjaFRleHQQAhgEIAA,No,,2026-09-28
Cambridge,Synergy Home Solutions,"345 Scott Rd, Cambridge, ON N3C 4A6, Canada",(437) 696-3738,info@synergyhomesolutions.ca,https://synergyhomesolutions.ca/,https://lh3.googleusercontent.com/grass-cs/ACvplmP-IMARnCdfqyC0iVr91xDE7uchLniUOv28wSytbTTR4WChNX1fVogwRsBxNanR4vLPYZ5UcgepZ48PIS5YbzdZShD5Lm39lllFBbAYHnZX9_gRYFsl2TjbDV2VbXOwGsZH9HQq7wvsxoyv=s4800-w640,5,72,https://maps.google.com/?cid=18174867203856288888&g_mp=Cidnb29nbGUubWFwcy5wbGFjZXMudjEuUGxhY2VzLlNlYXJjaFRleHQQAhgEIAA,No,,2026-09-28
Cambridge,Comfort Plus Heating and Cooling,"978 Bishop St N, Cambridge, ON N3H 4V6, Canada",(519) 658-6441,info@comfortplusheatandcool.com,https://www.comfortplusheatandcool.com/,https://lh3.googleusercontent.com/grass-cs/ACvplmOJ1TvcDKraBFveiaRQnyh_7VlBfbxPtkme53J4yY2yukicjtxd-CFBOrAL1pERVLClw5aaA_6oCWKknLpaUay-QvoXXLVUG_EzWaRP0MH4-O_S0uWadZnCd1JEq0AOrUaQdIg=s4800-w640,4.9,247,https://maps.google.com/?cid=10842822524841570516&g_mp=Cidnb29nbGUubWFwcy5wbGFjZXMudjEuUGxhY2VzLlNlYXJjaFRleHQQAhgEIAA,No,,2026-09-28
Cambridge,TRH Solutions,"1170 Franklin Blvd, Cambridge, ON N1R 7J2, Canada",(519) 265-9815,demo@divi.express,https://www.trhsolutions.ca/,https://lh3.googleusercontent.com/grass-cs/ACvplmOR_E-eC27T5ivbcnE7bOChpXoN_8mKkA-XM2AWgbc2ilokPbRCiTdmLYLzGKxiUMOdcfM1EMzXNZVAcTgOu-IU4p6Xz6bDDItvgAlA5Mf9dMbbHzwzDqpbW2ppk1uahA1tXwAOWAyea_mX=s4800-w640,4.9,181,https://maps.google.com/?cid=16884674880011648400&g_mp=Cidnb29nbGUubWFwcy5wbGFjZXMudjEuUGxhY2VzLlNlYXJjaFRleHQQAhgEIAA,No,,2026-09-28
Cambridge,Platinum Home Comfort,"12 Winter Ct, Cambridge, ON N1R 6C6, Canada",(519) 212-8572,info@platinumhomecomfort.ca,https://www.platinumhomecomfort.ca/,https://lh3.googleusercontent.com/grass-cs/ACvplmO3KoEUt-Tdg3FL3MmIrinpClhU_ebL1Hd-3kU9ZvqIZuXO-8oNc40IJBK9QqTeSzbmHTj0PW-a1Qg7UB3kZh2dNvUhXgts4xLP4kySBKosGnBZmwYGzwvBvJkvgwOwNWlUyA78hlVBwBc=s4800-w640,5,55,https://maps.google.com/?cid=2618517398409144651&g_mp=Cidnb29nbGUubWFwcy5wbGFjZXMudjEuUGxhY2VzLlNlYXJjaFRleHQQAhgEIAA,No,,2026-09-28
Cambridge,City Heating and Cooling,"615 Main St, Cambridge, ON N1R 5S7, Canada",(519) 622-2424,info@cityheatingandcooling.ca,http://www.cityheatingandcooling.ca/,https://lh3.googleusercontent.com/grass-cs/ACvplmPSpKhY_px8B3kztFVjmm1e_fKOUFJT3v97-MOQCGptpO8inN2vzmlGENYRAuAML6KhnSMA0UDYU-mg1w6vdL6SoZIaqV-hkqbmhtAg5nEovkpIS1bCcaqPP75E6Exh0L_tD_rJsnxImJwb=s4800-w640,4.8,292,https://maps.google.com/?cid=9021502209122871862&g_mp=Cidnb29nbGUubWFwcy5wbGFjZXMudjEuUGxhY2VzLlNlYXJjaFRleHQQAhgEIAA,No,,2026-09-28
Cambridge,ThermalCare Heating & Cooling,"26 Anderson Dr, Cambridge, ON N1R 6E5, Canada",(226) 609-0151,,https://thermalcare.ca/,https://lh3.googleusercontent.com/grass-cs/ACvplmOmsBaEBjhXF2FdwdTR4f-ZuvxclrrcSV7CKc09cV1QyDQFjw7luGQSvSgGuVpapbTGjw3oKe_CeRmRQUvxVwNKGv58ei2JXYxNECsPjpNYhmuDyCtp8ZcwTW3kdgQFR15aFg-hDbCeicA=s4800-w640,4.9,49,https://maps.google.com/?cid=3076583829257280198&g_mp=Cidnb29nbGUubWFwcy5wbGFjZXMudjEuUGxhY2VzLlNlYXJjaFRleHQQAhgEIAA,No,,2026-09-28
Greater Sudbury,Climate Control,"2353 Jarvi Rd, Greater Sudbury, ON P3G 1H1, Canada",(705) 207-1320,,http://www.climatecontrolsudbury.ca/,https://lh3.googleusercontent.com/grass-cs/ACvplmNU0XCJDLvCsQS1VpRfgsegwqveYaB0e9apUmguUPqPjAGL0IGQwj2IaVHG6CjME-jf9XH9bdLt4ziNDOnBfeokPvfQc5Ig8gRgmA_Ys2PpjSC30-SWma7R0QDOjIFz-lJyv-2m=s4800-w640,4.9,175,https://maps.google.com/?cid=2893098780633169007&g_mp=Cidnb29nbGUubWFwcy5wbGFjZXMudjEuUGxhY2VzLlNlYXJjaFRleHQQAhgEIAA,Yes,,2026-09-28
Greater Sudbury,"Reliance Heating, Air Conditioning & Plumbing","955 Cambrian Heights Dr, Greater Sudbury, ON P3C 5M6, Canada",(866) 756-7184,,https://reliancehomecomfort.com/sudbury/?utm_source=google&utm_medium=organic&utm_campaign=gmb-sudbury,https://lh3.googleusercontent.com/grass-cs/ACvplmMnEGmu1nIqh8zhtgkcebI_TjTeVkDEpofmO9stMlvOMjVFa8ajuKt923zpxyb3u_YITwhPTF7ZQ1Hv4IBynNl6tlIgGVH0EYY2m7WPsMkDvY-1qXezGjQ52EztawpGEz9ocJxMqqWbI6kS=s4800-w640,4.8,5424,https://maps.google.com/?cid=6362436458099816270&g_mp=Cidnb29nbGUubWFwcy5wbGFjZXMudjEuUGxhY2VzLlNlYXJjaFRleHQQAhgEIAA,No,,2026-09-28
Greater Sudbury,Borts HVAC,"985 Lorne St, Greater Sudbury, ON P3C 3H9, Canada",(705) 521-4822,info@bortshvac.ca,https://bortshvac.ca/?utm_source=gmb&utm_medium=sudbury,https://lh3.googleusercontent.com/grass-cs/ACvplmM9LNjvcMH38BAG_3OBcKzTm_ffBQRuRafgFyM0_BYmWRDUi81kEhh-80GbW2gRVKR7ZYD-1I68cT1krhMi3ddtBHn5sI1ji0_5-zqSS9LBh6xgytSdxcyDZI9P6cnTzoISMzgHDfakqZg=s4800-w640,4.8,291,https://maps.google.com/?cid=5369228817668632501&g_mp=Cidnb29nbGUubWFwcy5wbGFjZXMudjEuUGxhY2VzLlNlYXJjaFRleHQQAhgEIAA,No,,2026-09-28
Greater Sudbury,Northern Climate,"1021 Kingsway Unit 1, Greater Sudbury, ON P3B 2E6, Canada",(705) 586-4300,service@northernclimatesudbury.com,https://northernclimatesudbury.com/,https://lh3.googleusercontent.com/grass-cs/ACvplmOBGxfdPqrneYui9yMB3v5C6XRJbNTbe9Loc9s8hpgTWheoqK6Rrb9dx4iQWR2iSCly66iu09XSeKkiG4Oy_mvaRa5cVDUAS8tEHhi_R3iBOTVjmSv26DJ-eH5iPFpfAOmLEVa8GhUa_U8=s4800-w640,4.8,291,https://maps.google.com/?cid=16071202910666260634&g_mp=Cidnb29nbGUubWFwcy5wbGFjZXMudjEuUGxhY2VzLlNlYXJjaFRleHQQAhgEIAA,No,,2026-09-28
Greater Sudbury,Greater Sudbury Plumbing and Heating,"Box 2511 Stn A, Greater Sudbury, ON P3A 4S9, Canada",(705) 806-7473,,http://www.greatersudburyplumbing.com/,https://lh3.googleusercontent.com/grass-cs/ACvplmM9wVO041fLEP4UOGSZQhxCkk14_EKXkPtt1qkuuGratIqCC8yyB5wEFdYUJHmvflJZROgViVe_BjF4_ykC8Y7xg7gwb6nqMnpjCUJlY2ImXX-g1igB1Undja4xaDeKdvFAE5oKEw=s4800-w640,4.8,233,https://maps.google.com/?cid=10409053041761309754&g_mp=Cidnb29nbGUubWFwcy5wbGFjZXMudjEuUGxhY2VzLlNlYXJjaFRleHQQAhgEIAA,No,,2026-09-28
Greater Sudbury,Kore HVAC Services,"2121 Lasalle Blvd Unit 2, Greater Sudbury, ON P3A 2A3, Canada",(705) 524-7723,sales@korehvac.ca,http://www.korehvac.ca/,https://lh3.googleusercontent.com/grass-cs/ACvplmOp4hv3sbyTw3VhI8ATGy8aZONuBsPOugi3KwgHhkVU-0dx2OLGCX9LWMUfTA33Xvu9eIdIcLbzMkLr2kDdFdmyJ4whNQQUwIeOvMY0e35S1tWAhCjsvEuWynx_iW37V4rjJ1DY=s4800-w419,5,28,https://maps.google.com/?cid=18392241490388736845&g_mp=Cidnb29nbGUubWFwcy5wbGFjZXMudjEuUGxhY2VzLlNlYXJjaFRleHQQAhgEIAA,No,,2026-09-28
Greater Sudbury,One Source Home Services,"250 Fielding Rd Unit #4, Greater Sudbury, ON P3A 2A3, Canada",(705) 690-3239,csr@onesourcehome.ca,https://onesourcehome.ca/,https://lh3.googleusercontent.com/grass-cs/ACvplmNl7MSLZyVXDiKs9Vorgx6ZLexf6mrKSnhDv_xls7g7Zw4dP-LtDQL4jZ_m9ivMtuBiopcJrjpuw7nJEqrGWpaIbIEWjjCU0uYsvT6Dv4rpgy2SEgCymEJI7cLvpSLoNaQv-Sq4Kg=s4800-w640,4.8,122,https://maps.google.com/?cid=17816682862977270496&g_mp=Cidnb29nbGUubWFwcy5wbGFjZXMudjEuUGxhY2VzLlNlYXJjaFRleHQQAhgEIAA,No,,2026-09-28
Greater Sudbury,Campeau Heating,"2288 Lasalle Blvd, Greater Sudbury, ON P3A 2B1, Canada",(705) 230-6410,,http://www.campeauheating.com/,https://lh3.googleusercontent.com/grass-cs/ACvplmMAZMEruZ9ZJEZA2eZRboCaunGtUBdqD6vJEZPfslGhSMgL6e_siNbHmGH8oKdxb4nI-LfFMDgnEGlFNyZZkUM4QtFQqA4y7cChWejg24God-9qPQSOCS27oHdkOssQpu7uTWK45A=s4800-w640,4.7,1622,https://maps.google.com/?cid=16314832861203792002&g_mp=Cidnb29nbGUubWFwcy5wbGFjZXMudjEuUGxhY2VzLlNlYXJjaFRleHQQAhgEIAA,No,,2026-09-28
Greater Sudbury,Eco Air Hvac,"1890 Hubert St, Greater Sudbury, ON P3N 1M1, Canada",(249) 878-7006,,http://ecoairhvac.ca/,https://lh3.googleusercontent.com/grass-cs/ACvplmMvSvqLNRDUkn95rABDwfoLjtnNkUv7kpCo7nnchbRdudRtAJ5SWWZZivHCJyylDLmZRVr2MKKpnCLP49eWYTX1-8SpN00nnVQhJGN85B25bA_pE7sS5ifm2i9IlVMosz5myv3V4cCQl5A=s4800-w640,4.8,31,https://maps.google.com/?cid=2098669378556107219&g_mp=Cidnb29nbGUubWFwcy5wbGFjZXMudjEuUGxhY2VzLlNlYXJjaFRleHQQAhgEIAA,No,,2026-09-28
Greater Sudbury,JEM Air Conditioning Ltd.,"375 Bond St, Greater Sudbury, ON P3B 2K1, Canada",(705) 524-1300,m.lebreton@jemair.ca,http://jemair.ca/,,4.8,10,https://maps.google.com/?cid=15302266912682676093&g_mp=Cidnb29nbGUubWFwcy5wbGFjZXMudjEuUGxhY2VzLlNlYXJjaFRleHQQAhgEIAA,No,,2026-09-28
Greater Sudbury,"Mr. Pipes Plumbing, Heating & Air Conditioning","556 Spruce St, Greater Sudbury, ON P3C 1P7, Canada",(705) 822-2022,jason@mrpipes.ca,https://mrpipes.ca/,https://lh3.googleusercontent.com/grass-cs/ACvplmNsMHjIFqOi0-SgRXWJAbkxmPNAcznuXrzuBQTrG515VdLOdyQj3OXBC9ypUvyMek8t3y6rox_fz3qhZ5YIJPB1IaoVIEVOQlDJu_xZ8-OebHLA0yAEVV7Ih4xw3cMfkhqsdETm=s4800-w640,4.5,59,https://maps.google.com/?cid=484403592658056&g_mp=Cidnb29nbGUubWFwcy5wbGFjZXMudjEuUGxhY2VzLlNlYXJjaFRleHQQAhgEIAA,No,,2026-09-28
Greater Sudbury,Castle Plumbing and Heating Ltd.,"581 Edna St, Greater Sudbury, ON P3C 3P1, Canada",(705) 671-8014,info@castlesudbury.com,http://www.castlesudbury.com/,https://lh3.googleusercontent.com/grass-cs/ACvplmMTAigfc5zZrQdHA6wsGSS9yVSIuwlOs8m2TVBxukbzZhsIsEUd6bniHcEggF52UrtE53gekRlGAfgP_KPX0Bn0_qhbGP_hHUYfkhG2dk4-eraRImeZDF1A5VtDYvqvEaLIccet=s4800-w640,4.5,141,https://maps.google.com/?cid=9554682120758446786&g_mp=Cidnb29nbGUubWFwcy5wbGFjZXMudjEuUGxhY2VzLlNlYXJjaFRleHQQAhgEIAA,No,,2026-09-28
Guelph,Aire One Heating & Cooling Guelph,"485 Silvercreek Pkwy N #15, Guelph, ON N1H 7R5, Canada",(519) 763-8255,info@aireonekw.ca,https://aireonekw.ca/,https://lh3.googleusercontent.com/grass-cs/ACvplmMxh8ixtTVDW6b390Wr7Pi__PE1omTdUx8vyd8WlueQZ5SFA9iBOPAdVIbR5nAnT9ATPx3CyHfLJuV90egy5MscXhT6gJvRmEQ-ZbczIFShHamtWZpoRwo5Xlk4x16B9p_ywj5a=s4800-w640,4.9,1329,https://maps.google.com/?cid=14025254548745352459&g_mp=Cidnb29nbGUubWFwcy5wbGFjZXMudjEuUGxhY2VzLlNlYXJjaFRleHQQAhgEIAA,Yes,,2026-09-28
Guelph,"Superior HVAC Service, Heating & Air Conditioning","361 Southgate Dr, Guelph, ON N1G 3M5, Canada",(226) 829-5303,info@superiorhvacservice.ca,https://superiorhvacservice.ca/guelph/?utm_source=gmb&utm_medium=organic&utm_campaign=gmb,https://lh3.googleusercontent.com/grass-cs/ACvplmPSktIcNdgqD6Rg_eCnZX1RTvUpegeMD_QosHPSPbzLpxdSAxY8HhtmBi9E3IrBgm4pc6ocWYNE52vtpqUkgu3yutIi4bj_2FlYHHadZK3ngBk97yIYg4DiK0JCjIknG9QmKV8LRA=s4800-w640,5,89,https://maps.google.com/?cid=10540508245043026197&g_mp=Cidnb29nbGUubWFwcy5wbGFjZXMudjEuUGxhY2VzLlNlYXJjaFRleHQQAhgEIAA,No,,2026-09-28
Guelph,Cornerstone Trade Solutions Inc.,"400 Elizabeth St a b, Guelph, ON N1E 2Y1, Canada",(519) 993-0494,,https://cornerstonetrades.ca/?utm_source=google&utm_medium=organic&utm_campaign=gbp&utm_content=website,https://lh3.googleusercontent.com/grass-cs/ACvplmPFnTlsqp9ztRCu5xePe35fVQFdnrSG7Z_nDSmJlanu3FNT6XICTpVG8IT0r0NscEdlgbysYlhCf6rAg6z7rOCWLwOwQ2KV0INoIWe_kAiZUk6dkfmwe4vx41I5dQR5pJTNllRqgQ=s4800-w640,4.9,661,https://maps.google.com/?cid=299671127109104298&g_mp=Cidnb29nbGUubWFwcy5wbGFjZXMudjEuUGxhY2VzLlNlYXJjaFRleHQQAhgEIAA,No,,2026-09-28
Guelph,Aido Climate Solutions Inc.,"50 Victoria Rd S, Guelph, ON N1E 5P6, Canada",(226) 212-4707,,http://www.aido.ca/,https://lh3.googleusercontent.com/grass-cs/ACvplmMpLh842r8wSPAtQtfZFRAY4R02VgELtwLe3mjL929-X7sqVMz63ohIEGVE9vCpGpwsclumWol1qvFbrdT3xw90br3OlcxJGqwKbvqtC3XeGMpNzq-R-8ODET_2S02rEmx7Y9eV1Q=s4800-w640,4.9,602,https://maps.google.com/?cid=7486996447064960864&g_mp=Cidnb29nbGUubWFwcy5wbGFjZXMudjEuUGxhY2VzLlNlYXJjaFRleHQQAhgEIAA,No,,2026-09-28
Guelph,Synergy Heating And Cooling Inc,"41 Lewis Rd, Guelph, ON N1H 1E9, Canada",(519) 362-0086,synergyheatingandcooling@gmail.com,http://synergyheatingandcooling.com/,https://lh3.googleusercontent.com/grass-cs/ACvplmOD14GZARX7UfZW-HaYjX5nJJHzUwO48KFo_LxIva1ieyKF9XElp28InsZxC8Hi_XyG0I-Z5NOeNZM6y_j5SeqYBT8H8XGya4gj_rjW3lHMKOx7IJGoYG4Kom5InbG27Uy38MQa=s4800-w640,5,77,https://maps.google.com/?cid=13156634058510498675&g_mp=Cidnb29nbGUubWFwcy5wbGFjZXMudjEuUGxhY2VzLlNlYXJjaFRleHQQAhgEIAA,No,,2026-09-28
Guelph,UC Experts / Ultra Comfort Guelph,"7075 Woodlawn W, ON-7, Guelph, ON N1H 6J4, Canada",(519) 823-8043,,http://www.ultracomfortguelph.ca/,https://lh3.googleusercontent.com/grass-cs/ACvplmNvIwdn9TuWX8IZwNs8VGB-b9s9TfrOod8HuRchCCIyPeERXJbXQQRN7luDX22Mk6bKn8L5O75s7sHu_6hwDrVCxZ3E4oFb6qeWtBtrsNywgX-HW4KNuuw9vLv3yOGXZiQ5imYZ=s4800-w640,4.9,137,https://maps.google.com/?cid=3821388477539934077&g_mp=Cidnb29nbGUubWFwcy5wbGFjZXMudjEuUGxhY2VzLlNlYXJjaFRleHQQAhgEIAA,No,,2026-09-28
Guelph,Assurance Heating and Cooling,"82 Youngman Dr, Guelph, ON N1G 4K6, Canada",(519) 830-4328,,http://www.assurancehvac.ca/,https://lh3.googleusercontent.com/grass-cs/ACvplmMhaVYtcHxYVqM6UDBcamLsE-t_DCUd_a8-g9xjc0Ouecqwqs66G0n45B-524JqLeggZkYnRo7IU2I01TsYpcExWoMEr9_2-MC1cVwoa_Bk179Hf8jdghoIZ-o85IkFpyFHeI9lYg=s4800-w640,4.9,90,https://maps.google.com/?cid=9005952993114700347&g_mp=Cidnb29nbGUubWFwcy5wbGFjZXMudjEuUGxhY2VzLlNlYXJjaFRleHQQAhgEIAA,No,,2026-09-28
Guelph,Oosterveld Heating & Air Conditioning,"1007 York Rd, Guelph, ON N1E 6Y9, Canada",(226) 828-9706,,https://www.oosterveldheating.com/?utm_source=google&utm_medium=gmb&utm_campaign=Oosterveld-gmb&se_campaign=Oosterveld%20-%20GMB,https://lh3.googleusercontent.com/grass-cs/ACvplmOoSKwpjEnevvI7DdQyStqs3P8bG-G1N4J5JZjj7IeWatVxdBN3j5PaXyfhqRgTOu-w30GpETqJETKt5Ty3tc2kjVohnJ4259vE6hpKSZmf_LPTIk4_ANvNVv0os7Ej2jEMR_U5NQ=s4800-w640,4.8,1703,https://maps.google.com/?cid=9856281945622550166&g_mp=Cidnb29nbGUubWFwcy5wbGFjZXMudjEuUGxhY2VzLlNlYXJjaFRleHQQAhgEIAA,No,,2026-09-28
Guelph,B.A.P Heating & Cooling Services Ltd,"25 Clearview St Unit 6, Guelph, ON N1E 6C4, Canada",(519) 835-4858,info@bapheating.ca,http://www.bapheating.ca/?utm_source=google&utm_medium=organic&utm_campaign=gbp-listing,https://lh3.googleusercontent.com/grass-cs/ACvplmPb0YX0rGX5dIq9MBPGzjWtueP0K4kuQjkCpyaYSZl0miCuREDiqMaP2naFmfolzleqt7e6iIGa3W6Ltq6zGnhdHPDzw9EZ-slCaLcJY9aqvosMKH94JruTbmFJggGPqmJtE-L4YSbv4OQ=s4800-w640,4.8,472,https://maps.google.com/?cid=364312559703215273&g_mp=Cidnb29nbGUubWFwcy5wbGFjZXMudjEuUGxhY2VzLlNlYXJjaFRleHQQAhgEIAA,No,,2026-09-28
Guelph,Essential Air Heating and Cooling Inc,"58 Hands Dr, Guelph, ON N1G 3H3, Canada",(647) 887-2008,essair.sandal@gmail.com,http://essentialair.net/,https://lh3.googleusercontent.com/grass-cs/ACvplmNNqnjp7iyNL_56WXJM8Cj8oZEDULrU1EjfMaUXJUvBm_tD-rciQlGkpFBtXaLf4iot236NhPr6iWH9obiooo30YXfrThXb0flC1Qva0OIxpH3efTgayDvX--LXzOuAoa4bYHqbRg4_0KeN=s4800-w640,4.9,53,https://maps.google.com/?cid=193593839242470948&g_mp=Cidnb29nbGUubWFwcy5wbGFjZXMudjEuUGxhY2VzLlNlYXJjaFRleHQQAhgEIAA,No,,2026-09-28
Guelph,Air Wave Heating and Cooling,"7803 Wellington 22, Guelph, ON N1H 6J2, Canada",(519) 821-9283,info@airwave.ca,https://airwave.ca/,https://lh3.googleusercontent.com/grass-cs/ACvplmMimUew-E5RHv7kNOGOshPiX14O0YQ0-WtaUqtpyn0U7xFomivnJWpb2EGVDGzmHQsQ1kXviRdYu4rVpNGAHrhLLn4DSY2a75FR134cBeNEmV8XNynpB0fcBFVXJWZxpJ6gkvqpnA=s4800-w640,4.8,81,https://maps.google.com/?cid=13024333828776947350&g_mp=Cidnb29nbGUubWFwcy5wbGFjZXMudjEuUGxhY2VzLlNlYXJjaFRleHQQAhgEIAA,No,,2026-09-28
Guelph,Superior Plumbing & Heating of Guelph,"55 Cork St E Unit 106, Guelph, ON N1H 2W8, Canada",(226) 796-0741,info@superiorplumbing.ca,https://superiorplumbing.ca/guelph/?utm_source=gmb&utm_medium=organic&utm_campaign=gmb,https://lh3.googleusercontent.com/grass-cs/ACvplmOqAF6uDyw1MqBJxeyt89Tay8JuQ-BhYJk-gDOXKkdObDItR7YIQ8qdhudXRLCYOPZpHdgmRXx8PX7r6FBZ-rJ-XkBxMKX9MJIGB68PPG-7THLlI52-VO6gTn02aPgb6YhIpumm_zA7hBp_=s4800-w640,4.8,58,https://maps.google.com/?cid=10043039135281949071&g_mp=Cidnb29nbGUubWFwcy5wbGFjZXMudjEuUGxhY2VzLlNlYXJjaFRleHQQAhgEIAA,No,,2026-09-28
Kingston,Tozer Heating & Air,"700 Progress Ave Unit 6, Kingston, ON K7M 4W9, Canada",(613) 384-7367,,https://tozerheating.com/,https://lh3.googleusercontent.com/grass-cs/ACvplmMHUk2OlI-EoGpkbSlyePUMvw7QxB6sxCEdGgdjV0poTDdEd6KyBInCu-5w9GfboBWUxsiYKiebE0Ga1glhPsYwXEOIEsDluZ1qlK67D0kdLdFZscBZ-wnQMbu4PNbV1wUZPoSNBeAW0hSt=s4800-w640,5,503,https://maps.google.com/?cid=15554181197911614624&g_mp=Cidnb29nbGUubWFwcy5wbGFjZXMudjEuUGxhY2VzLlNlYXJjaFRleHQQAhgEIAA,Yes,,2026-09-28
Kingston,Kyro Mechanical,"1158 Clyde Ct, Kingston, ON K7P 2E4, Canada",(613) 449-8126,,http://www.kyromechanical.ca/,https://lh3.googleusercontent.com/grass-cs/ACvplmNm9-NDqhlojpdvPS5Vr5Z2Dn9TUUWjztjVJ1PqZn5ebTEUElfMfzwuJtgyJstBjKdDVxbATPwXc8A0Wt9CxTqyl-YR_I5shYLxIkA5LVJJMMEmCe2hvWtyt25ndwIULVObv3_1ecypSCA=s4800-w640,5,382,https://maps.google.com/?cid=3330091151268291444&g_mp=Cidnb29nbGUubWFwcy5wbGFjZXMudjEuUGxhY2VzLlNlYXJjaFRleHQQAhgEIAA,No,,2026-09-28
Kingston,YGK Heating & Cooling Inc.,"712 Stonehenge St, Kingston, ON K7P 0B2, Canada",(613) 449-3825,zang@ygkhvac.com,http://www.ygkhvac.com/,https://lh3.googleusercontent.com/grass-cs/ACvplmPUQ4hsJgCuKZlEhudTGpuvDNcO5C_VvnCWL0TyQLk2MVaWi8c7np9egcG_Y7zmd6igk4muqGGBAcjHFgLA1rKrZp9lgSVLKDsmH3qkWcd9Bs9Mn-Jt9806pgdk1RFhzsB0NNN0=s4800-w640,5,175,https://maps.google.com/?cid=16264769163094006874&g_mp=Cidnb29nbGUubWFwcy5wbGFjZXMudjEuUGxhY2VzLlNlYXJjaFRleHQQAhgEIAA,No,,2026-09-28
Kingston,Haagsma Heating & Air Conditioning,"829 Norwest Rd, Kingston, ON K7P 2N3, Canada",(613) 634-3700,info@haagsmaheatandair.com,http://www.haagsmaheatandair.com/,https://lh3.googleusercontent.com/grass-cs/ACvplmPhDWWucC4SPP8sCdU_vFklhdXoZ0cjGYbra8F9MnQFroI1HU_cP2XOTijctVD58hepBmYkl-p_NU-rfadExPhl9tu8T-jcCgu8TPvpmB-BsycjPOkwmVEUDrDoFFBqR8k9LwbKMQ=s4800-w640,5,123,https://maps.google.com/?cid=1381724727480103818&g_mp=Cidnb29nbGUubWFwcy5wbGFjZXMudjEuUGxhY2VzLlNlYXJjaFRleHQQAhgEIAA,No,,2026-09-28
Kingston,Fireplaces Unlimited Heating & Cooling,"690 Dalton Ave, Kingston, ON K7M 8N8, Canada",(613) 549-8300,info@hallofflame.ca,http://www.hallofflame.ca/,https://lh3.googleusercontent.com/grass-cs/ACvplmO9On6-3REZKMtksmEuQR6pAFJFUm4AFkZLi9XhdjQXFSek407nSce2xsbiJGkqTuQhDNg6pKN0qUm1dPCuv4jEWlc4GUegZiJhhPNnl9_SfskuGgxr8sXdX9BdWbtE1vNTHX1wg83HswRN=s4800-w640,4.9,1070,https://maps.google.com/?cid=14544080831691519224&g_mp=Cidnb29nbGUubWFwcy5wbGFjZXMudjEuUGxhY2VzLlNlYXJjaFRleHQQAhgEIAA,No,,2026-09-28
Kingston,Dows ClimateCare,"2495 Princess St, Kingston, ON K7M 8J4, Canada",(613) 900-7254,robl@dowsclimatecare.com,http://www.dowsclimatecare.com/,https://lh3.googleusercontent.com/grass-cs/ACvplmM4ZeO0DsthNiMJgptncBCMReUtD1Io2zI7sQ3dL1imEzRNxB7Z4EUo5kQsdLsw2HNfBjKyaxKQ8bGBpNABECZu0YJVZyG8A7vuZOjc0mtgSZKDX_EEl4WMDGUpOoFSu1XtIAJCAA=s4800-w640,4.9,306,https://maps.google.com/?cid=3566038651557003836&g_mp=Cidnb29nbGUubWFwcy5wbGFjZXMudjEuUGxhY2VzLlNlYXJjaFRleHQQAhgEIAA,No,,2026-09-28
Kingston,Superior Plumbing & Heating of Kingston,"461 Princess St Unit 102, Kingston, ON K7L 1C3, Canada",(613) 706-5033,info@superiorplumbing.ca,https://superiorplumbing.ca/kingston/?utm_source=gmb&utm_medium=organic&utm_campaign=gmb,https://lh3.googleusercontent.com/grass-cs/ACvplmPXoFikJAwr4vdQ7Am1c4sPlsRP0xNLIoIYcGSRPDV8kohB3Ma-DORbwWplWov1gBj92qUNgBCysqDlgWWX0PZJJVQLOz1kw61Y5BuFsWLfl2Ek-KbqUVrcfCQe43QDhSKACeb9O7uCfHyJ=s4800-w640,4.9,146,https://maps.google.com/?cid=5171023390882094497&g_mp=Cidnb29nbGUubWFwcy5wbGFjZXMudjEuUGxhY2VzLlNlYXJjaFRleHQQAhgEIAA,No,,2026-09-28
Kingston,Haven Home Heating and Air Conditioning,"812 Development Dr, Kingston, ON K7M 5V7, Canada",(613) 706-5092,,https://www.havenhomeheating.ca/?utm_source=google&utm_medium=gmb&utm_campaign=HavenHome-gmb&se_campaign=HavenHome%20-%20GMB,https://lh3.googleusercontent.com/grass-cs/ACvplmMAcKwThL5fnHzW7kVLmKZIgbtYZb0tuFBsn2tsQUDVOmTUc-GhPT9NG5l3Qp846RugTgOVRNWBfG-sKzUQJBzOo_l7ChRdXl7Tj_bTEnzOe4QoTe1fn65TDwkuck2zivvV4NMj=s4800-w640,4.8,3626,https://maps.google.com/?cid=5882132291273584031&g_mp=Cidnb29nbGUubWFwcy5wbGFjZXMudjEuUGxhY2VzLlNlYXJjaFRleHQQAhgEIAA,No,,2026-09-28
Kingston,Home Aire Care Heating and Cooling,"664 Norris Ct, Kingston, ON K7P 2R9, Canada",(613) 777-6407,,https://www.homeairecare.ca/?utm_source=google&utm_medium=gmb&utm_campaign=HAC-kingston-gmb&se_campaign=HAC%20Kingston%20-%20GMB,https://lh3.googleusercontent.com/grass-cs/ACvplmMzAEhtSyzcGWvWidaPJPKnG0iTfdvGGXJy7LxpykFBPs1A6RvF5RHhGy7KBuSdOK0g2760dZCvKvVBHeOUozXVHoTOpzVk1o2HsE7axy7VXSO9bHY314bYHuvknk-jerQHh7Zxyw=s4800-w640,4.8,444,https://maps.google.com/?cid=13908666082179860670&g_mp=Cidnb29nbGUubWFwcy5wbGFjZXMudjEuUGxhY2VzLlNlYXJjaFRleHQQAhgEIAA,No,,2026-09-28
Kingston,Reins Heating HVAC & Air Conditioning Ltd Kingston,"1407 John Counter Blvd Unit 210, Kingston, ON K7K 6A9, Canada",(613) 542-8256,info@reinsheating.com,https://reinsheating.com/,https://lh3.googleusercontent.com/grass-cs/ACvplmMZA5nHPwwvERt4g57MgeNYQlyuAquZ0Kmd7l7-ad7oru4WtdK7nuFqFadF2_2RGaVLNNIUKSdkYLdTTp7KTEg6gEw0KiGJEG2wrYEZKAyZ6kdZQnZ3UP3NxkYd9e0X1P8-3gik=s4800-w640,4.8,167,https://maps.google.com/?cid=2385508243031083969&g_mp=Cidnb29nbGUubWFwcy5wbGFjZXMudjEuUGxhY2VzLlNlYXJjaFRleHQQAhgEIAA,No,,2026-09-28
Kingston,"Reliance Heating, Air Conditioning & Plumbing","1150 Gardiners Rd, Kingston, ON K7P 1R7, Canada",(866) 780-3701,,https://reliancehomecomfort.com/kingston/?utm_source=google&utm_medium=organic&utm_campaign=gmb-kingston,https://lh3.googleusercontent.com/grass-cs/ACvplmMv2Drji7uu2sTaFKr2eDxL2rG-EhJC8FBvI7NeR2ZlM6fOiizSjL-EW7dooV6XU5xxTMtVot-LNYlklmyNkevAjZPa3jIgRhJu0tPyUY64qBZ53k7AIW5JMXIEak92GePJv4eJvL4WFTfT=s4800-w640,4.7,4496,https://maps.google.com/?cid=12164486058492003012&g_mp=Cidnb29nbGUubWFwcy5wbGFjZXMudjEuUGxhY2VzLlNlYXJjaFRleHQQAhgEIAA,No,,2026-09-28
Kingston,City Home Comfort,"1234 Kingston Rd #107, Old Toronto, ON M1N 1P3, Canada",(416) 556-8368,info@cityhomecomfort.com,https://cityhomecomfort.ca/,https://lh3.googleusercontent.com/grass-cs/ACvplmMGNhRpVDBu72SV9kI7rh5PzOUn8BXyJRp7OoMr6OO-I1lKbVlgFzm1xnOv8WjpVCxLK3NwXgGXuBFO9-q3DbEbxWIC6YbhZgxSE2uBVtB6ONc05EuoL8NePJG2ttEJUu9BC5fJEiIz6FWv=s4800-w640,4.7,743,https://maps.google.com/?cid=3511196078406504926&g_mp=Cidnb29nbGUubWFwcy5wbGFjZXMudjEuUGxhY2VzLlNlYXJjaFRleHQQAhgEIAA,No,,2026-09-28
Niagara Falls,Tropical Heating & Cooling - Niagara Falls,"2058 Connecticut Ave, Niagara Falls, NY 14305, USA",(716) 870-0753,,https://tropicalheating.net/?utm_source=google&utm_medium=organic&utm_campaign=GBP,https://lh3.googleusercontent.com/grass-cs/ACvplmO6nv6DFWo9fimKq0-h-uuysQ8MCT0mrVDRVOh21suY2fM_v7E54877rEAgVbT_egMM_tNRb5BIcjDsXcbNhvkeqKreBFT1mrRHGe9aVYnfCao_MgpZoJBjvOefOoal0yZbInNYzepMwX4=s4800-w640,4.9,487,https://maps.google.com/?cid=12708146526386364394&g_mp=Cidnb29nbGUubWFwcy5wbGFjZXMudjEuUGxhY2VzLlNlYXJjaFRleHQQAhgEIAA,Yes,,2026-09-28
Niagara Falls,Superior Heating Cooling of Niagara Inc.,"6595 Ward Rd, Niagara Falls, NY 14304, USA",(716) 481-3181,,https://www.superiorheatingcooling.net/,https://lh3.googleusercontent.com/grass-cs/ACvplmPAjOycMDlInvK4VArvvWq2BBugDU4Cmefiyp0uVx220nqfI-GrPENUT1fI7nVAaYZ2vxI_i9qqkMpIAh-4XVBTA2GG6hgouMEdqT7fRfh69-ttMYR64mIUtNB-bHdrG6rKHxmmTmhz3sYp=s4800-w640,5,67,https://maps.google.com/?cid=10077517810277506033&g_mp=Cidnb29nbGUubWFwcy5wbGFjZXMudjEuUGxhY2VzLlNlYXJjaFRleHQQAhgEIAA,No,,2026-09-28
Niagara Falls,Monties Heating & Cooling,"2242 Niagara Falls Blvd, Niagara Falls, NY 14304, USA",(716) 628-9005,,https://montiesheatingcooling.com/,https://lh3.googleusercontent.com/grass-cs/ACvplmM3rOWrGFW20mPKYle3JuqGz8o5N6UDVtVk6Oc4cFGCWmWSBsRrdzueYynaGQ4Hn-pBd3qjTHNyQFoA3Z-BSOCJ6Si02XmV_aIzWhiEBWInz7v66kFHd4Hjr-PZkNfsZWh2BYlSHo29CT8=s4800-w640,4.9,74,https://maps.google.com/?cid=9534052326993717397&g_mp=Cidnb29nbGUubWFwcy5wbGFjZXMudjEuUGxhY2VzLlNlYXJjaFRleHQQAhgEIAA,No,,2026-09-28
Niagara Falls,Evans Heating & Cooling,"4065 Stanley Ave, Niagara Falls, ON L2E 4Z1, Canada",(289) 271-7828,,https://www.evansheatingandcooling.ca/?utm_source=gmb&utm_medium=organic,https://lh3.googleusercontent.com/grass-cs/ACvplmN2qEb7kKNewuj6Z7_81UuqrEve5nder8XyzZA_lvtN79M1RDG6WvkiN5h4SIQo2twabqdfUw92O8kTvtctPbw4KFGj4DwY4uaIGH30bNiBShk3veSbx-5V7CLd_8nld7xXD53hINWBvyY=s4800-w640,4.8,1002,https://maps.google.com/?cid=8085846983391500102&g_mp=Cidnb29nbGUubWFwcy5wbGFjZXMudjEuUGxhY2VzLlNlYXJjaFRleHQQAhgEIAA,No,,2026-09-28
Niagara Falls,Niagara Home Heating,"4436 Shuttleworth Dr, Niagara Falls, ON L2G 0X5, Canada",(289) 228-2688,info@niagarahomeheating.com,https://www.niagarahomeheating.com/?utm_source=google&utm_medium=organic&utm_campaign=gbp,https://lh3.googleusercontent.com/grass-cs/ACvplmO3mfUZn0rJxK9l-7382dm9KvRVCyzZ_kZbHRnYpfCzP5OiW64AF6CmvkS2eHPMpkLAeEuUCfx6QKWpc0XIavQLGpK2iMC8ab7brwjyXpEwJIdAxjN0zmN1jmzcFs_YFWgcYCTKVzuBtVA=s4800-w480,4.8,131,https://maps.google.com/?cid=12883419314420033116&g_mp=Cidnb29nbGUubWFwcy5wbGFjZXMudjEuUGxhY2VzLlNlYXJjaFRleHQQAhgEIAA,No,,2026-09-28
Niagara Falls,Calcon Plumbing and Heating,"9358 Hendershot Blvd, Niagara Falls, ON L2H 0E9, Canada",(289) 700-1639,mark@calconplumbing.ca,https://calconplumbing.ca/,https://lh3.googleusercontent.com/grass-cs/ACvplmPKsEh11_zckAaP92zZmvgpElu9vdHnRnIQ6EOoNzU8BEsDffbf9Is0ZIePD8jIZP4Sh-aNawXz2G6jaGcFb2sBNxhXYi4uSyn7_-mh8n2Kl9oyPEOgP44YOGme13TvxKwLDN7tqyRa2DE=s4800-w640,4.9,35,https://maps.google.com/?cid=16107264779548948860&g_mp=Cidnb29nbGUubWFwcy5wbGFjZXMudjEuUGxhY2VzLlNlYXJjaFRleHQQAhgEIAA,No,,2026-09-28
Niagara Falls,"Superior HVAC Service, Heating & Air Conditioning","4551 Zimmerman Ave, Niagara Falls, ON L2E 3M5, Canada",(226) 640-0370,info@superiorhvacservice.ca,https://superiorhvacservice.ca/niagara-falls/?utm_source=gmb&utm_medium=organic&utm_campaign=gmb,https://lh3.googleusercontent.com/grass-cs/ACvplmNMr_B4EoOGXiW48en94GHYpTRe52zEKTFwgobDCQQslp-0-cw4zWx_xCscQ9XaxOHjEaQPpf10lW9YDa5Txynq7NylKgHLsjvTG1xXscDEPQE9kyUPg-n6eEr7rKt3xhJyytfDxTAKWdMj=s4800-w640,4.8,32,https://maps.google.com/?cid=14492965013500937688&g_mp=Cidnb29nbGUubWFwcy5wbGFjZXMudjEuUGxhY2VzLlNlYXJjaFRleHQQAhgEIAA,No,,2026-09-28
Niagara Falls,EMERALD PLUMBING AND HEATING,"5850 Don Murie St, Niagara Falls, ON L2G 0B3, Canada",(905) 374-3828,,http://emeraldplumbing.ca/,https://lh3.googleusercontent.com/grass-cs/ACvplmP_hgy0dDqZHKASyl3f3eTwdZ1CQylgJDBgQrMdxEkohVI18X8DRC9_qi8owR7yjn83H_zGCzEszplEaW6fRFdI5amTYoQ2jk5RGLNvgcIT2H-bDWj3yMkDxxkly9uqZB_4_SDY=s4800-w640,4.7,86,https://maps.google.com/?cid=11139304854394804706&g_mp=Cidnb29nbGUubWFwcy5wbGFjZXMudjEuUGxhY2VzLlNlYXJjaFRleHQQAhgEIAA,No,,2026-09-28
Niagara Falls,Niagara Heating & Cooling,"2384 Niagara Falls Blvd, Niagara Falls, NY 14304, USA",(716) 471-0551,fjc01business@gmail.com,http://niagaraheatingandcooling.com/,,4.8,15,https://maps.google.com/?cid=17496700423439983197&g_mp=Cidnb29nbGUubWFwcy5wbGFjZXMudjEuUGxhY2VzLlNlYXJjaFRleHQQAhgEIAA,No,,2026-09-28
Niagara Falls,Superior Plumbing & Heating of Niagara Falls,"8040 Lundy's Ln Unit 102, Niagara Falls, ON L2H 1H1, Canada",(289) 302-8331,info@superiorplumbing.ca,https://superiorplumbing.ca/niagara-falls/?utm_source=gmb&utm_medium=organic&utm_campaign=gmb,https://lh3.googleusercontent.com/grass-cs/ACvplmP4gg9NZcS5VHBRxPCC29B_Dp_RllRzX9PC9h_SMVVTPvZS4LtlZ2P3NRg9yBS9t-OJwxquRWPegTnLNug_EfHzygEb2A30230-POvrjgk7wrg9jPucDtggs3eknXh7eCkjhlmzVqa5SI-w=s4800-w640,4.6,72,https://maps.google.com/?cid=13561144645872292626&g_mp=Cidnb29nbGUubWFwcy5wbGFjZXMudjEuUGxhY2VzLlNlYXJjaFRleHQQAhgEIAA,No,,2026-09-28
Niagara Falls,Metro Plumbing & Heating,"5836 Dunn St, Niagara Falls, ON L2G 2N7, Canada",(905) 354-9032,management@metroplumbingniagara.com,https://metroplumbingniagara.com/,https://lh3.googleusercontent.com/grass-cs/ACvplmNthc-YuG7giMr7EqCvrDlEj6eCjZXRY_PAu6nr3lnw0eJSAh_PtFTW_GSc3YiTZA5OgkeZZ_DwE0oTN8g6ZGxJhAN5GPdkL80gi2o-xW4rT4FutSH2YOGiaLXP7hx2vj7UGOXyIg=s4800-w640,4.5,140,https://maps.google.com/?cid=8647537762128879670&g_mp=Cidnb29nbGUubWFwcy5wbGFjZXMudjEuUGxhY2VzLlNlYXJjaFRleHQQAhgEIAA,No,,2026-09-28
Niagara Falls,Affordable HVAC 716 inc,"6706 Lindbergh Ave, Niagara Falls, NY 14304, USA",(716) 371-0742,,,https://lh3.googleusercontent.com/grass-cs/ACvplmOlz45hVqF_9apC2GdcVec1kV661UFm7Xdw1XpGTeTzzLEscIUSyBi29udwif_1MvYpxIMz2miP210b49fOOstXdPeaWsltssqbuyvfdJCK3c_lk4Qfz4ouWJ2S4SOWN2_kANhD=s4800-w640,4.2,10,https://maps.google.com/?cid=9524368402311870760&g_mp=Cidnb29nbGUubWFwcy5wbGFjZXMudjEuUGxhY2VzLlNlYXJjaFRleHQQAhgEIAA,No,,2026-09-28
Peterborough,Tom's Heating and Cooling,"347 Pido Rd Unit 21, Peterborough, ON K9J 6X7, Canada",(705) 740-2218,johndoe@company.com,https://www.tomsheatingandcooling.ca/,https://lh3.googleusercontent.com/grass-cs/ACvplmPrg3RaiF_gjJgcEGUZeeKzK3jU0cDtuXrhdFkaZQmPgBHTNcPoQnY3cel-lA9Ivy7u4-8kVo-UHF17maptZEOBLxfjEsyQYL0JYLaXJ1yhTB4XZqhHz2kU4OvG8cQ2WapxX8uHtjRKrOLD=s4800-w640,4.9,948,https://maps.google.com/?cid=5864688686917167175&g_mp=Cidnb29nbGUubWFwcy5wbGFjZXMudjEuUGxhY2VzLlNlYXJjaFRleHQQAhgEIAA,Yes,,2026-09-28
Peterborough,Bryans Heating & Air Ltd.,"280 Perry St Unit 11a, Peterborough, ON K9J 2J4, Canada",(705) 731-9978,,https://bryansheatingandair.ca/,https://lh3.googleusercontent.com/grass-cs/ACvplmOmM2bNtaM1_ui3xlJ786QP86edFWyn8NXVICKtAD_TfMpfQzmWhdzVbQKrhltmi-Fij7yRZH9idmoOiz2mpT_NHhTBW0S9vF5ZaQZvk7rXZ80e2k6NFfkEA82e7GmlJFHN_ntXL2zciQGV=s4800-w640,4.9,239,https://maps.google.com/?cid=18040808917693322535&g_mp=Cidnb29nbGUubWFwcy5wbGFjZXMudjEuUGxhY2VzLlNlYXJjaFRleHQQAhgEIAA,No,,2026-09-28
Peterborough,Boyd Heating And Cooling,"491 Cordach Crescent, Peterborough, ON K9H 3A4, Canada",(705) 761-1711,jeremy@boydheating.ca,http://boydheating.ca/,https://lh3.googleusercontent.com/grass-cs/ACvplmPTaHfb93Nd229eoTjYMfUusVho66niAmE_gKY2zQ-Zq22tbzhHmuq14ssddhZLatS16ee-6WXeLqQDZP1u8lLp-oPArW_2arznQvjI9_8DfL9-yw73ZE8tGfdsOTCZ5X4-2Gbj=s4800-w640,5,56,https://maps.google.com/?cid=6595102426349571601&g_mp=Cidnb29nbGUubWFwcy5wbGFjZXMudjEuUGxhY2VzLlNlYXJjaFRleHQQAhgEIAA,No,,2026-09-28
Peterborough,Rosedale plumbing,"93 Rubidge St, Peterborough, ON K9J 3N3, Canada",(289) 632-0009,rosedaleplumbingon@gmail.com,https://rosedaleplumbing.ca/,https://lh3.googleusercontent.com/grass-cs/ACvplmPrXqNrVntNDPIcijAAsKpQofc-q8yookJGITSTktBVBcOiOA8-c2-06VTnDhV3zjZNpFA73t03vXvzZFMs_tSmvl0y3pRdUKEYJacwY0SbJ0lnvz6WiNNKlM0JWehQjmae1TU3qLzqVxc=s4800-w640,5,51,https://maps.google.com/?cid=13686015715191473714&g_mp=Cidnb29nbGUubWFwcy5wbGFjZXMudjEuUGxhY2VzLlNlYXJjaFRleHQQAhgEIAA,No,,2026-09-28
Peterborough,Kawartha Eco Climate Control,"2511 Foxmeadow Rd, Peterborough, ON K9L 1X2, Canada",(705) 868-8246,shane@kawarthaecoclimatecontrol.ca,https://kawarthaecoclimatecontrol.ca/,https://lh3.googleusercontent.com/grass-cs/ACvplmO4vn7c8gG3sAh56od2fqVP5UU3gYHOlHA6BjS7X2C2FM9u6ZECewteu-0RqcPqwg_sbcNZTX4qFLbrYXK1O8YEecEg8ZYetzukjOD6RsDmDMUqWA2KSrQb6sn_fh2goGt2v3obvNjsCH1g=s4800-w640,5,50,https://maps.google.com/?cid=8871161519990613341&g_mp=Cidnb29nbGUubWFwcy5wbGFjZXMudjEuUGxhY2VzLlNlYXJjaFRleHQQAhgEIAA,No,,2026-09-28
Peterborough,Thermenergy Heating and Cooling,"398 McDonnel St Unit# 4, Peterborough, ON K9H 2X4, Canada",(705) 813-8506,info@thermenergy.ca,http://www.thermenergy.ca/,https://lh3.googleusercontent.com/grass-cs/ACvplmPtaOSZn7Dq0Jt1iKoR3GEaqq6i4aZFg3TlI-R3gbr1D0MJ7pGTSIpYrOdyUtC9lWMBFuyrjXUEIxZvkHlJUWu-KZt36HvHcAYJEipFu_rGHgNk8a-ofG6pGJ-uDwQFxc4dqDVUcjGfVrSt=s4800-w640,4.9,92,https://maps.google.com/?cid=15465266865478467117&g_mp=Cidnb29nbGUubWFwcy5wbGFjZXMudjEuUGxhY2VzLlNlYXJjaFRleHQQAhgEIAA,No,,2026-09-28
Peterborough,SyncAir Heating and Cooling Inc.,"286 Hunter St W #5, Peterborough, ON K9H 2L8, Canada",(683) 307-0001,syncairinfo@gmail.com,http://www.syncair.ca/,https://lh3.googleusercontent.com/grass-cs/ACvplmMwH82WBLB2K9oZ6ZRdaYWDbH2ou5LAYYwsijuz9rlK9RTxcEU3ndzygZ0edSW0FvRmi2DgOqKefpDudzToerccDF6NPWPEvOzSbJahFad_Cx8W3xb6r1DlHJUp5V729Zdxe_ThJ4ZZLfc7=s4800-w640,5,38,https://maps.google.com/?cid=12638481675691496735&g_mp=Cidnb29nbGUubWFwcy5wbGFjZXMudjEuUGxhY2VzLlNlYXJjaFRleHQQAhgEIAA,No,,2026-09-28
Peterborough,Gravity Plumbing & Heating Peterborough,"1057 ON-7 Unit 8, Peterborough, ON K9J 6X8, Canada",(705) 486-6835,info@gravityplumbing.ca,https://gravityplumbingandheating.ca/,https://lh3.googleusercontent.com/grass-cs/ACvplmMNwG0UrXjLYfvAAFZUapfgPki97i_jtqWGer39OSn7nJXu8FT2QAHKQ7AwRRLAO7zcD5bDHKruvsyVAgfQ96FFbKjwX6LKIK9v-NFBprdHpnxso6d_Lh0ewcefcpvLNhdhXmsvYA=s4800-w382,4.8,259,https://maps.google.com/?cid=5238423354851682600&g_mp=Cidnb29nbGUubWFwcy5wbGFjZXMudjEuUGxhY2VzLlNlYXJjaFRleHQQAhgEIAA,No,,2026-09-28
Peterborough,Jay’s Heating & Air Conditioning,"407 Carriage Lane, Peterborough, ON K9L 2A5, Canada",(705) 933-4224,,http://www.jaysheatingandairconditioning.ca/,https://lh3.googleusercontent.com/grass-cs/ACvplmMbOIGSO-ynO9HTTVDbjLvrTU204tGU_R15Svt7WUUYJM80CQZRVx_0UxCNrvJPL1l51dLuCnvNFXdrRyJ66aFvNhPTiprpRU8Wj6pdDIeUmoExeFMU4VCWJThiYGEc_Qxv5is1cOQIqt8k=s4800-w640,5,29,https://maps.google.com/?cid=18148681367405321098&g_mp=Cidnb29nbGUubWFwcy5wbGFjZXMudjEuUGxhY2VzLlNlYXJjaFRleHQQAhgEIAA,No,,2026-09-28
Peterborough,The Service Wizard,"723 George St N #18A, Peterborough, ON K9H 3T2, Canada",(705) 243-5041,admin@theservicewizard.ca,https://theservicewizard.ca/,https://lh3.googleusercontent.com/grass-cs/ACvplmNYtXSEpP5qjLnr7IjX4hbzxW-zVZGJfR0QtaMsmZz3-mNP6-34P3yDHWFaIXt3pV9r4aknIJD3NOMGDUXsponh7K-8QwuqRKheoJWmyvXTMpOGv8S0DhKTjHmlRb4_8hp2U1ez=s4800-w640,5,26,https://maps.google.com/?cid=6043810182680456711&g_mp=Cidnb29nbGUubWFwcy5wbGFjZXMudjEuUGxhY2VzLlNlYXJjaFRleHQQAhgEIAA,No,,2026-09-28
Peterborough,Edgar Simmons Heating,"715 The Kingsway, Peterborough, ON K9J 6W7, Canada",(705) 743-1381,office@edgarsimmonsheating.ca,http://www.edgarsimmonsheating.ca/,https://lh3.googleusercontent.com/grass-cs/ACvplmM7YU832eYZEWDTRvpME8P7LxpI7FjgnGqeBp-k29cCQR_P_3RMxWmwR99T_G4hfkyhqav7-FiST01zToharl4940m1rm12Z8JdZpfWvLrlVeCvldtgKQM5FxO_8ouIfUlJPonc=s4800-w640,4.8,121,https://maps.google.com/?cid=3437558191129537118&g_mp=Cidnb29nbGUubWFwcy5wbGFjZXMudjEuUGxhY2VzLlNlYXJjaFRleHQQAhgEIAA,No,,2026-09-28
Peterborough,Fransky Mechanical,"889 Armour Rd, Peterborough, ON K9H 2A7, Canada",(705) 749-0937,info@franskymechanical.ca,http://www.franskymechanical.ca/,https://lh3.googleusercontent.com/grass-cs/ACvplmOJgu_Ittldzsnni0bgG_M_7-bMxEOeKZ2x7tHdzH3RDaHD1VMbI9NBO-e7TjO310byBuMhBpfDQ13OV1YvpPCkxJMJoYBM4ZoMAsCBdvKQD-pgfy_O09mLI62UIm8rbvvosTfJSQ=s4800-w540,5,22,https://maps.google.com/?cid=12496252104219024850&g_mp=Cidnb29nbGUubWFwcy5wbGFjZXMudjEuUGxhY2VzLlNlYXJjaFRleHQQAhgEIAA,No,,2026-09-28
Sault Ste. Marie,STELLAR,"47 Industrial Park Crescent, Sault Ste. Marie, ON P6B 5P3, Canada",(705) 297-6696,contact@stellarhvac.ca,https://www.stellarhvac.ca/,https://lh3.googleusercontent.com/grass-cs/ACvplmMxZnPqceuygwxQzCvF9yvjKaW7pnZ9rG9Ckf9nhisHgW6pSwMOXc0wLpTXC5T7RBXY4ZaJEsUgimxKQptWgAW9aMvZmiJ9uiyWm3BwIjDlL_gG2pYbgJP9K5n0EnpTQ04BmY49iSiAd_g1=s4800-w640,5,131,https://maps.google.com/?cid=7466362457637283799&g_mp=Cidnb29nbGUubWFwcy5wbGFjZXMudjEuUGxhY2VzLlNlYXJjaFRleHQQAhgEIAA,Yes,,2026-09-28
Sault Ste. Marie,Tombari Electric & HVAC,"1187 Great Northern Rd, Sault Ste. Marie, ON P6B 0B9, Canada",(705) 943-7390,info@tombarielectric.com,https://www.tombarielectric.com/,https://lh3.googleusercontent.com/grass-cs/ACvplmPabslM57aKbDKN_sPtpF3T1TRn_7QfbpJU3jN3lPMBnec7rFWGtJwohGoKoyZBCRbZdvbEg6lDWX9uW9uffc6mRPm8HGZ-f2NW8pckNkJY8c7rDn-oKH8VfXAkz7feZreQWuwouSLYxsM=s4800-w640,4.9,143,https://maps.google.com/?cid=10300634995110406458&g_mp=Cidnb29nbGUubWFwcy5wbGFjZXMudjEuUGxhY2VzLlNlYXJjaFRleHQQAhgEIAA,No,,2026-09-28
Sault Ste. Marie,Big Al's Plumbing,"470 MacDonald Ave, Sault Ste. Marie, ON P6B 1H9, Canada",(705) 943-2424,,,,5,51,https://maps.google.com/?cid=5524823899971336903&g_mp=Cidnb29nbGUubWFwcy5wbGFjZXMudjEuUGxhY2VzLlNlYXJjaFRleHQQAhgEIAA,No,,2026-09-28
Sault Ste. Marie,S & T Group,"158 Sackville Rd, Sault Ste. Marie, ON P6B 4T6, Canada",(705) 942-3043,estimating@stgroup.ca,https://stgroup.ca/,https://lh3.googleusercontent.com/grass-cs/ACvplmMM5Ozx-Ux6nzsf44bgoqiY0FnIZKh6U6erMA_J-LI6G5OvGArNP1gWxu850ksAe3lJ9qebA8bvB9HFun7R5gYYEeYJYaBhySSw1V3GZxNAm-Ud6pE9Z5rApRlMoNgIqripgzln_w=s4800-w640,4.9,102,https://maps.google.com/?cid=5161294020863432078&g_mp=Cidnb29nbGUubWFwcy5wbGFjZXMudjEuUGxhY2VzLlNlYXJjaFRleHQQAhgEIAA,No,,2026-09-28
Sault Ste. Marie,Wardlaw Heating & Air Conditioning,"347 Lake St, Sault Ste. Marie, ON P6B 3K7, Canada",(249) 493-6438,,https://www.wardlawheatingandcooling.ca/?utm_source=google&utm_medium=gmb&utm_campaign=Wardlaw-gmb&se_campaign=Wardlaw%20-%20GMB,https://lh3.googleusercontent.com/grass-cs/ACvplmOer7lt0CWNXD7HDxz4V6qSLghswa87BdovxsJmH9Tw_pyVg1U7l2KDTmPah5M9hbHu9_i5IyFynvHG8vsVzptvENwXVT2HE2ttUEqZE-sCivkVY_11sgB9w07eDSHMkftohw9KMA=s4800-w640,4.8,1218,https://maps.google.com/?cid=1402845724109368327&g_mp=Cidnb29nbGUubWFwcy5wbGFjZXMudjEuUGxhY2VzLlNlYXJjaFRleHQQAhgEIAA,No,,2026-09-28
Sault Ste. Marie,DNM Mechanical Group,"180 Industrial Park Crescent, Sault Ste. Marie, ON P6B 5P2, Canada",(705) 256-6163,office@dnmplumbing.ca,https://dnmmechanical.ca/,https://lh3.googleusercontent.com/grass-cs/ACvplmNzZO7AzgkUS32HyVZJ70bfDA3DDyfRwxrERERVEq1NyxwRE-MlKlr3ARbA55ljBB595fER0R2F2BqPpTSZR0pLiOSbHKhl5LOAr442JFnqiH68i5KFdW2zFBk9jiRMXdhjTlhg=s4800-w640,4.8,337,https://maps.google.com/?cid=12020967995467665672&g_mp=Cidnb29nbGUubWFwcy5wbGFjZXMudjEuUGxhY2VzLlNlYXJjaFRleHQQAhgEIAA,No,,2026-09-28
Sault Ste. Marie,Boyd Group Heating and Cooling,"5 Industrial B Ct, Sault Ste. Marie, ON P6B 0A1, Canada",(705) 243-3210,,https://boydgroupinc.ca/,https://lh3.googleusercontent.com/grass-cs/ACvplmNicNrvlihPt7wLczSz5nESQi4YQMtNvKLC620SXIvszCc_EyLi4SvUuwfWw3cLo1j1vEkbF1cbBwZp_GXge5cB-wP0r8_pWdxPcVbPZfxPiO2upzVr5vpA1HyTeg-_Dw8LNmOi=s4800-w640,5,25,https://maps.google.com/?cid=15006674850967355420&g_mp=Cidnb29nbGUubWFwcy5wbGFjZXMudjEuUGxhY2VzLlNlYXJjaFRleHQQAhgEIAA,No,,2026-09-28
Sault Ste. Marie,Albert Heating and Cooling,"3147 M-129, Sault Ste. Marie, MI 49783, USA",(906) 632-6900,,https://www.albertheating.com/,,5,11,https://maps.google.com/?cid=17648336783524270048&g_mp=Cidnb29nbGUubWFwcy5wbGFjZXMudjEuUGxhY2VzLlNlYXJjaFRleHQQAhgEIAA,No,,2026-09-28
Sault Ste. Marie,"Reliance Heating, Air Conditioning & Plumbing","550 Second Line E #3, Sault Ste. Marie, ON P6B 4K1, Canada",(866) 235-8384,,https://reliancehomecomfort.com/sault-ste-marie/?utm_source=google&utm_medium=organic&utm_campaign=gmb-sault-ste-marie,https://lh3.googleusercontent.com/grass-cs/ACvplmPiluicJ6Bj15vRX6nLVTnujLe3k1mtZlrG16NplIi8Pu2ycVxvHilBkndFGYX6a8GVA_HL1_VNt5Gi_W8z73r7rvWRgUyFlKQVNoc8Y-PuRZCNkYzLR1gpa_ZrHytA9FLngaUEZQ=s4800-w640,4.6,778,https://maps.google.com/?cid=12526247436509561715&g_mp=Cidnb29nbGUubWFwcy5wbGFjZXMudjEuUGxhY2VzLlNlYXJjaFRleHQQAhgEIAA,No,,2026-09-28
Sault Ste. Marie,Goulais Plumbing LTD,"18 Rosedale Pl, Sault Ste. Marie, ON P6B 2M3, Canada",(705) 206-9331,goulaisplumbing@gmail.com,https://goulaisplumbing.com/,https://lh3.googleusercontent.com/grass-cs/ACvplmPDHG1-cbZv2uNCPYeaRlOCshqdOPiS-xxa9LxELijhuxGtpv0l35mbUfYeSMjPGgFBHMdbnvhTEjUv3p2SpGs_GHzpCuNdhWE3nDC-RHpS2Z25-7dZC6F0TuC1AA92Sg69Ub6oVzzJvg0y=s4800-w640,4.6,29,https://maps.google.com/?cid=6248901070579038691&g_mp=Cidnb29nbGUubWFwcy5wbGFjZXMudjEuUGxhY2VzLlNlYXJjaFRleHQQAhgEIAA,No,,2026-09-28
Thunder Bay,D.Peppard Mechanical Inc,"321 Cumberland St N, Thunder Bay, ON P7A 4P1, Canada",(807) 577-4760,info@peppardmechanical.com,https://www.dpeppardmechanical.com/,https://lh3.googleusercontent.com/grass-cs/ACvplmOhlbpGmxY8bVOUtPfdGIf_LOTD4hXbeQOj8Nbyn0NQ50wjGvGzYM0rTWKxOSnH7wBD7wlkXw2qMg73YC5lD00teCly9dPxEs-i0SL_c1NypixL-dZssKtYa7wSNSWMEnBQMlaGJgF1ekQR=s4800-w640,5,176,https://maps.google.com/?cid=13327327466352091645&g_mp=Cidnb29nbGUubWFwcy5wbGFjZXMudjEuUGxhY2VzLlNlYXJjaFRleHQQAhgEIAA,Yes,,2026-09-28
Thunder Bay,Allam Heating & Cooling ltd,"2717 Government Rd, Thunder Bay, ON P7G 1V4, Canada",(807) 251-3585,allam.heating.cooling@gmail.com,https://allamheatingandcooling.com/,https://lh3.googleusercontent.com/grass-cs/ACvplmPA_9xsTaTjK0XCPXW956DXYPtIyqHdxke_lbw9tDwwg7XoKOgrzeW7sFA1CRDKX74QkOAOIYHx_-As_BVCJ1z7q2Rq2T2mdizgrt9C-Z2xDkRS3q307Mjt4_z77s7DfozWta5imJBdS2c=s4800-w640,5,43,https://maps.google.com/?cid=7326756545777665542&g_mp=Cidnb29nbGUubWFwcy5wbGFjZXMudjEuUGxhY2VzLlNlYXJjaFRleHQQAhgEIAA,No,,2026-09-28
Thunder Bay,LDR Heating & Cooling,"306 Sillesdale Crescent, Thunder Bay, ON P7C 1S6, Canada",(807) 476-6109,,http://www.ldrhc.ca/,https://lh3.googleusercontent.com/grass-cs/AABkmLdpto26Jf04y3x-5Ezs0WM-TvpXUaImgx4t_pDhlE7Y1C5juXogRXV668hkoVNsj6-tvTq_E5CVX1RAb6fiFHtn_Zbd23bqwudXKnG8GGwPgkatWSFSXeQNOWPZBWoir4_5tmE=s4800-w640,4.9,40,https://maps.google.com/?cid=13714795974858264126&g_mp=Cidnb29nbGUubWFwcy5wbGFjZXMudjEuUGxhY2VzLlNlYXJjaFRleHQQAhgEIAA,No,,2026-09-28
Thunder Bay,A Villeneuve Mechanical Ltd,"750 Harold Crescent, Thunder Bay, ON P7C 5H7, Canada",(807) 622-8835,,http://villeneuvemechanical.com/,,4.7,36,https://maps.google.com/?cid=9324335850468391135&g_mp=Cidnb29nbGUubWFwcy5wbGFjZXMudjEuUGxhY2VzLlNlYXJjaFRleHQQAhgEIAA,No,,2026-09-28
Thunder Bay,"Reliance Heating, Air Conditioning & Plumbing","285 Memorial Ave, Thunder Bay, ON P7B 6H4, Canada",(866) 756-7185,,https://reliancehomecomfort.com/thunder-bay/?utm_source=google&utm_medium=organic&utm_campaign=gmb-thunder-bay,https://lh3.googleusercontent.com/grass-cs/ACvplmP5Iid40KF4P-GyLn_0kkabjyCbBDTVGCt2m9A2gRXaqXwKNbtBavG8rmec_5bLjsLZjCVTcZQvv2ob9jZSlBiENazOS-k0Yb2OWmRGX2vg3ns0U82uO8S4PaRazt7d6XTiznG_=s4800-w640,4.6,1922,https://maps.google.com/?cid=15329195900535280444&g_mp=Cidnb29nbGUubWFwcy5wbGFjZXMudjEuUGxhY2VzLlNlYXJjaFRleHQQAhgEIAA,No,,2026-09-28
Thunder Bay,Keenan Sheet Metal & Heating Ltd,"266 Phillips St, Thunder Bay, ON P7B 5L8, Canada",(807) 345-6121,keenansheetmetal@shaw.ca,http://keenansheetmetal.ca/,https://lh3.googleusercontent.com/grass-cs/ACvplmML3up_MGWVjRoysQbvwM5A4fRiXrn94nSAE11rx64sLCqi771s_A_FTDOOquBupD6GY2J4RxBFROYjT9M79kueJBOJVfy5xI7IsLCFVdRtn1wy5JPUj0-mILZ1GvZqWQOJOTnVCabh7co1=s4800-w250,4.3,13,https://maps.google.com/?cid=14639990092871707333&g_mp=Cidnb29nbGUubWFwcy5wbGFjZXMudjEuUGxhY2VzLlNlYXJjaFRleHQQAhgEIAA,No,,2026-09-28
Thunder Bay,Lakehead Burner Service Ltd,"626 Waterloo St S, Thunder Bay, ON P7E 2C5, Canada",(807) 473-1890,lakeheadburner@tbaytel.net,http://www.lakeheadburner.ca/,,4.1,14,https://maps.google.com/?cid=10789382429866541902&g_mp=Cidnb29nbGUubWFwcy5wbGFjZXMudjEuUGxhY2VzLlNlYXJjaFRleHQQAhgEIAA,No,,2026-09-28
Thunder Bay,Klīmit Mechanical Ltd,"127 Algoma St S, Thunder Bay, ON P7B 3B7, Canada",(807) 345-1205,sara@klimitmechanical.com,https://klimitmechanical.com/,https://lh3.googleusercontent.com/grass-cs/ACvplmMq3qzeWoGGESGlv_V9mamAleCmaafFbZCg7LZJyZB3OFNm-X8BFOEfCN4oywlL7NTbZG5PWqGEG9De7M6HHbRwoQNIc2c60QgxzLkat_uT39g_tA2JoQ4LC-8qNEHYzje04VGxAg=s4800-w640,4.2,33,https://maps.google.com/?cid=2571791752945135325&g_mp=Cidnb29nbGUubWFwcy5wbGFjZXMudjEuUGxhY2VzLlNlYXJjaFRleHQQAhgEIAA,No,,2026-09-28
Thunder Bay,B. Gibson Mechanical,"319 May St N, Thunder Bay, ON P7C 3R1, Canada",(807) 631-9060,,https://bradgibsonplumbing.com/,https://lh3.googleusercontent.com/grass-cs/ACvplmM4OhX69HU-kPVM07-1fEH-kHzJpegP0mCKsQg-2xb0IpAECpBnfy_VZ7OiJc1SLLPt_LAXi1m_GUk6eqPYwOo4WBssuJEO6dXs9G3rwpOtq3blEAbM2cxN9OnDnx2mg9pa9Xk=s4800-w640,4.2,54,https://maps.google.com/?cid=17975615848622782538&g_mp=Cidnb29nbGUubWFwcy5wbGFjZXMudjEuUGxhY2VzLlNlYXJjaFRleHQQAhgEIAA,No,,2026-09-28
Thunder Bay,Clow Darling Limited,"1201 Cameron St, Thunder Bay, ON P7C 0A1, Canada",(807) 623-7485,service@clowdarling.com,http://clowdarling.com/,https://lh3.googleusercontent.com/grass-cs/ACvplmNcqsACs449cNkw7jtD7sVzHSV8jIXyiEfUyNwkSKdh5BWzpXVJMY04GqxTpEn-kFAoLOad_3s2-jZrWefji7VJCzXV08w1JkmyNw3pZs8YqS7yBwlzhs3Vvyr9JQgmFs9Mz3Le37_7prDl=s4800-w640,4.1,73,https://maps.google.com/?cid=5579082163222714095&g_mp=Cidnb29nbGUubWFwcy5wbGFjZXMudjEuUGxhY2VzLlNlYXJjaFRleHQQAhgEIAA,No,,2026-09-28
Timmins,Manito Plumbing and Heating Ltd.,"538 Mountjoy St S, Timmins, ON P4N 1W2, Canada",(705) 303-0048,manitoplumbing@gmail.com,https://manitoplumbing.ca/,https://lh3.googleusercontent.com/grass-cs/ACvplmPWAK9w32TBo1fqKYB3OY-4IzBU-EGYYVbPaYj-GswIcl_ozLmIOirUM0ce95GNgGm6CfVUMj9uCCKlNuBaTMFHp4QT_7BUBF9AI22Ltkyx76-ALl4gh2O0W29MrbtbFqpqVYQ42ncQzb2z=s4800-w640,4.9,155,https://maps.google.com/?cid=10231570602937903091&g_mp=Cidnb29nbGUubWFwcy5wbGFjZXMudjEuUGxhY2VzLlNlYXJjaFRleHQQAhgEIAA,Yes,,2026-09-28
Timmins,Tisdale Mechanical Contracting Ltd.,"757 Algonquin Blvd E Unit A, Timmins, ON P4N 7E4, Canada",(705) 235-4045,,http://www.tisdalemechanical.ca/,https://lh3.googleusercontent.com/grass-cs/ACvplmPMpNecpD7XMBPcgDCFYu4mI2V4r4SPaT8eqrhED6AUUA9nDXJghZcHzi4IjavZ5w4wQzoUHkeTY74tvWagZGHUl5wDubXYisRMlOjrogQQbOxyD1TgxRMd5QGYZfB0QFp7WVta=s4800-w640,4.8,55,https://maps.google.com/?cid=4206259929758666109&g_mp=Cidnb29nbGUubWFwcy5wbGFjZXMudjEuUGxhY2VzLlNlYXJjaFRleHQQAhgEIAA,No,,2026-09-28
Timmins,Crawford Mechanical,"273 3rd Ave #405, Timmins, ON P4N 1E2, Canada",(705) 274-2244,,https://crawfordmechanical.ca/,https://lh3.googleusercontent.com/grass-cs/ACvplmMeYeoboos5N-7j90Cug1kZrE3RjI9nKaqHf-H5i-j2LWgVx90OByetv9PgxsFEhCfRGpPWg7WybDQutgwdG9JdoKxw37Xo1D3_Reb4pV6TWQ4ZCglwfIWDHBxCO8rnG_MtGlQdotj6LcZR=s4800-w640,4.8,16,https://maps.google.com/?cid=12227875975879419419&g_mp=Cidnb29nbGUubWFwcy5wbGFjZXMudjEuUGxhY2VzLlNlYXJjaFRleHQQAhgEIAA,No,,2026-09-28
Ottawa,Dynamic Heating & Cooling,"1527 Upper Ottawa St Unit 13, Hamilton, ON L8W 3J4, Canada",(289) 204-6781,info@dynamicheatandcool.ca,https://dynamicheatandcool.ca/?utm_campaign=gmb,https://lh3.googleusercontent.com/place-photos/AG9NLjD9eYA02hauDwn_Oy3RsCZk02cyzX5-TZmXJBqIc3Y2vZ9ksVKn-JoquwEnjJINSkz7_rcJfgZZqWyZKxAq_KwJ1nrD9jpPVyAGv1-JXGhkpXLAtNi8GPtEqyHlW7oODg0JJ60CyDftxw7IkH4=s4800-w640,5,814,https://maps.google.com/?cid=7127616785448395863&g_mp=Cidnb29nbGUubWFwcy5wbGFjZXMudjEuUGxhY2VzLlNlYXJjaFRleHQQAhgEIAA,Yes,,2026-08-09
Ottawa,Capital City Heating and Cooling Inc.,"7820 Flewellyn Rd, Ottawa, ON K0A 1B0, Canada",(613) 274-0220,,http://www.capitalcityheatingandcooling.com/,https://lh3.googleusercontent.com/place-photos/AG9NLjChugeNlZR1HA9GIqOH6FQdWAEtpPpDMGjf2GjttiwWWYPzAeRKEmC7f1FnsGTlihg43vycvcq7m8qdSsFcHnkedgnJMm2iFV7bnCarETPHvrN0cDssryyTZlZDu24DRd38_K0Af-ZgbgzG-94=s4800-w640,5,449,https://maps.google.com/?cid=14412296171330765033&g_mp=Cidnb29nbGUubWFwcy5wbGFjZXMudjEuUGxhY2VzLlNlYXJjaFRleHQQAhgEIAA,No,,2026-08-09
Mississauga,Air Flow Heating & Cooling Ltd.,"2359 Royal Windsor Dr. U#15, Mississauga, ON L5J 4S9, Canada",(905) 507-2665,info@air-flow.ca,http://www.air-flow.ca/,https://lh3.googleusercontent.com/place-photos/AG9NLjDVFVmtnMJhru4_SUpV9CdtysPttridIJI6BZDcHcYDp0Ng5a-uZ9s1Hrwgd8GjyTSFXAue5fS8yM8Z59oGxlnrAy7tJNzRoPqFGM4pBKUhdWJZQs5P1TfTyLpyUIIGYlL_gGK4ojxKc0mcZw=s4800-w640,5,130,https://maps.google.com/?cid=5658926896715460398&g_mp=Cidnb29nbGUubWFwcy5wbGFjZXMudjEuUGxhY2VzLlNlYXJjaFRleHQQAhgEIAA,No,,2026-08-09
Brampton,Delta T Heating & Cooling Inc.,"122 Longbourne Crescent, Brampton, ON L6S 2R9, Canada",(416) 710-4858,support@deltathci.ca,https://deltathci.ca/,https://lh3.googleusercontent.com/place-photos/AG9NLjD1ErAj_si8wWUi5sMBiWZyKLr9CV4tStQRXyOYol38F5VGlVeBzppc3GW59BQfiUcDZMTF3CSogZyrA35hWF0N_y8PzCH5SFPGGxEW7RGZdjlWUdakoc08YGMrIXDAAfKtmtmC5bKtoEslnQ=s4800-w640,5,122,https://maps.google.com/?cid=10763879413297536159&g_mp=Cidnb29nbGUubWFwcy5wbGFjZXMudjEuUGxhY2VzLlNlYXJjaFRleHQQAhgEIAA,No,,2026-08-09
Vaughan,ONAS Heating & Cooling Corp. O/A Ontario Air Services,"358 Edgeley Blvd Unit 7, Vaughan, ON L4K 3Y1, Canada",(647) 687-4911,info@ontarioairservices.ca,https://ontarioairservices.ca/,https://lh3.googleusercontent.com/place-photos/AG9NLjBpTT_FwVx_3WAnCYrdOBqvckjEVZ7bNGUMoqedC6W_Bn3akLQMXvoabfYvs98sgorRFlhpF8SSHQ2njr2qHrLy4QJP3TKU01ukKg_Il284lwfSZycbalPbuwwJaqV79rJBohnxUDD5lL8s_A=s4800-w640,5,157,https://maps.google.com/?cid=11264027793208084286&g_mp=Cidnb29nbGUubWFwcy5wbGFjZXMudjEuUGxhY2VzLlNlYXJjaFRleHQQAhgEIAA,No,,2026-08-09
Richmond Hill,Richmond Hill Plumbing,"10271 Yonge St #115, Richmond Hill, ON L4C 3B7, Canada",(289) 652-1867,info@richmondhillplumbing.ca,http://plumbingrichmondhill.com/,https://lh3.googleusercontent.com/place-photos/AG9NLjAFnf-V2Kv45uILkrej8ROYURj1nHdzxp1j2Pc-ud5mv699K8Nm9_aTj0X051rhu6Jv_AUocfxwg0za9811_-MJho-oaWpeiQM-IIROliP7iJZsfxt_0IAuhVtXRnSkCOuiGBQSpJa06PpI7g_Q6r3pTw=s4800-w640,5,77,https://maps.google.com/?cid=10325619339508443089&g_mp=Cidnb29nbGUubWFwcy5wbGFjZXMudjEuUGxhY2VzLlNlYXJjaFRleHQQAhgEIAA,No,,2026-08-09
Richmond Hill,"Plumber Done Right of Richmond Hill, ON","10271 Yonge St, Richmond Hill, ON L4C 3B7, Canada",(647) 371-5418,perciasepe.alex@gmail.com,https://plumberdoneright.com/,https://lh3.googleusercontent.com/place-photos/AG9NLjDX2_1XpMQ9EIUTHh10PPhmNLnlu67AFrAtrDdzs60KyMBub8a5bwPHPcx5qYlVkLnj6qqdflOFT53dtkkSkgnElxWbswbdxJ2sA_TUOJWiE90zDipE7ZEoJ60UKgFdqVB8E-NSg_YvTJgN650gIAF5=s4800-w623,5,68,https://maps.google.com/?cid=15202583208775896183&g_mp=Cidnb29nbGUubWFwcy5wbGFjZXMudjEuUGxhY2VzLlNlYXJjaFRleHQQAhgEIAA,No,,2026-08-09
Barrie,RK Air Systems,"14 Sumac St, Barrie, ON L4N 9R8, Canada",(705) 220-5272,info@rkairsystems.ca,http://rkairsystems.ca/,https://lh3.googleusercontent.com/place-photos/AG9NLjA5eyYKVy5fkTBt_Iyn-z5qb3l0SmIdawFzJA4duKIZ3Sq02oOHXlOB4uiqV4gJFGIvvKvbe-TGjGuKvRUEdz1pXAfYrUq4jUVPM1G-Z-2mFp_TjUNWMto4WMhq-_QS0D0S5QPn6eltUUqudw=s4800-w640,5,38,https://maps.google.com/?cid=3235763500856444647&g_mp=Cidnb29nbGUubWFwcy5wbGFjZXMudjEuUGxhY2VzLlNlYXJjaFRleHQQAhgEIAA,Yes,,2026-08-09
Barrie,Georgian Home Comfort - Heating and Cooling,"373 Huronia Rd, Barrie, ON L4N 8Z1, Canada",(705) 720-2665,,https://www.georgianhomecomfort.com/,https://lh3.googleusercontent.com/place-photos/AG9NLjBRTXhSch_Hyf-Hr58JcwaFSMkYsB0qD5xxlaRKsucsvms1ua8oF9qOv7o5t-JfLjfW_ofQSvvo9EpEN_LyQ85-7NkbufBQ_zDAFpgHeYA-UmHwWujjfprOrF8iteW0tKrZ0gjd98bo2gmx=s4800-w640,4.9,319,https://maps.google.com/?cid=753010558953308517&g_mp=Cidnb29nbGUubWFwcy5wbGFjZXMudjEuUGxhY2VzLlNlYXJjaFRleHQQAhgEIAA,No,,2026-08-09
Kitchener,"PURPL - Heating, Air Conditioning & Gas Works","338 Victoria St N, Kitchener, ON N2H 5E6, Canada",(519) 572-4565,info@purplheating.com,http://purplheating.com/,https://lh3.googleusercontent.com/place-photos/AG9NLjBEO26vGTNMOzFADFV2bYCsTwDl4wERFZYn2mwTI0Vbhauzn3jHxGNdOHJEAdaxop6ocbv4ipWe1ClkZvzjuiXoFik7xtCoXjPZ_7DKuLVFjEfj9LhRF4pgReTw30us2SkeGL-Pqvc7gbNAU9kXbMKSjA=s4800-w640,5,42,https://maps.google.com/?cid=15017187903234352165&g_mp=Cidnb29nbGUubWFwcy5wbGFjZXMudjEuUGxhY2VzLlNlYXJjaFRleHQQAhgEIAA,No,,2026-08-09
Kitchener,AirIQ Home Comfort Inc.,"158 Banffshire St, Kitchener, ON N2R 1W7, Canada",(519) 288-8800,airiqhomecomfort@gmail.com,https://www.airiqhomecomfort.com/,https://lh3.googleusercontent.com/place-photos/AG9NLjA1YkztK2BxYEjaXairl5vgU9Frk8CVOcSs2HxwEufCBvnsw0WSbOCRiDkcNmqAbrRnAZBd8VNjQltGKQy4Mg1AmAWP1TXYzEEL6IcYT464AvC7_Nwg-a3WLk8dOT8Hg73f0iNymwVlhj9g6ydkLhR6=s4800-w640,5,41,https://maps.google.com/?cid=2268880693393879423&g_mp=Cidnb29nbGUubWFwcy5wbGFjZXMudjEuUGxhY2VzLlNlYXJjaFRleHQQAhgEIAA,No,,2026-08-09
Windsor,DWD HVAC and More,"11302 Tecumseh Rd E Unit B, Windsor, ON N8R 1A8, Canada",(226) 676-0130,,https://www.dwdhvac.com/?utm_source=google&utm_medium=gmb&utm_campaign=gmb_listing,https://lh3.googleusercontent.com/place-photos/AG9NLjBipXoRTlMnIgHI_bipy62xsmvei5Vxs6xIAk0FF1twd9elq18WiCRB6n8b2Sv41a7FT-6DmYV-Je-_gEtcK631gIMQtWWS_OmDWTuNg1RmAVd8FJH6M1I9V6zKQ38QWhMnaKES2E88Nw9muIY=s4800-w640,5,64,https://maps.google.com/?cid=11027495705043167330&g_mp=Cidnb29nbGUubWFwcy5wbGFjZXMudjEuUGxhY2VzLlNlYXJjaFRleHQQAhgEIAA,No,,2026-08-09
Oakville,Danlex Gas,"3445 Dundas St W, Oakville, ON L6M 4J4, Canada",(416) 303-0237,info@danlexgas.ca,http://www.danlexgas.ca/,https://lh3.googleusercontent.com/place-photos/AG9NLjAQ2Cu5xN3YeVASel3F-ag9H7Rju9c4gNgs8qSp4n8TAB1AFHyV2k2IO-LvKPtjL5AD23w0aeSScq-Wv3Rjh6S4TFYWMN1z65hRIquq5ukwhKA4skkrHXZQF6h_GdLt7HV5nPjUiQkER4M8j1U=s4800-w640,5,91,https://maps.google.com/?cid=12526188288607303528&g_mp=Cidnb29nbGUubWFwcy5wbGFjZXMudjEuUGxhY2VzLlNlYXJjaFRleHQQAhgEIAA,No,,2026-08-09
Oshawa,Superior HVAC Service,"21 Simcoe St S, Oshawa, ON L1H 4G1, Canada",(647) 956-3863,info@superiorhvacservice.ca,https://superiorhvacservice.ca/oshawa/?utm_source=gmb&utm_medium=organic&utm_campaign=gmb,https://lh3.googleusercontent.com/place-photos/AG9NLjBRfzBmNScsLpFve7HgNhQkDR5IsLRf18O7xUP5cSHcsisE7j69OhoHtdrlYFCAOByPik4E7XY_Wt_Z2QNtkEDE1aw5qdQkfB2HrMCJDo7nTaX7JtP05E-32UF6R9-V8UGRf_w2mHTjVGQvG-cywqQNgw=s4800-w640,5,52,https://maps.google.com/?cid=12694384418513067472&g_mp=Cidnb29nbGUubWFwcy5wbGFjZXMudjEuUGxhY2VzLlNlYXJjaFRleHQQAhgEIAA,No,,2026-08-09
Burlington,AirTemp HVAC,"3432 Mikalda Rd, Burlington, ON L7M 0J9, Canada",(905) 630-5949,info@airtemp-hvac.ca,https://www.airtemp-hvac.ca/,https://lh3.googleusercontent.com/place-photos/AG9NLjCro8mELBoU_V2bKlLSIfjigZLm3oDUWGy4kXhTqnTdB8_SeedyKDgAmFt7HXX5z5HKmRfExeluwHRj_pW-PvOXQ24nNChz7MYgFr0AXbXoG_ITxOFg90Pz1GUO18oaHz6HL61FGevaDNFnqQ=s4800-w640,5,329,https://maps.google.com/?cid=10697194484207697345&g_mp=Cidnb29nbGUubWFwcy5wbGFjZXMudjEuUGxhY2VzLlNlYXJjaFRleHQQAhgEIAA,No,,2026-08-09
Burlington,Halton Heating and Gas Services,"734 Mullin Way, Burlington, ON L7L 4J7, Canada",(905) 484-3430,jay@haltonheatingandgasservices.com,https://haltongas.com/,https://lh3.googleusercontent.com/place-photos/AG9NLjB8dOD-hiJYrJkthbqM-EM-9ki1aCPEoZiFvAMrepdb0OjjUwfCGA0IWuzm5F7sKx-ZTcjGSmAb0dyYVaxNBZ4pEhIATubKi_DuZmAoLwOy6hVmhZZGEHej0oq9TBDNpS3kZwlq1kkXL-hTDbzR3YKB5g=s4800-w640,5,314,https://maps.google.com/?cid=10234432365297600609&g_mp=Cidnb29nbGUubWFwcy5wbGFjZXMudjEuUGxhY2VzLlNlYXJjaFRleHQQAhgEIAA,No,,2026-08-09
Burlington,"Superior HVAC Service, Heating & Air Conditioning","5063 N Service Rd #200, Burlington, ON L7L 5H6, Canada",(289) 812-3212,info@superiorhvacservice.ca,https://superiorhvacservice.ca/burlington/?utm_source=gmb&utm_medium=organic&utm_campaign=gmb,https://lh3.googleusercontent.com/place-photos/AG9NLjDbxSn08k0gRvGtMYf8A8N11ag9dVwr16FgvdJCQsFQbfRJGetTlufGalYSNg4xIFZJe5ic5Be9fYIfLx5PzYBiG2PzOT0D8kZ1aE2DVzeVDq0wERycEQLK7jZQ4-aJtcyh23O0WV0tMuwNwOEpBRWLcw=s4800-w640,5,70,https://maps.google.com/?cid=2425026425158095698&g_mp=Cidnb29nbGUubWFwcy5wbGFjZXMudjEuUGxhY2VzLlNlYXJjaFRleHQQAhgEIAA,No,,2026-08-09
Guelph,The HVAC Service,"785 Imperial Rd N, Guelph, ON N1K 1X4, Canada",(647) 372-2707,,https://thehvacservice.ca/guelph/,https://lh3.googleusercontent.com/place-photos/AG9NLjDsBP-9fc5OHwEQPXNnFr4ZlCXHuQ-St44gOM8nEORoWJ8V9-_8m8Fu0nWxzITtkCop9xEnlJBKUJAlGYA0t8qNltrzUDvIq4HgjLkNHkS1sbhzmiui96yHDbQSnVmfDubqxieWZJ-jH80P=s4800-w640,5,14,https://maps.google.com/?cid=4256522799446109596&g_mp=Cidnb29nbGUubWFwcy5wbGFjZXMudjEuUGxhY2VzLlNlYXJjaFRleHQQAhgEIAA,No,,2026-09-06
Guelph,"Fireleaf PLUMBING, HVAC, ELECTRICAL","323 Victoria Rd N, Guelph, ON N1E 5J5, Canada",(519) 500-1231,info@fireleaf.ca,https://fireleaf.ca/,https://lh3.googleusercontent.com/place-photos/AG9NLjCU0pxRoFdE-6_lIx7s7ccD56igDSofgjwK7B9QOG-zvxHiG2qY-hiqfj3z_Qn4iAHp947L92Ae4b6ejF5sKXpbMVWO5eLs6mFtQc9CHJqCGptNsHGXjohWTNEihfdBp2sjVViuWK8ILumOs-WkFnpxrg=s4800-w640,5,14,https://maps.google.com/?cid=13203404647621515889&g_mp=Cidnb29nbGUubWFwcy5wbGFjZXMudjEuUGxhY2VzLlNlYXJjaFRleHQQAhgEIAA,No,,2026-09-06
Guelph,Frozen Flame Canada,"26 Munroe Crescent, Guelph, ON N1G 5E5, Canada",(548) 398-4328,sales@frozenflame.ca,https://frozenflame.ca/,https://lh3.googleusercontent.com/place-photos/AG9NLjBJFoPX0MW0pPMTtBwJ4LU0yY66m2uqHZStNF4J6ALdV0YRum9e7y4yScA96oqdefnc44eAsz7OBDqsAMsnbK7_cpCBlFNR7eFIDGOB6BkVGOLAkedvk1ZCQzbUtNc42R9ofjAzW5HmLBqE1Tdc-rISjQ=s4800-w640,5,11,https://maps.google.com/?cid=13289278592929839574&g_mp=Cidnb29nbGUubWFwcy5wbGFjZXMudjEuUGxhY2VzLlNlYXJjaFRleHQQAhgEIAA,No,,2026-09-06
Kingston,Denoco Energy Systems - Kingston,"23 Glenwood Ct, Kingston, ON K7M 7G1, Canada",(613) 777-5475,info@denoco.com,https://denoco.com/,https://lh3.googleusercontent.com/place-photos/AG9NLjDFobDAEcD-x-xPNrChXMvHuOi14rp84_agu4GkHovURRGL8Iuq_2KQt78dHvd1iqPQLFi99TzrygC-NTK7ZzLfCJG_nbaZlfJ_D7kQtr6f1vrM7gfHywwNcK0jtOrJMhYw1HTO01bOIrkIdXcpLZFv=s4800-w640,5,11,https://maps.google.com/?cid=4396765531416649972&g_mp=Cidnb29nbGUubWFwcy5wbGFjZXMudjEuUGxhY2VzLlNlYXJjaFRleHQQAhgEIAA,No,,2026-09-06
Sault Ste. Marie,The Plumbers Inc.,"48 White Oak Dr E, Sault Ste. Marie, ON P6B 4J8, Canada",(705) 574-7586,info@theplumbers.ca,http://www.theplumbers.ca/,https://lh3.googleusercontent.com/place-photos/AG9NLjAVg4ZabSjHAz73mMP7cBdbLxxlOMRmBL4Ny_OIuM1R89PSLH8tVCman6WnO_o3nqC99Q6jN_w0BsCZC4YbDrjxp3NywamfRhuEKSE7iQnflEqYt1FiRvFDqWS-19YJE2AqjZoRSjNY2HokG84=s4800-w640,5,36,https://maps.google.com/?cid=6726345609062315768&g_mp=Cidnb29nbGUubWFwcy5wbGFjZXMudjEuUGxhY2VzLlNlYXJjaFRleHQQAhgEIAA,No,,2026-09-06
Sault Ste. Marie,Plumbers Plus,"483 2nd Ave, Sault Ste. Marie, ON P6C 4N5, Canada",(705) 575-7695,,http://plumbersplus.ca/,https://lh3.googleusercontent.com/place-photos/AG9NLjAijZAZJ5zz8KU7LcnW8ykvXo8mdEKHdtVl2KoR2QRZ7PdFT6TyLXFg0pMTq5kpCI-TkvhLliezhrx3A5NdLdsyLjftuQaqAKWmcEx5g946kQAZzgDS2ZzPQER-VbqIIKcm7oB4DoLkZYxYPw=s4800-w640,5,18,https://maps.google.com/?cid=4805624065246429435&g_mp=Cidnb29nbGUubWFwcy5wbGFjZXMudjEuUGxhY2VzLlNlYXJjaFRleHQQAhgEIAA,No,,2026-09-06
Timmins,Prestige Plumbing Services,"45 Acres Crescent, Timmins, ON P4N 4R5, Canada",(705) 288-3770,,http://facebook.com/ppstimminsontario,https://lh3.googleusercontent.com/place-photos/AG9NLjANzJJNZU2Fq7ZZc3HkSGQ7wuZUgLEWBBKK6j9qJsIy_Ang2puJvYpZIIqU_LyVq2nJPL1VFRoN38Ol9FYrbYi9cQGfQoAo0yumW1b9V5IjCiQiJOxFQKOk4eUgeqj_VBXSrrtAn_XSk6Ef0g=s4800-w640,5,18,https://maps.google.com/?cid=9449732403431304813&g_mp=Cidnb29nbGUubWFwcy5wbGFjZXMudjEuUGxhY2VzLlNlYXJjaFRleHQQAhgEIAA,Yes,,2026-09-06
