business,email,city,service,ranking_url,badge_page,rating,reviews
SureTek Electric & Technologies Ltd.,info@suretek.ca,Calgary,Home Battery,https://homepowerrebate.com/installers/ab/calgary/battery/,https://homepowerrebate.com/installers/badge/,5.0,378
Solar YYC,info@solaryyc.ca,Calgary,Home Battery,https://homepowerrebate.com/installers/ab/calgary/battery/,https://homepowerrebate.com/installers/badge/,4.9,529
SkyFire Energy Inc,marketing@skyfireenergy.com,Calgary,Home Battery,https://homepowerrebate.com/installers/ab/calgary/battery/,https://homepowerrebate.com/installers/badge/,4.9,269
EVOLVsolar,info@evlutioncharge.com,Calgary,Home Battery,https://homepowerrebate.com/installers/ab/calgary/battery/,https://homepowerrebate.com/installers/badge/,4.9,205
Solar Club,sunshine@solarclub.ca,Calgary,Home Battery,https://homepowerrebate.com/installers/ab/calgary/battery/,https://homepowerrebate.com/installers/badge/,4.9,121
LightCo Solar Systems,jeff@lightcosolar.com,Edmonton,Home Battery,https://homepowerrebate.com/installers/ab/edmonton/battery/,https://homepowerrebate.com/installers/badge/,5.0,107
Boreal Energy Solutions,jordan@myboreal.com,Edmonton,Home Battery,https://homepowerrebate.com/installers/ab/edmonton/battery/,https://homepowerrebate.com/installers/badge/,5.0,55
SkyFire Energy Inc,marketing@skyfireenergy.com,Edmonton,Home Battery,https://homepowerrebate.com/installers/ab/edmonton/battery/,https://homepowerrebate.com/installers/badge/,4.9,129
InfernoEnergy,info@inferno.ca,Edmonton,Home Battery,https://homepowerrebate.com/installers/ab/edmonton/battery/,https://homepowerrebate.com/installers/badge/,5.0,25
CBI Solar,sales@cbisolar.com,Red Deer,Home Battery,https://homepowerrebate.com/installers/ab/red-deer/battery/,https://homepowerrebate.com/installers/badge/,5.0,128
Spark Electrical Services LTD.,info@sparkelectricalservices.ca,Red Deer,Home Battery,https://homepowerrebate.com/installers/ab/red-deer/battery/,https://homepowerrebate.com/installers/badge/,5.0,116
Bryant's Electrical Ltd.,codybryant@bryantselectrical.com,Red Deer,Home Battery,https://homepowerrebate.com/installers/ab/red-deer/battery/,https://homepowerrebate.com/installers/badge/,4.9,113
Innovative Design Electric,innovativedesignelectric@gmail.com,Red Deer,Home Battery,https://homepowerrebate.com/installers/ab/red-deer/battery/,https://homepowerrebate.com/installers/badge/,5.0,36
Innovative Solar Inc,info@innovativesolar.ca,Red Deer,Home Battery,https://homepowerrebate.com/installers/ab/red-deer/battery/,https://homepowerrebate.com/installers/badge/,5.0,17
Triple A Electric Ltd,inquiries@tripleaelectric.com,Red Deer,Home Battery,https://homepowerrebate.com/installers/ab/red-deer/battery/,https://homepowerrebate.com/installers/badge/,4.8,25
Postma Group,info@postmaelectric.ca,Red Deer,Home Battery,https://homepowerrebate.com/installers/ab/red-deer/battery/,https://homepowerrebate.com/installers/badge/,4.7,55
Energy Smart Canada Ltd.,hello@energysmartcanada.com,Lethbridge,Home Battery,https://homepowerrebate.com/installers/ab/lethbridge/battery/,https://homepowerrebate.com/installers/badge/,5.0,148
Lumin Electric,info@luminelectric.ca,Lethbridge,Home Battery,https://homepowerrebate.com/installers/ab/lethbridge/battery/,https://homepowerrebate.com/installers/badge/,4.9,140
Firefly Solar,info@fireflysolar.ca,Lethbridge,Home Battery,https://homepowerrebate.com/installers/ab/lethbridge/battery/,https://homepowerrebate.com/installers/badge/,4.8,504
Electrician Allpros Lethbridge,info@electricianlethbridge.com,Lethbridge,Home Battery,https://homepowerrebate.com/installers/ab/lethbridge/battery/,https://homepowerrebate.com/installers/badge/,4.8,86
Lethbridge Electric,cass@lethbridgeelectric.ca,Lethbridge,Home Battery,https://homepowerrebate.com/installers/ab/lethbridge/battery/,https://homepowerrebate.com/installers/badge/,4.8,67
Drader Electric,kevindraderelect@gmail.com,Lethbridge,Home Battery,https://homepowerrebate.com/installers/ab/lethbridge/battery/,https://homepowerrebate.com/installers/badge/,4.9,27
Electrical Solutions Inc,info@esileth.ca,Lethbridge,Home Battery,https://homepowerrebate.com/installers/ab/lethbridge/battery/,https://homepowerrebate.com/installers/badge/,4.6,42
D-Com Energy Solutions,info@d-com.ca,Lethbridge,Home Battery,https://homepowerrebate.com/installers/ab/lethbridge/battery/,https://homepowerrebate.com/installers/badge/,4.5,11
Canadian Energy Lethbridge,mont@cdnrg.com,Lethbridge,Home Battery,https://homepowerrebate.com/installers/ab/lethbridge/battery/,https://homepowerrebate.com/installers/badge/,4.5,67
Proline Electric,reception@prolineelectric.ca,St. Albert,Home Battery,https://homepowerrebate.com/installers/ab/st-albert/battery/,https://homepowerrebate.com/installers/badge/,5.0,149
MMi Electrical Services Inc.,dave@mmielectrical.com,St. Albert,Home Battery,https://homepowerrebate.com/installers/ab/st-albert/battery/,https://homepowerrebate.com/installers/badge/,4.9,116
Demelco Electric,incoming@demelco.com,St. Albert,Home Battery,https://homepowerrebate.com/installers/ab/st-albert/battery/,https://homepowerrebate.com/installers/badge/,5.0,39
Complete Power Solutions Ltd.,admin@cpsab.ca,St. Albert,Home Battery,https://homepowerrebate.com/installers/ab/st-albert/battery/,https://homepowerrebate.com/installers/badge/,4.5,17
Fraser Electric LTD,fraserelectricymm@gmail.com,Fort McMurray,Home Battery,https://homepowerrebate.com/installers/ab/fort-mcmurray/battery/,https://homepowerrebate.com/installers/badge/,5.0,382
Volt Electrician Fort McMurray,info@fortmcmurrayelectrician.com,Fort McMurray,Home Battery,https://homepowerrebate.com/installers/ab/fort-mcmurray/battery/,https://homepowerrebate.com/installers/badge/,4.8,44
Crescent Electric,fortmcmurrayelectrician@gmail.com,Fort McMurray,Home Battery,https://homepowerrebate.com/installers/ab/fort-mcmurray/battery/,https://homepowerrebate.com/installers/badge/,4.6,49
Calgary Air Heating and Cooling Ltd,info@calgaryair.ca,Calgary,Heat Pump,https://homepowerrebate.com/installers/ab/calgary/heat-pump/,https://homepowerrebate.com/installers/badge/,5.0,979
AJ Furnace and Air Conditioning,info@ajfurnace.ca,Calgary,Heat Pump,https://homepowerrebate.com/installers/ab/calgary/heat-pump/,https://homepowerrebate.com/installers/badge/,5.0,668
Alpine Furnace & AC,info@kwiktyres.com,Calgary,Heat Pump,https://homepowerrebate.com/installers/ab/calgary/heat-pump/,https://homepowerrebate.com/installers/badge/,5.0,315
Airology Heating and Air Conditioning,info@airology.ca,Calgary,Heat Pump,https://homepowerrebate.com/installers/ab/calgary/heat-pump/,https://homepowerrebate.com/installers/badge/,5.0,158
Harmony Heating & Air Conditioning,leads@harmonyheating.ca,Calgary,Heat Pump,https://homepowerrebate.com/installers/ab/calgary/heat-pump/,https://homepowerrebate.com/installers/badge/,4.9,1170
Expert Hvac Solutions Ltd,info@experthvac.ca,Calgary,Heat Pump,https://homepowerrebate.com/installers/ab/calgary/heat-pump/,https://homepowerrebate.com/installers/badge/,4.9,982
Comfort Union,service@comfortunion.com,Calgary,Heat Pump,https://homepowerrebate.com/installers/ab/calgary/heat-pump/,https://homepowerrebate.com/installers/badge/,4.9,249
Calgary Heating Services,info@calgaryheatingservices.ca,Calgary,Heat Pump,https://homepowerrebate.com/installers/ab/calgary/heat-pump/,https://homepowerrebate.com/installers/badge/,4.9,226
Home Tech Comfort Service,info@home-tech.ca,Calgary,Heat Pump,https://homepowerrebate.com/installers/ab/calgary/heat-pump/,https://homepowerrebate.com/installers/badge/,5.0,49
Trust Home Comfort,info@trusthomecomfort.com,Edmonton,Heat Pump,https://homepowerrebate.com/installers/ab/edmonton/heat-pump/,https://homepowerrebate.com/installers/badge/,5.0,808
Hermes Plumbing & Heating Service Ltd,service@hermesplumbing.ca,Edmonton,Heat Pump,https://homepowerrebate.com/installers/ab/edmonton/heat-pump/,https://homepowerrebate.com/installers/badge/,5.0,236
K & R Plumbing and Heating,kandrplumbingandheating@outlook.com,Edmonton,Heat Pump,https://homepowerrebate.com/installers/ab/edmonton/heat-pump/,https://homepowerrebate.com/installers/badge/,5.0,215
Edmonton Furnace Repair,jesse@edmontonfurnace.repair,Edmonton,Heat Pump,https://homepowerrebate.com/installers/ab/edmonton/heat-pump/,https://homepowerrebate.com/installers/badge/,5.0,94
Friesen's Climate Control,info@friesens.ca,Edmonton,Heat Pump,https://homepowerrebate.com/installers/ab/edmonton/heat-pump/,https://homepowerrebate.com/installers/badge/,4.9,1092
Jetco Mechanical Plumbing & Heating,service@jetcomechanical.com,Edmonton,Heat Pump,https://homepowerrebate.com/installers/ab/edmonton/heat-pump/,https://homepowerrebate.com/installers/badge/,4.9,235
Weather On Demand Inc,sudheeryo2@gmail.com,Edmonton,Heat Pump,https://homepowerrebate.com/installers/ab/edmonton/heat-pump/,https://homepowerrebate.com/installers/badge/,4.9,154
Ty The Tank Guy & Services,tythetankguy@gmail.com,Red Deer,Heat Pump,https://homepowerrebate.com/installers/ab/red-deer/heat-pump/,https://homepowerrebate.com/installers/badge/,5.0,106
Action Furnace Inc,enquiries@actionfurnace.ca,Red Deer,Heat Pump,https://homepowerrebate.com/installers/ab/red-deer/heat-pump/,https://homepowerrebate.com/installers/badge/,4.9,821
Express Plumbing & Heating Inc,info@expressplumbingandheating.ca,Red Deer,Heat Pump,https://homepowerrebate.com/installers/ab/red-deer/heat-pump/,https://homepowerrebate.com/installers/badge/,4.9,775
Stannard HVAC Services Ltd.,admin@stannardhvac.ca,Red Deer,Heat Pump,https://homepowerrebate.com/installers/ab/red-deer/heat-pump/,https://homepowerrebate.com/installers/badge/,4.9,133
Solutions Plumbing & Gasfitting Red Deer,solutions_plumbing@hotmail.com,Red Deer,Heat Pump,https://homepowerrebate.com/installers/ab/red-deer/heat-pump/,https://homepowerrebate.com/installers/badge/,4.9,100
Fondas Plumbing & Heating,service@fondasplumbing.com,Red Deer,Heat Pump,https://homepowerrebate.com/installers/ab/red-deer/heat-pump/,https://homepowerrebate.com/installers/badge/,4.9,97
Bruin’s Plumbing & Heating Ltd.,info@bruinsplumbing.com,Red Deer,Heat Pump,https://homepowerrebate.com/installers/ab/red-deer/heat-pump/,https://homepowerrebate.com/installers/badge/,4.8,902
Airtech Heating & Air Conditioning Ltd.,info@airtechgroup.ca,Lethbridge,Heat Pump,https://homepowerrebate.com/installers/ab/lethbridge/heat-pump/,https://homepowerrebate.com/installers/badge/,4.9,185
Bridge Air Systems Heating & Air Conditioning,office@bridgeair.ca,Lethbridge,Heat Pump,https://homepowerrebate.com/installers/ab/lethbridge/heat-pump/,https://homepowerrebate.com/installers/badge/,4.9,86
HVAC Doctor - Lethbridge,info@hvacdoctor.ca,Lethbridge,Heat Pump,https://homepowerrebate.com/installers/ab/lethbridge/heat-pump/,https://homepowerrebate.com/installers/badge/,4.9,77
Charlton & Hill Home Services,service@charltonandhill.com,Lethbridge,Heat Pump,https://homepowerrebate.com/installers/ab/lethbridge/heat-pump/,https://homepowerrebate.com/installers/badge/,4.8,983
Empire Air Ltd,l.e.heating@outlook.com,Lethbridge,Heat Pump,https://homepowerrebate.com/installers/ab/lethbridge/heat-pump/,https://homepowerrebate.com/installers/badge/,5.0,32
Expert Plumbing Lethbridge,info@plumberlethbridge.ca,Lethbridge,Heat Pump,https://homepowerrebate.com/installers/ab/lethbridge/heat-pump/,https://homepowerrebate.com/installers/badge/,4.8,124
Whisper Heating and Cooling,info@whisperheating.com,Lethbridge,Heat Pump,https://homepowerrebate.com/installers/ab/lethbridge/heat-pump/,https://homepowerrebate.com/installers/badge/,4.8,52
True North Heating and Cooling Inc.,carmal@truenorthheatingandcooling.ca,St. Albert,Heat Pump,https://homepowerrebate.com/installers/ab/st-albert/heat-pump/,https://homepowerrebate.com/installers/badge/,5.0,180
A1 Heating & One Hour Plumbing,info@a1heating.ca,St. Albert,Heat Pump,https://homepowerrebate.com/installers/ab/st-albert/heat-pump/,https://homepowerrebate.com/installers/badge/,4.9,1633
ADG Kaban Sewer & Drain Ltd.,troykaban@shaw.ca,St. Albert,Heat Pump,https://homepowerrebate.com/installers/ab/st-albert/heat-pump/,https://homepowerrebate.com/installers/badge/,5.0,52
Chambers Plumbing & Heating Ltd,info@chambersplumbingandheating.ca,St. Albert,Heat Pump,https://homepowerrebate.com/installers/ab/st-albert/heat-pump/,https://homepowerrebate.com/installers/badge/,4.9,102
Top Install Plumbing and Heating Ltd,adrian@topinstall.ca,St. Albert,Heat Pump,https://homepowerrebate.com/installers/ab/st-albert/heat-pump/,https://homepowerrebate.com/installers/badge/,4.9,44
Paramax Mechanical,paramaxmechanical@gmail.com,St. Albert,Heat Pump,https://homepowerrebate.com/installers/ab/st-albert/heat-pump/,https://homepowerrebate.com/installers/badge/,5.0,15
Fort Mac HVAC,anthony@fortmachvac.ca,Fort McMurray,Heat Pump,https://homepowerrebate.com/installers/ab/fort-mcmurray/heat-pump/,https://homepowerrebate.com/installers/badge/,4.9,74
APH Plumbing & Heating,info@aphc.ca,Fort McMurray,Heat Pump,https://homepowerrebate.com/installers/ab/fort-mcmurray/heat-pump/,https://homepowerrebate.com/installers/badge/,4.8,41
Expert Plumbing Fort Mcmurray,info@plumberfortmcmurray.com,Fort McMurray,Heat Pump,https://homepowerrebate.com/installers/ab/fort-mcmurray/heat-pump/,https://homepowerrebate.com/installers/badge/,4.7,117
Upstream Plumbing & Heating Ltd,marc@upstreamph.ca,Fort McMurray,Heat Pump,https://homepowerrebate.com/installers/ab/fort-mcmurray/heat-pump/,https://homepowerrebate.com/installers/badge/,4.6,73
Extreme Heat Mechanical Ltd.,extremeheat@live.ca,Fort McMurray,Heat Pump,https://homepowerrebate.com/installers/ab/fort-mcmurray/heat-pump/,https://homepowerrebate.com/installers/badge/,4.7,11
Northern Plumbing & Heating Ltd.,press@google.com,Fort McMurray,Heat Pump,https://homepowerrebate.com/installers/ab/fort-mcmurray/heat-pump/,https://homepowerrebate.com/installers/badge/,4.3,134
YYC Heating & Cooling Pros,team@latofonts.com,Calgary,Heat Pump,https://homepowerrebate.com/installers/ab/calgary/heat-pump/,https://homepowerrebate.com/installers/badge/,5.0,108
Seer Heating and Refrigeration Inc.,office@seerheating.com,Red Deer,Heat Pump,https://homepowerrebate.com/installers/ab/red-deer/heat-pump/,https://homepowerrebate.com/installers/badge/,5.0,21
Central Alberta HVACR,centralalbertahvacr@outlook.com,Red Deer,Heat Pump,https://homepowerrebate.com/installers/ab/red-deer/heat-pump/,https://homepowerrebate.com/installers/badge/,5.0,13
Piper the Plumber,service@pipertheplumber.com,Red Deer,Heat Pump,https://homepowerrebate.com/installers/ab/red-deer/heat-pump/,https://homepowerrebate.com/installers/badge/,5.0,12
Attic Rain Specialists | Attic Insulation Calgary,hello@atticrain.com,Calgary,Insulation,https://homepowerrebate.com/installers/ab/calgary/insulation/,https://homepowerrebate.com/installers/badge/,4.8,174
Wescan Spray Systems Inc,construction@wescanspray.ca,Calgary,Insulation,https://homepowerrebate.com/installers/ab/calgary/insulation/,https://homepowerrebate.com/installers/badge/,4.9,43
AZTEC SPRAY FOAM INSULATION & ATTIC BLOWN-IN,aztecspraysystems@gmail.com,Calgary,Insulation,https://homepowerrebate.com/installers/ab/calgary/insulation/,https://homepowerrebate.com/installers/badge/,4.9,32
SealPro Foam Inc.,sealprofoam@gmail.com,Calgary,Insulation,https://homepowerrebate.com/installers/ab/calgary/insulation/,https://homepowerrebate.com/installers/badge/,5.0,15
NorthernShield Insulation,contact@nsinsulation.ca,Calgary,Insulation,https://homepowerrebate.com/installers/ab/calgary/insulation/,https://homepowerrebate.com/installers/badge/,5.0,14
Attic Pros Insulation & Ventilation Services,info@theatticpro.ca,Calgary,Insulation,https://homepowerrebate.com/installers/ab/calgary/insulation/,https://homepowerrebate.com/installers/badge/,4.6,67
Expert Insulation Contracting Ltd,admin@expertinsulation.ca,Edmonton,Insulation,https://homepowerrebate.com/installers/ab/edmonton/insulation/,https://homepowerrebate.com/installers/badge/,4.9,546
Thermo Solutions Insulation,info@thermosi.ca,Edmonton,Insulation,https://homepowerrebate.com/installers/ab/edmonton/insulation/,https://homepowerrebate.com/installers/badge/,5.0,67
Classic Spray Foam Inc.,info@classicsprayfoam.ca,Edmonton,Insulation,https://homepowerrebate.com/installers/ab/edmonton/insulation/,https://homepowerrebate.com/installers/badge/,5.0,34
Aires Spray Foam & Attic Insulation,fredy@aires.ca,Edmonton,Insulation,https://homepowerrebate.com/installers/ab/edmonton/insulation/,https://homepowerrebate.com/installers/badge/,4.9,39
PREMIUM SPRAY FOAM INSULATION EDMONTON,info@premiumsprayinsulation.com,Edmonton,Insulation,https://homepowerrebate.com/installers/ab/edmonton/insulation/,https://homepowerrebate.com/installers/badge/,5.0,22
Details Insulation,office@details-insulation.com,Edmonton,Insulation,https://homepowerrebate.com/installers/ab/edmonton/insulation/,https://homepowerrebate.com/installers/badge/,4.8,85
Energy Savers Insulation,info@theenergysavers.ca,Edmonton,Insulation,https://homepowerrebate.com/installers/ab/edmonton/insulation/,https://homepowerrebate.com/installers/badge/,4.8,78
Green Ladder Contractors Ltd,david@greenladder.ca,Red Deer,Insulation,https://homepowerrebate.com/installers/ab/red-deer/insulation/,https://homepowerrebate.com/installers/badge/,5.0,19
Strong Insulation Inc,stronginsulation@hotmail.com,Red Deer,Insulation,https://homepowerrebate.com/installers/ab/red-deer/insulation/,https://homepowerrebate.com/installers/badge/,4.8,52
Tech Spray Inc,techsprayinc@gmail.com,Red Deer,Insulation,https://homepowerrebate.com/installers/ab/red-deer/insulation/,https://homepowerrebate.com/installers/badge/,4.8,13
Connelly Industrial Insulation Services Ltd.,info@connellyinsulation.com,Red Deer,Insulation,https://homepowerrebate.com/installers/ab/red-deer/insulation/,https://homepowerrebate.com/installers/badge/,4.4,15
Evalence Renewables,inquiries@evalence.ca,Calgary,Solar,https://homepowerrebate.com/installers/ab/calgary/solar/,https://homepowerrebate.com/installers/badge/,5.0,96
Solar YYC,info@solaryyc.ca,Calgary,Solar,https://homepowerrebate.com/installers/ab/calgary/solar/,https://homepowerrebate.com/installers/badge/,4.9,529
SkyFire Energy Inc,marketing@skyfireenergy.com,Calgary,Solar,https://homepowerrebate.com/installers/ab/calgary/solar/,https://homepowerrebate.com/installers/badge/,4.9,269
EVOLVsolar,info@evlutioncharge.com,Calgary,Solar,https://homepowerrebate.com/installers/ab/calgary/solar/,https://homepowerrebate.com/installers/badge/,4.9,205
Simply Renewable.,info@simplyrenewable.ca,Calgary,Solar,https://homepowerrebate.com/installers/ab/calgary/solar/,https://homepowerrebate.com/installers/badge/,5.0,61
Solar Club,sunshine@solarclub.ca,Calgary,Solar,https://homepowerrebate.com/installers/ab/calgary/solar/,https://homepowerrebate.com/installers/badge/,4.9,121
Zeno Renewables - Calgary,info@livezeno.com,Calgary,Solar,https://homepowerrebate.com/installers/ab/calgary/solar/,https://homepowerrebate.com/installers/badge/,4.8,498
LightCo Solar Systems,jeff@lightcosolar.com,Edmonton,Solar,https://homepowerrebate.com/installers/ab/edmonton/solar/,https://homepowerrebate.com/installers/badge/,5.0,107
VA Electric Contracting & Maintenance,admin@vaedm.com,Edmonton,Solar,https://homepowerrebate.com/installers/ab/edmonton/solar/,https://homepowerrebate.com/installers/badge/,5.0,105
Evalence Renewables,inquiries@evalence.ca,Edmonton,Solar,https://homepowerrebate.com/installers/ab/edmonton/solar/,https://homepowerrebate.com/installers/badge/,5.0,65
Boreal Energy Solutions,605a7baede844d278b89dc95ae0a9123@sentry-next.wixpress.com,Edmonton,Solar,https://homepowerrebate.com/installers/ab/edmonton/solar/,https://homepowerrebate.com/installers/badge/,5.0,55
SkyFire Energy Inc,marketing@skyfireenergy.com,Edmonton,Solar,https://homepowerrebate.com/installers/ab/edmonton/solar/,https://homepowerrebate.com/installers/badge/,4.9,129
InfernoEnergy,info@inferno.ca,Edmonton,Solar,https://homepowerrebate.com/installers/ab/edmonton/solar/,https://homepowerrebate.com/installers/badge/,5.0,25
CBI Solar,sales@cbisolar.com,Red Deer,Solar,https://homepowerrebate.com/installers/ab/red-deer/solar/,https://homepowerrebate.com/installers/badge/,5.0,128
Innovative Solar Inc,info@innovativesolar.ca,Red Deer,Solar,https://homepowerrebate.com/installers/ab/red-deer/solar/,https://homepowerrebate.com/installers/badge/,5.0,17
Canadian Energy Red Deer,mont@cdnrg.com,Red Deer,Solar,https://homepowerrebate.com/installers/ab/red-deer/solar/,https://homepowerrebate.com/installers/badge/,4.4,28
Energy Smart Canada Ltd.,hello@energysmartcanada.com,Lethbridge,Solar,https://homepowerrebate.com/installers/ab/lethbridge/solar/,https://homepowerrebate.com/installers/badge/,5.0,148
Firefly Solar,info@fireflysolar.ca,Lethbridge,Solar,https://homepowerrebate.com/installers/ab/lethbridge/solar/,https://homepowerrebate.com/installers/badge/,4.8,504
Lethbridge Electric,cass@lethbridgeelectric.ca,Lethbridge,Solar,https://homepowerrebate.com/installers/ab/lethbridge/solar/,https://homepowerrebate.com/installers/badge/,4.8,67
Drader Electric,kevindraderelect@gmail.com,Lethbridge,Solar,https://homepowerrebate.com/installers/ab/lethbridge/solar/,https://homepowerrebate.com/installers/badge/,4.9,27
Zeno Renewables - Lethbridge,info@livezeno.com,Lethbridge,Solar,https://homepowerrebate.com/installers/ab/lethbridge/solar/,https://homepowerrebate.com/installers/badge/,4.7,26
D-Com Energy Solutions,info@d-com.ca,Lethbridge,Solar,https://homepowerrebate.com/installers/ab/lethbridge/solar/,https://homepowerrebate.com/installers/badge/,4.5,11
Proline Electric,reception@prolineelectric.ca,St. Albert,Solar,https://homepowerrebate.com/installers/ab/st-albert/solar/,https://homepowerrebate.com/installers/badge/,5.0,149
Panason Electric,info@panasonelectric.ca,St. Albert,Solar,https://homepowerrebate.com/installers/ab/st-albert/solar/,https://homepowerrebate.com/installers/badge/,4.9,51
Fraser Electric LTD,fraserelectricymm@gmail.com,Fort McMurray,Solar,https://homepowerrebate.com/installers/ab/fort-mcmurray/solar/,https://homepowerrebate.com/installers/badge/,5.0,382
Volt Electrician Fort McMurray,info@fortmcmurrayelectrician.com,Fort McMurray,Solar,https://homepowerrebate.com/installers/ab/fort-mcmurray/solar/,https://homepowerrebate.com/installers/badge/,4.8,44
Get Energy Corp,customercare@getenergy.ca,Fort McMurray,Solar,https://homepowerrebate.com/installers/ab/fort-mcmurray/solar/,https://homepowerrebate.com/installers/badge/,4.7,214
Crescent Electric,fortmcmurrayelectrician@gmail.com,Fort McMurray,Solar,https://homepowerrebate.com/installers/ab/fort-mcmurray/solar/,https://homepowerrebate.com/installers/badge/,4.6,49
Spark Electrical Services LTD.,info@sparkelectricalservices.ca,Red Deer,Solar,https://homepowerrebate.com/installers/ab/red-deer/solar/,https://homepowerrebate.com/installers/badge/,5.0,110
Triple A Electric Ltd,inquiries@tripleaelectric.com,Red Deer,Solar,https://homepowerrebate.com/installers/ab/red-deer/solar/,https://homepowerrebate.com/installers/badge/,4.8,25
Triton Electric,info@triton-electric.ca,Abbotsford,Home Battery,https://homepowerrebate.com/installers/bc/abbotsford/battery/,https://homepowerrebate.com/installers/badge/,5.0,104
Premium Electric,info@www.premium-electric.ca,Abbotsford,Home Battery,https://homepowerrebate.com/installers/bc/abbotsford/battery/,https://homepowerrebate.com/installers/badge/,4.9,475
ERM Electric Ltd.,info@ermelectric.ca,Burnaby,Home Battery,https://homepowerrebate.com/installers/bc/burnaby/battery/,https://homepowerrebate.com/installers/badge/,5.0,133
Pacific Total Electric Ltd,info@pteco.ca,Burnaby,Home Battery,https://homepowerrebate.com/installers/bc/burnaby/battery/,https://homepowerrebate.com/installers/badge/,4.9,162
Ready Solar Inc,info@readysolar.ca,Burnaby,Home Battery,https://homepowerrebate.com/installers/bc/burnaby/battery/,https://homepowerrebate.com/installers/badge/,4.9,154
Burnaby Electric Ltd.,info@burnabyelectric.ca,Burnaby,Home Battery,https://homepowerrebate.com/installers/bc/burnaby/battery/,https://homepowerrebate.com/installers/badge/,5.0,52
Global Energy Electric Ltd.,energyelectric2011@hotmail.com,Burnaby,Home Battery,https://homepowerrebate.com/installers/bc/burnaby/battery/,https://homepowerrebate.com/installers/badge/,4.9,50
"Amor Energy Corporation(Office)-EV Charger | Solar System | Battery System, Vancouver",info@amorenergy.ca,Burnaby,Home Battery,https://homepowerrebate.com/installers/bc/burnaby/battery/,https://homepowerrebate.com/installers/badge/,4.8,54
Huntley Electrical,kevin@huntleyltd.com,Chilliwack,Home Battery,https://homepowerrebate.com/installers/bc/chilliwack/battery/,https://homepowerrebate.com/installers/badge/,5.0,174
Taurus Electric - Chilliwack Electrician,tauruselectricltd@gmail.com,Chilliwack,Home Battery,https://homepowerrebate.com/installers/bc/chilliwack/battery/,https://homepowerrebate.com/installers/badge/,5.0,100
Logicworx Electric Ltd,logicworxelectric@gmail.com,Chilliwack,Home Battery,https://homepowerrebate.com/installers/bc/chilliwack/battery/,https://homepowerrebate.com/installers/badge/,5.0,66
JNA Electric,jnaelectric@gmail.com,Chilliwack,Home Battery,https://homepowerrebate.com/installers/bc/chilliwack/battery/,https://homepowerrebate.com/installers/badge/,5.0,43
E3 Solar,info@e3solar.ca,Chilliwack,Home Battery,https://homepowerrebate.com/installers/bc/chilliwack/battery/,https://homepowerrebate.com/installers/badge/,5.0,24
Chilliwack Electrician Experts,info@electricianchilliwack.com,Chilliwack,Home Battery,https://homepowerrebate.com/installers/bc/chilliwack/battery/,https://homepowerrebate.com/installers/badge/,4.8,70
Chilliwack Electrical Services,chilliwackelectric@gmail.com,Chilliwack,Home Battery,https://homepowerrebate.com/installers/bc/chilliwack/battery/,https://homepowerrebate.com/installers/badge/,4.8,66
Promontory Electric Inc,contact@promontoryelectric.com,Chilliwack,Home Battery,https://homepowerrebate.com/installers/bc/chilliwack/battery/,https://homepowerrebate.com/installers/badge/,5.0,19
BNR Electric ltd,brad@bnr-electric.com,Chilliwack,Home Battery,https://homepowerrebate.com/installers/bc/chilliwack/battery/,https://homepowerrebate.com/installers/badge/,4.8,44
Olson Electric Ltd.,sales@olsonelectric.ca,Chilliwack,Home Battery,https://homepowerrebate.com/installers/bc/chilliwack/battery/,https://homepowerrebate.com/installers/badge/,5.0,10
Meta Electric Service,info@metaelectric.ca,Coquitlam,Home Battery,https://homepowerrebate.com/installers/bc/coquitlam/battery/,https://homepowerrebate.com/installers/badge/,5.0,122
Sole Electric Ltd.,mike@soleelectric.ca,Coquitlam,Home Battery,https://homepowerrebate.com/installers/bc/coquitlam/battery/,https://homepowerrebate.com/installers/badge/,5.0,90
Intel Power Electric Ltd.,info@intelpower.ca,Coquitlam,Home Battery,https://homepowerrebate.com/installers/bc/coquitlam/battery/,https://homepowerrebate.com/installers/badge/,4.9,217
Albers Electric,ca.electrical77@gmail.com,Coquitlam,Home Battery,https://homepowerrebate.com/installers/bc/coquitlam/battery/,https://homepowerrebate.com/installers/badge/,5.0,41
StefWest Electrical Systems Ltd. - Coquitlam,info@stefwestelectrical.ca,Coquitlam,Home Battery,https://homepowerrebate.com/installers/bc/coquitlam/battery/,https://homepowerrebate.com/installers/badge/,5.0,38
Sputnik Electrical Services Inc.,info@sputnikelectrical.ca,Coquitlam,Home Battery,https://homepowerrebate.com/installers/bc/coquitlam/battery/,https://homepowerrebate.com/installers/badge/,5.0,30
TJ Electric. Electrician Coquitlam,tj.electricalcontracting@gmail.com,Coquitlam,Home Battery,https://homepowerrebate.com/installers/bc/coquitlam/battery/,https://homepowerrebate.com/installers/badge/,5.0,29
Tesla Electrical Services LTD,info@tslelectric.ca,Coquitlam,Home Battery,https://homepowerrebate.com/installers/bc/coquitlam/battery/,https://homepowerrebate.com/installers/badge/,5.0,23
Newco Solar Solutions,info@newcosolarsolutions.ca,Coquitlam,Home Battery,https://homepowerrebate.com/installers/bc/coquitlam/battery/,https://homepowerrebate.com/installers/badge/,4.8,69
FSJ Quality Electric Ltd,office@qualityelectricltd.ca,Fort St. John,Home Battery,https://homepowerrebate.com/installers/bc/fort-st-john/battery/,https://homepowerrebate.com/installers/badge/,5.0,55
Saundersons Electric Ltd,saundersonselectric@gmail.com,Fort St. John,Home Battery,https://homepowerrebate.com/installers/bc/fort-st-john/battery/,https://homepowerrebate.com/installers/badge/,4.4,13
Apex Electrical Contracting Inc.,jonas@apexkamloops.com,Kamloops,Home Battery,https://homepowerrebate.com/installers/bc/kamloops/battery/,https://homepowerrebate.com/installers/badge/,5.0,83
Beacon Electric,beaconelectric2019@gmail.com,Kamloops,Home Battery,https://homepowerrebate.com/installers/bc/kamloops/battery/,https://homepowerrebate.com/installers/badge/,5.0,56
Riverside Energy Systems,info@riversideenergy.ca,Kamloops,Home Battery,https://homepowerrebate.com/installers/bc/kamloops/battery/,https://homepowerrebate.com/installers/badge/,4.9,150
Rooham Electric,brandon@roohamelectric.ca,Kamloops,Home Battery,https://homepowerrebate.com/installers/bc/kamloops/battery/,https://homepowerrebate.com/installers/badge/,5.0,50
Renegade Electric,renegadekamloops@gmail.com,Kamloops,Home Battery,https://homepowerrebate.com/installers/bc/kamloops/battery/,https://homepowerrebate.com/installers/badge/,4.9,50
Greenfoot Energy Solutions,info@greenfootenergy.ca,Kamloops,Home Battery,https://homepowerrebate.com/installers/bc/kamloops/battery/,https://homepowerrebate.com/installers/badge/,4.8,169
Howell Electric Ltd,info@howellelectric.ca,Kamloops,Home Battery,https://homepowerrebate.com/installers/bc/kamloops/battery/,https://homepowerrebate.com/installers/badge/,4.8,78
Bright Solutions Electrical,brightsolutionselectrical1@gmail.com,Kamloops,Home Battery,https://homepowerrebate.com/installers/bc/kamloops/battery/,https://homepowerrebate.com/installers/badge/,5.0,13
Current Solutions Electrical LTD,currentsolutionselectricalltd@gmail.com,Kamloops,Home Battery,https://homepowerrebate.com/installers/bc/kamloops/battery/,https://homepowerrebate.com/installers/badge/,5.0,12
NextGen Electrical Services Ltd.,info@nextgenelectrical.ca,Kamloops,Home Battery,https://homepowerrebate.com/installers/bc/kamloops/battery/,https://homepowerrebate.com/installers/badge/,4.7,98
Kamloops Electrician Pros,info@electriciankamloops.ca,Kamloops,Home Battery,https://homepowerrebate.com/installers/bc/kamloops/battery/,https://homepowerrebate.com/installers/badge/,4.7,46
Funk Electrical Ltd,info.funkelectrical@gmail.com,Kamloops,Home Battery,https://homepowerrebate.com/installers/bc/kamloops/battery/,https://homepowerrebate.com/installers/badge/,4.7,29
SkyFire Energy Inc,marketing@skyfireenergy.com,Kelowna,Home Battery,https://homepowerrebate.com/installers/bc/kelowna/battery/,https://homepowerrebate.com/installers/badge/,5.0,83
Solar Centre,sales@solarcentre.ca,Kelowna,Home Battery,https://homepowerrebate.com/installers/bc/kelowna/battery/,https://homepowerrebate.com/installers/badge/,5.0,54
Onyx Electric Ltd.,office@onyxelectricltd.com,Kelowna,Home Battery,https://homepowerrebate.com/installers/bc/kelowna/battery/,https://homepowerrebate.com/installers/badge/,5.0,51
Solos Energy,info@solosenergy.ca,Kelowna,Home Battery,https://homepowerrebate.com/installers/bc/kelowna/battery/,https://homepowerrebate.com/installers/badge/,4.9,109
Integrated Solar Solutions,info@integratedsolarsolutionsbc.com,Kelowna,Home Battery,https://homepowerrebate.com/installers/bc/kelowna/battery/,https://homepowerrebate.com/installers/badge/,5.0,41
Okanagan Solar,info@oksolar.ca,Kelowna,Home Battery,https://homepowerrebate.com/installers/bc/kelowna/battery/,https://homepowerrebate.com/installers/badge/,4.8,76
CDN SOLAR - Canadian Solar Wholesale,info@cdnsolar.ca,Kelowna,Home Battery,https://homepowerrebate.com/installers/bc/kelowna/battery/,https://homepowerrebate.com/installers/badge/,4.8,52
Future West Solar,contact@futurewestsolar.com,Kelowna,Home Battery,https://homepowerrebate.com/installers/bc/kelowna/battery/,https://homepowerrebate.com/installers/badge/,4.7,57
VanCan Electric Ltd.,majid@vancanelectric.com,Langley,Home Battery,https://homepowerrebate.com/installers/bc/langley/battery/,https://homepowerrebate.com/installers/badge/,4.9,203
Miller-Tech Electric (Generators),parts@mtgen.ca,Langley,Home Battery,https://homepowerrebate.com/installers/bc/langley/battery/,https://homepowerrebate.com/installers/badge/,5.0,20
Canadian Energy Vancouver,mont@cdnrg.com,Langley,Home Battery,https://homepowerrebate.com/installers/bc/langley/battery/,https://homepowerrebate.com/installers/badge/,4.7,29
604-GO-SOLAR Inc.,admin@604gosolar.com,Langley,Home Battery,https://homepowerrebate.com/installers/bc/langley/battery/,https://homepowerrebate.com/installers/badge/,4.7,29
Influx Electric,info@influxelectric.ca,Maple Ridge,Home Battery,https://homepowerrebate.com/installers/bc/maple-ridge/battery/,https://homepowerrebate.com/installers/badge/,5.0,267
Higherwire Electric ltd.,higherwireelectric@gmail.com,Maple Ridge,Home Battery,https://homepowerrebate.com/installers/bc/maple-ridge/battery/,https://homepowerrebate.com/installers/badge/,5.0,47
DS CLAYTON ELECTRIC LTD.,info@dsclaytonelectric.ca,Maple Ridge,Home Battery,https://homepowerrebate.com/installers/bc/maple-ridge/battery/,https://homepowerrebate.com/installers/badge/,5.0,41
"Elpro Electric - Electrician, Electrical Service Upgrade, Complete Home Electrical Services",info@elproelectric.ca,Maple Ridge,Home Battery,https://homepowerrebate.com/installers/bc/maple-ridge/battery/,https://homepowerrebate.com/installers/badge/,4.9,70
Mata Electric Ltd,info@mataelectric.ca,Maple Ridge,Home Battery,https://homepowerrebate.com/installers/bc/maple-ridge/battery/,https://homepowerrebate.com/installers/badge/,5.0,27
Expert Electric,info@expertelectric.ca,Maple Ridge,Home Battery,https://homepowerrebate.com/installers/bc/maple-ridge/battery/,https://homepowerrebate.com/installers/badge/,4.8,68
Island Electric Company,islandelectriccompany@gmail.com,Nanaimo,Home Battery,https://homepowerrebate.com/installers/bc/nanaimo/battery/,https://homepowerrebate.com/installers/badge/,5.0,101
Mazzei Electric,info@mazzeielectric.com,Nanaimo,Home Battery,https://homepowerrebate.com/installers/bc/nanaimo/battery/,https://homepowerrebate.com/installers/badge/,4.7,72
Walls Electrical,info@wallselectrical.ca,Nanaimo,Home Battery,https://homepowerrebate.com/installers/bc/nanaimo/battery/,https://homepowerrebate.com/installers/badge/,4.8,18
Much Electrical Inc.,info@muchelectric.com,Nanaimo,Home Battery,https://homepowerrebate.com/installers/bc/nanaimo/battery/,https://homepowerrebate.com/installers/badge/,4.8,13
Goldco Electric,zane@goldcoelectric.com,Penticton,Home Battery,https://homepowerrebate.com/installers/bc/penticton/battery/,https://homepowerrebate.com/installers/badge/,5.0,71
Next Phase Electric Ltd.,info@nextphaseelectric.ca,Penticton,Home Battery,https://homepowerrebate.com/installers/bc/penticton/battery/,https://homepowerrebate.com/installers/badge/,5.0,50
Endeavour Electric Penticton TSBC LIC #LEL0211159,endrelectric22@gmail.com,Penticton,Home Battery,https://homepowerrebate.com/installers/bc/penticton/battery/,https://homepowerrebate.com/installers/badge/,5.0,29
Loewen Electrical,loewenelectrical@gmail.com,Penticton,Home Battery,https://homepowerrebate.com/installers/bc/penticton/battery/,https://homepowerrebate.com/installers/badge/,5.0,19
Betts Electric & Security Ltd,info@bettselectric.com,Penticton,Home Battery,https://homepowerrebate.com/installers/bc/penticton/battery/,https://homepowerrebate.com/installers/badge/,4.8,62
Dettling Electric Ltd,info@dettlingelectric.com,Penticton,Home Battery,https://homepowerrebate.com/installers/bc/penticton/battery/,https://homepowerrebate.com/installers/badge/,4.9,25
AC Motor Electric Ltd.,matt@acmotorelectric.com,Penticton,Home Battery,https://homepowerrebate.com/installers/bc/penticton/battery/,https://homepowerrebate.com/installers/badge/,4.5,46
Primal Electric,office@primalelectric.ca,Penticton,Home Battery,https://homepowerrebate.com/installers/bc/penticton/battery/,https://homepowerrebate.com/installers/badge/,4.4,23
Aurora Electric Inc.,info@auroraelec.ca,Penticton,Home Battery,https://homepowerrebate.com/installers/bc/penticton/battery/,https://homepowerrebate.com/installers/badge/,4.2,10
Remedy Electric Ltd.,office@remedy-electric.ca,Prince George,Home Battery,https://homepowerrebate.com/installers/bc/prince-george/battery/,https://homepowerrebate.com/installers/badge/,5.0,41
ESL Group - Electrical Solutions Ltd.,projects@eslgroup.ca,Prince George,Home Battery,https://homepowerrebate.com/installers/bc/prince-george/battery/,https://homepowerrebate.com/installers/badge/,4.9,71
Volta Electrical Contractor,admin@voltacontracting.com,Prince George,Home Battery,https://homepowerrebate.com/installers/bc/prince-george/battery/,https://homepowerrebate.com/installers/badge/,5.0,23
Armoured Electrical & Fire Safety Ltd.,admin@armouredelectrical.ca,Prince George,Home Battery,https://homepowerrebate.com/installers/bc/prince-george/battery/,https://homepowerrebate.com/installers/badge/,4.9,36
Lally Electric Ltd.,info@lallyelectric.com,Prince George,Home Battery,https://homepowerrebate.com/installers/bc/prince-george/battery/,https://homepowerrebate.com/installers/badge/,5.0,19
Primus Electric,info@primuselectric.ca,Prince George,Home Battery,https://homepowerrebate.com/installers/bc/prince-george/battery/,https://homepowerrebate.com/installers/badge/,4.8,29
Bater Electric Ltd.,info@baterelectric.com,Prince George,Home Battery,https://homepowerrebate.com/installers/bc/prince-george/battery/,https://homepowerrebate.com/installers/badge/,4.8,29
Electrician Experts Prince George,jonathanwa63@gmail.com,Prince George,Home Battery,https://homepowerrebate.com/installers/bc/prince-george/battery/,https://homepowerrebate.com/installers/badge/,4.8,18
Houle Electric Prince George,hello@houle.ca,Prince George,Home Battery,https://homepowerrebate.com/installers/bc/prince-george/battery/,https://homepowerrebate.com/installers/badge/,4.7,26
Northern Electric,example@gmail.com,Prince George,Home Battery,https://homepowerrebate.com/installers/bc/prince-george/battery/,https://homepowerrebate.com/installers/badge/,4.6,34
Polaron Energy,info@polaronsolar.com,Richmond,Home Battery,https://homepowerrebate.com/installers/bc/richmond/battery/,https://homepowerrebate.com/installers/badge/,4.5,87
Grand Wall Electric,matt@grandwallelectric.ca,Squamish,Home Battery,https://homepowerrebate.com/installers/bc/squamish/battery/,https://homepowerrebate.com/installers/badge/,5.0,149
Cress Electric,matt@cresselectric.ca,Squamish,Home Battery,https://homepowerrebate.com/installers/bc/squamish/battery/,https://homepowerrebate.com/installers/badge/,5.0,21
S2S ELECTRIC LTD,admin@s2selec.com,Squamish,Home Battery,https://homepowerrebate.com/installers/bc/squamish/battery/,https://homepowerrebate.com/installers/badge/,5.0,19
Alta Lake Electric Ltd,info@altalakeelectric.com,Squamish,Home Battery,https://homepowerrebate.com/installers/bc/squamish/battery/,https://homepowerrebate.com/installers/badge/,4.8,38
Prowire Electric Ltd,info@prowiregroup.com,Squamish,Home Battery,https://homepowerrebate.com/installers/bc/squamish/battery/,https://homepowerrebate.com/installers/badge/,5.0,14
True Value Energy Ltd.,info@truevalueenergy.ca,Surrey,Home Battery,https://homepowerrebate.com/installers/bc/surrey/battery/,https://homepowerrebate.com/installers/badge/,5.0,32
Suntech Solar Solutions Inc,info@suntechsolarsolutions.ca,Surrey,Home Battery,https://homepowerrebate.com/installers/bc/surrey/battery/,https://homepowerrebate.com/installers/badge/,4.9,49
Elevation Energy inc,jason.chifan@gmail.com,Surrey,Home Battery,https://homepowerrebate.com/installers/bc/surrey/battery/,https://homepowerrebate.com/installers/badge/,5.0,22
Greenfoot Energy Solutions,info@greenfootenergy.ca,Surrey,Home Battery,https://homepowerrebate.com/installers/bc/surrey/battery/,https://homepowerrebate.com/installers/badge/,4.4,74
TDR Electric Inc.,info@tdrelectric.ca,Vancouver,Home Battery,https://homepowerrebate.com/installers/bc/vancouver/battery/,https://homepowerrebate.com/installers/badge/,4.9,322
MJR Electric BC,sales@mjrelectric.ca,Vancouver,Home Battery,https://homepowerrebate.com/installers/bc/vancouver/battery/,https://homepowerrebate.com/installers/badge/,4.9,136
REE Solar Ltd,info@reesolar.ca,Vancouver,Home Battery,https://homepowerrebate.com/installers/bc/vancouver/battery/,https://homepowerrebate.com/installers/badge/,4.9,45
Pure Solar Contracting,info@puresolar.ca,Vancouver,Home Battery,https://homepowerrebate.com/installers/bc/vancouver/battery/,https://homepowerrebate.com/installers/badge/,5.0,17
Rainforest Electrical and Solar,leroux@rainforestelectrical.ca,Vancouver,Home Battery,https://homepowerrebate.com/installers/bc/vancouver/battery/,https://homepowerrebate.com/installers/badge/,5.0,17
Radiance Energy,info@radiance.energy,Vancouver,Home Battery,https://homepowerrebate.com/installers/bc/vancouver/battery/,https://homepowerrebate.com/installers/badge/,4.7,19
"Vernon Air Conditioning, Plumbing & Electrical Services",info@vernonairconditioning.com,Vernon,Home Battery,https://homepowerrebate.com/installers/bc/vernon/battery/,https://homepowerrebate.com/installers/badge/,5.0,791
Energy Economics Solar,ilovesolar@energyeconomics.ca,Vernon,Home Battery,https://homepowerrebate.com/installers/bc/vernon/battery/,https://homepowerrebate.com/installers/badge/,5.0,95
Roost Solar,gosolar@roostsolar.com,Vernon,Home Battery,https://homepowerrebate.com/installers/bc/vernon/battery/,https://homepowerrebate.com/installers/badge/,5.0,72
Sunward Solar,info@sunwardsolar.ca,Vernon,Home Battery,https://homepowerrebate.com/installers/bc/vernon/battery/,https://homepowerrebate.com/installers/badge/,4.8,19
Kal West Electric,barryhesby@kalwestcontractors.com,Vernon,Home Battery,https://homepowerrebate.com/installers/bc/vernon/battery/,https://homepowerrebate.com/installers/badge/,4.8,17
Absolutely Electrical,info@absolutelyelectrical.com,Victoria,Home Battery,https://homepowerrebate.com/installers/bc/victoria/battery/,https://homepowerrebate.com/installers/badge/,4.9,832
Hakai Energy Solutions,sales@hakaienergysolutions.com,Victoria,Home Battery,https://homepowerrebate.com/installers/bc/victoria/battery/,https://homepowerrebate.com/installers/badge/,5.0,82
Oceanvolt Solar & EV,info@oceanvolt.ca,Victoria,Home Battery,https://homepowerrebate.com/installers/bc/victoria/battery/,https://homepowerrebate.com/installers/badge/,5.0,62
Yonder Light Electric Ltd.,service@yonderlightelectric.com,Victoria,Home Battery,https://homepowerrebate.com/installers/bc/victoria/battery/,https://homepowerrebate.com/installers/badge/,4.9,111
Netzero Solar Victoria,info@netzero-solar.com,Victoria,Home Battery,https://homepowerrebate.com/installers/bc/victoria/battery/,https://homepowerrebate.com/installers/badge/,4.9,60
AE Electric Ltd dba AE HVAC Systems,support@ae-electric.ca,Victoria,Home Battery,https://homepowerrebate.com/installers/bc/victoria/battery/,https://homepowerrebate.com/installers/badge/,5.0,30
Canadian Energy Victoria,mont@cdnrg.com,Victoria,Home Battery,https://homepowerrebate.com/installers/bc/victoria/battery/,https://homepowerrebate.com/installers/badge/,4.9,38
SolarWork,info@solarwork.ca,Victoria,Home Battery,https://homepowerrebate.com/installers/bc/victoria/battery/,https://homepowerrebate.com/installers/badge/,5.0,10
Sky Solar Pro,customersupport@skysolarpro.com,Burbank,Home Battery,https://homepowerrebate.com/installers/ca/burbank/battery/,https://homepowerrebate.com/installers/badge/,5.0,26
LA Solar Solutions,info@lasolarsolution.com,Burbank,Home Battery,https://homepowerrebate.com/installers/ca/burbank/battery/,https://homepowerrebate.com/installers/badge/,4.7,14
American Solar Care,info@americansolarcare.com,Glendale,Home Battery,https://homepowerrebate.com/installers/ca/glendale/battery/,https://homepowerrebate.com/installers/badge/,5.0,32
Solar Optimum Glendale,info@solaroptimum.com,Glendale,Home Battery,https://homepowerrebate.com/installers/ca/glendale/battery/,https://homepowerrebate.com/installers/badge/,4.7,394
Energy Solar,info@energysolarinc.com,Glendale,Home Battery,https://homepowerrebate.com/installers/ca/glendale/battery/,https://homepowerrebate.com/installers/badge/,5.0,10
Electrical Land,info@electricalland.com,Long Beach,Home Battery,https://homepowerrebate.com/installers/ca/long-beach/battery/,https://homepowerrebate.com/installers/badge/,5.0,83
Mario Castillo Electric,sales@mariocastilloelectric.com,Long Beach,Home Battery,https://homepowerrebate.com/installers/ca/long-beach/battery/,https://homepowerrebate.com/installers/badge/,4.9,543
Local Trusted Electricians,info@localtrustedelectricians.com,Long Beach,Home Battery,https://homepowerrebate.com/installers/ca/long-beach/battery/,https://homepowerrebate.com/installers/badge/,4.9,90
Solar Wholesale Group,alan@solarwholesalegroup.com,Long Beach,Home Battery,https://homepowerrebate.com/installers/ca/long-beach/battery/,https://homepowerrebate.com/installers/badge/,4.9,36
So Cal Solar Shine LLC,info@scsolarshine.com,Long Beach,Home Battery,https://homepowerrebate.com/installers/ca/long-beach/battery/,https://homepowerrebate.com/installers/badge/,5.0,11
Aum Energy Group,info@aumenergygroup.com,Long Beach,Home Battery,https://homepowerrebate.com/installers/ca/long-beach/battery/,https://homepowerrebate.com/installers/badge/,4.8,16
"Powerfull Solar, Inc",info@powerfullsolarinc.com,Los Angeles,Home Battery,https://homepowerrebate.com/installers/ca/los-angeles/battery/,https://homepowerrebate.com/installers/badge/,5.0,106
Energy Time Solar,sales@energytimesolar.com,Los Angeles,Home Battery,https://homepowerrebate.com/installers/ca/los-angeles/battery/,https://homepowerrebate.com/installers/badge/,4.9,57
Next Step Solar,contact@nextstepsolar.com,Los Angeles,Home Battery,https://homepowerrebate.com/installers/ca/los-angeles/battery/,https://homepowerrebate.com/installers/badge/,5.0,27
Sensa Solar USA,info@sensasolarusa.com,Los Angeles,Home Battery,https://homepowerrebate.com/installers/ca/los-angeles/battery/,https://homepowerrebate.com/installers/badge/,5.0,17
OC Solar,salessupport@ocsolar.com,Los Angeles,Home Battery,https://homepowerrebate.com/installers/ca/los-angeles/battery/,https://homepowerrebate.com/installers/badge/,5.0,14
Haven Energy,support@havenenergy.com,Los Angeles,Home Battery,https://homepowerrebate.com/installers/ca/los-angeles/battery/,https://homepowerrebate.com/installers/badge/,4.7,197
CSE SOLAR USA LLC,info@csesolarusa.com,Los Angeles,Home Battery,https://homepowerrebate.com/installers/ca/los-angeles/battery/,https://homepowerrebate.com/installers/badge/,4.8,19
Altadena Energy & Solar,hello@altadenasolar.com,Pasadena,Home Battery,https://homepowerrebate.com/installers/ca/pasadena/battery/,https://homepowerrebate.com/installers/badge/,5.0,42
Electricians Service Team,info@electriciansserviceteam.com,Santa Monica,Home Battery,https://homepowerrebate.com/installers/ca/santa-monica/battery/,https://homepowerrebate.com/installers/badge/,5.0,72
Blue Moon Electrical,info@bluemoonelectrical.com,Santa Monica,Home Battery,https://homepowerrebate.com/installers/ca/santa-monica/battery/,https://homepowerrebate.com/installers/badge/,5.0,64
Helios Energy Global,info@heliosenergyglobal.com,Santa Monica,Home Battery,https://homepowerrebate.com/installers/ca/santa-monica/battery/,https://homepowerrebate.com/installers/badge/,4.9,203
Electrical Land,info@electricalland.com,Santa Monica,Home Battery,https://homepowerrebate.com/installers/ca/santa-monica/battery/,https://homepowerrebate.com/installers/badge/,4.9,47
Sunko Solar,gosolar@sunkosolar.com,Santa Monica,Home Battery,https://homepowerrebate.com/installers/ca/santa-monica/battery/,https://homepowerrebate.com/installers/badge/,4.8,19
Solar.com,hello@electrum.co,Santa Monica,Home Battery,https://homepowerrebate.com/installers/ca/santa-monica/battery/,https://homepowerrebate.com/installers/badge/,4.6,267
Besty Solar Inc.,info@bestysolar.com,Fremont,Home Battery,https://homepowerrebate.com/installers/ca/fremont/battery/,https://homepowerrebate.com/installers/badge/,5.0,72
EnergyAid,info@energyaid.net,Fremont,Home Battery,https://homepowerrebate.com/installers/ca/fremont/battery/,https://homepowerrebate.com/installers/badge/,4.8,883
Simply Solar,simplysolar@marketing.cukerinteractive.com,Fremont,Home Battery,https://homepowerrebate.com/installers/ca/fremont/battery/,https://homepowerrebate.com/installers/badge/,4.4,20
"Enphase Energy, Inc.",support_emea@enphase.com,Fremont,Home Battery,https://homepowerrebate.com/installers/ca/fremont/battery/,https://homepowerrebate.com/installers/badge/,4.1,305
Max Electric,info@maxelectric.us,San Francisco,Home Battery,https://homepowerrebate.com/installers/ca/san-francisco/battery/,https://homepowerrebate.com/installers/badge/,4.9,645
All Bay Solar Construction,info@allbaysolar.com,San Francisco,Home Battery,https://homepowerrebate.com/installers/ca/san-francisco/battery/,https://homepowerrebate.com/installers/badge/,4.9,85
Potrero Energy,sales@potreroenergy.com,San Francisco,Home Battery,https://homepowerrebate.com/installers/ca/san-francisco/battery/,https://homepowerrebate.com/installers/badge/,5.0,19
Luminalt Solar,info@luminalt.com,San Francisco,Home Battery,https://homepowerrebate.com/installers/ca/san-francisco/battery/,https://homepowerrebate.com/installers/badge/,4.7,26
Trulysun Energy,david@trulysun.com,San Francisco,Home Battery,https://homepowerrebate.com/installers/ca/san-francisco/battery/,https://homepowerrebate.com/installers/badge/,4.4,20
Aurora Solar Inc.,support@aurorasolar.com,San Francisco,Home Battery,https://homepowerrebate.com/installers/ca/san-francisco/battery/,https://homepowerrebate.com/installers/badge/,4.3,136
Highlight Solar,sales@highlightsolar.com,San Jose,Home Battery,https://homepowerrebate.com/installers/ca/san-jose/battery/,https://homepowerrebate.com/installers/badge/,4.8,60
Green Leaf Solar & Electric,info@greenleafsolarelectric.com,San Jose,Home Battery,https://homepowerrebate.com/installers/ca/san-jose/battery/,https://homepowerrebate.com/installers/badge/,4.8,16
"Home Networks, Electric & Solar, Inc. (CA)",information@homenes.com,San Jose,Home Battery,https://homepowerrebate.com/installers/ca/san-jose/battery/,https://homepowerrebate.com/installers/badge/,4.3,15
Voltech Electrical Services,sparky480.sa@gmail.com,Moreno Valley,Home Battery,https://homepowerrebate.com/installers/ca/moreno-valley/battery/,https://homepowerrebate.com/installers/badge/,5.0,25
Beverson Electric,beversonelectric@gmail.com,Moreno Valley,Home Battery,https://homepowerrebate.com/installers/ca/moreno-valley/battery/,https://homepowerrebate.com/installers/badge/,5.0,13
RIV Solar,info@rivsolar.com,Riverside,Home Battery,https://homepowerrebate.com/installers/ca/riverside/battery/,https://homepowerrebate.com/installers/badge/,4.9,98
Homeland Electric Inc,service@homelandelectricinc.com,Riverside,Home Battery,https://homepowerrebate.com/installers/ca/riverside/battery/,https://homepowerrebate.com/installers/badge/,4.8,78
Optimum Solar Power Inc,info@optimumsolarpower.com,Riverside,Home Battery,https://homepowerrebate.com/installers/ca/riverside/battery/,https://homepowerrebate.com/installers/badge/,5.0,11
Univercity Solar,info@univercitysolar.com,Riverside,Home Battery,https://homepowerrebate.com/installers/ca/riverside/battery/,https://homepowerrebate.com/installers/badge/,4.7,23
Elbac Solar,info@elbacsolar.com,Riverside,Home Battery,https://homepowerrebate.com/installers/ca/riverside/battery/,https://homepowerrebate.com/installers/badge/,4.3,49
EnergyAid,info@energyaid.net,San Bernardino,Home Battery,https://homepowerrebate.com/installers/ca/san-bernardino/battery/,https://homepowerrebate.com/installers/badge/,4.8,571
Frost Electric power,k.frost@frostelectricpower.com,San Bernardino,Home Battery,https://homepowerrebate.com/installers/ca/san-bernardino/battery/,https://homepowerrebate.com/installers/badge/,5.0,10
Sunvert Solar LLC,support@duck.com,San Bernardino,Home Battery,https://homepowerrebate.com/installers/ca/san-bernardino/battery/,https://homepowerrebate.com/installers/badge/,4.7,13
SunVantage Solar,brandon@sunvantagesolar.com,Escondido,Home Battery,https://homepowerrebate.com/installers/ca/escondido/battery/,https://homepowerrebate.com/installers/badge/,5.0,75
Electrical Insight,info@nipperelectric.com,Escondido,Home Battery,https://homepowerrebate.com/installers/ca/escondido/battery/,https://homepowerrebate.com/installers/badge/,4.9,237
Option One Solar,info@optiononesolar.com,Escondido,Home Battery,https://homepowerrebate.com/installers/ca/escondido/battery/,https://homepowerrebate.com/installers/badge/,5.0,44
"Solar Symphony Construction, Inc.",ops@solarsymphony.com,Escondido,Home Battery,https://homepowerrebate.com/installers/ca/escondido/battery/,https://homepowerrebate.com/installers/badge/,4.7,223
180 Solar Power,info@180solarpower.com,Escondido,Home Battery,https://homepowerrebate.com/installers/ca/escondido/battery/,https://homepowerrebate.com/installers/badge/,4.8,21
Soltech Electric,info@soltechelectric.com,San Diego,Home Battery,https://homepowerrebate.com/installers/ca/san-diego/battery/,https://homepowerrebate.com/installers/badge/,5.0,136
Incentive Solar,info@incentivesolar.com,San Diego,Home Battery,https://homepowerrebate.com/installers/ca/san-diego/battery/,https://homepowerrebate.com/installers/badge/,5.0,42
Johnson Electric Solar,sales@johnsonelectricsolar.com,San Diego,Home Battery,https://homepowerrebate.com/installers/ca/san-diego/battery/,https://homepowerrebate.com/installers/badge/,5.0,32
Sattler Solar Inc.,info@sattlersolar.com,San Diego,Home Battery,https://homepowerrebate.com/installers/ca/san-diego/battery/,https://homepowerrebate.com/installers/badge/,5.0,30
EnergyAid,info@energyaid.net,San Diego,Home Battery,https://homepowerrebate.com/installers/ca/san-diego/battery/,https://homepowerrebate.com/installers/badge/,4.7,501
Sunline Energy,inquiries@sunlineenergy.com,San Diego,Home Battery,https://homepowerrebate.com/installers/ca/san-diego/battery/,https://homepowerrebate.com/installers/badge/,4.7,264
Heliogold Solar,stleads@heliogold.com,San Diego,Home Battery,https://homepowerrebate.com/installers/ca/san-diego/battery/,https://homepowerrebate.com/installers/badge/,4.7,87
American Energy Home Pros,general@americanenergyair.com,Folsom,Home Battery,https://homepowerrebate.com/installers/ca/folsom/battery/,https://homepowerrebate.com/installers/badge/,5.0,266
Sun Up Electric Inc.,info@sunupelectric.com,Folsom,Home Battery,https://homepowerrebate.com/installers/ca/folsom/battery/,https://homepowerrebate.com/installers/badge/,5.0,21
Modernize Power,info@modernizepower.com,Folsom,Home Battery,https://homepowerrebate.com/installers/ca/folsom/battery/,https://homepowerrebate.com/installers/badge/,4.8,21
Unicorn Solar Inc.,info@unicorn-sd.com,Folsom,Home Battery,https://homepowerrebate.com/installers/ca/folsom/battery/,https://homepowerrebate.com/installers/badge/,4.9,13
Lux Dei Electric,electric@luxdeielectric.org,Rancho Cordova,Home Battery,https://homepowerrebate.com/installers/ca/rancho-cordova/battery/,https://homepowerrebate.com/installers/badge/,5.0,59
SolarLink Energy Construction,kyle@solarlinkenergy.com,Rancho Cordova,Home Battery,https://homepowerrebate.com/installers/ca/rancho-cordova/battery/,https://homepowerrebate.com/installers/badge/,4.8,42
Capital City Solar,info@capitalcitysolar.com,Roseville,Home Battery,https://homepowerrebate.com/installers/ca/roseville/battery/,https://homepowerrebate.com/installers/badge/,4.9,230
California Renewable Energy,info@care.green,Roseville,Home Battery,https://homepowerrebate.com/installers/ca/roseville/battery/,https://homepowerrebate.com/installers/badge/,4.9,102
Sunnyvale Electric,sunnyvaleelectric@yahoo.com,Roseville,Home Battery,https://homepowerrebate.com/installers/ca/roseville/battery/,https://homepowerrebate.com/installers/badge/,5.0,41
Sunhawk Solar,sales@sunhawk.solar,Roseville,Home Battery,https://homepowerrebate.com/installers/ca/roseville/battery/,https://homepowerrebate.com/installers/badge/,5.0,32
Val-Penn Energy Solutions,contact@val-penn.com,Roseville,Home Battery,https://homepowerrebate.com/installers/ca/roseville/battery/,https://homepowerrebate.com/installers/badge/,5.0,20
Powercore Electric Inc.,cs@powercoreinc.net,Roseville,Home Battery,https://homepowerrebate.com/installers/ca/roseville/battery/,https://homepowerrebate.com/installers/badge/,5.0,10
SunUp Energy,info@sunup-energy.com,Roseville,Home Battery,https://homepowerrebate.com/installers/ca/roseville/battery/,https://homepowerrebate.com/installers/badge/,4.7,14
"Stellar Solar, Inc.",info@solarbystellar.com,Fresno,Home Battery,https://homepowerrebate.com/installers/ca/fresno/battery/,https://homepowerrebate.com/installers/badge/,5.0,80
EnergyAid,info@energyaid.net,Fresno,Home Battery,https://homepowerrebate.com/installers/ca/fresno/battery/,https://homepowerrebate.com/installers/badge/,4.8,592
Nova West Energy,customerservice@novawest.energy,Fresno,Home Battery,https://homepowerrebate.com/installers/ca/fresno/battery/,https://homepowerrebate.com/installers/badge/,4.8,70
Green Energy Services,contactus@geservices.energy,Bakersfield,Home Battery,https://homepowerrebate.com/installers/ca/bakersfield/battery/,https://homepowerrebate.com/installers/badge/,5.0,35
Next Phase Electric,info@nextphaseelect.com,Bakersfield,Home Battery,https://homepowerrebate.com/installers/ca/bakersfield/battery/,https://homepowerrebate.com/installers/badge/,4.8,126
Impact Energy & Solar,info@impactenergy.com,Bakersfield,Home Battery,https://homepowerrebate.com/installers/ca/bakersfield/battery/,https://homepowerrebate.com/installers/badge/,5.0,18
MSI Solar,david@msielectric.net,Bakersfield,Home Battery,https://homepowerrebate.com/installers/ca/bakersfield/battery/,https://homepowerrebate.com/installers/badge/,4.7,28
EnergyAid,info@energyaid.net,Sacramento,Home Battery,https://homepowerrebate.com/installers/ca/sacramento/battery/,https://homepowerrebate.com/installers/badge/,4.8,771
American Home Energy Savers,info@ahescomfort.com,Sacramento,Home Battery,https://homepowerrebate.com/installers/ca/sacramento/battery/,https://homepowerrebate.com/installers/badge/,4.8,546
Ilum Solar,contact@ilumsolar.com,Sacramento,Home Battery,https://homepowerrebate.com/installers/ca/sacramento/battery/,https://homepowerrebate.com/installers/badge/,4.6,58
Purified air heating and Air Conditioning Inc,info@purifiedairinc.com,Burbank,Heat Pump,https://homepowerrebate.com/installers/ca/burbank/heat-pump/,https://homepowerrebate.com/installers/badge/,5.0,99
Green Planet Heating and Air,info@greenplanet-hvac.com,Burbank,Heat Pump,https://homepowerrebate.com/installers/ca/burbank/heat-pump/,https://homepowerrebate.com/installers/badge/,5.0,76
Cal Climate Corp,info@calclimate.com,Burbank,Heat Pump,https://homepowerrebate.com/installers/ca/burbank/heat-pump/,https://homepowerrebate.com/installers/badge/,5.0,50
So Cal Air,hello@socalair.co,Glendale,Heat Pump,https://homepowerrebate.com/installers/ca/glendale/heat-pump/,https://homepowerrebate.com/installers/badge/,5.0,345
Evans Heating & Air,contact@evansheatingcooling.com,Glendale,Heat Pump,https://homepowerrebate.com/installers/ca/glendale/heat-pump/,https://homepowerrebate.com/installers/badge/,5.0,87
Smarter Air Heating & Cooling Service,info@smarterairheatingcoolingservice.com,Glendale,Heat Pump,https://homepowerrebate.com/installers/ca/glendale/heat-pump/,https://homepowerrebate.com/installers/badge/,4.9,139
"Air Flow Hvac, Inc",info@airflowhvacinc.com,Glendale,Heat Pump,https://homepowerrebate.com/installers/ca/glendale/heat-pump/,https://homepowerrebate.com/installers/badge/,5.0,49
Progressive Air inc.,progressiveairservice@gmail.com,Glendale,Heat Pump,https://homepowerrebate.com/installers/ca/glendale/heat-pump/,https://homepowerrebate.com/installers/badge/,5.0,35
Beach Coast Hvac LLC,luis@beachcoasthvac.com,Long Beach,Heat Pump,https://homepowerrebate.com/installers/ca/long-beach/heat-pump/,https://homepowerrebate.com/installers/badge/,5.0,27
Allan Frank Plumbing Heating Cooling,admin@allanfrank.com,Long Beach,Heat Pump,https://homepowerrebate.com/installers/ca/long-beach/heat-pump/,https://homepowerrebate.com/installers/badge/,4.9,24
Long Beach Air Conditioning Contractors,leehebertm68009@gmail.com,Long Beach,Heat Pump,https://homepowerrebate.com/installers/ca/long-beach/heat-pump/,https://homepowerrebate.com/installers/badge/,5.0,14
QSC HVAC Contractor,baileyhgk@gmail.com,Long Beach,Heat Pump,https://homepowerrebate.com/installers/ca/long-beach/heat-pump/,https://homepowerrebate.com/installers/badge/,4.9,15
Long Beach Air Conditioning & Heating Repairs,info@long-beach-hvac.com,Long Beach,Heat Pump,https://homepowerrebate.com/installers/ca/long-beach/heat-pump/,https://homepowerrebate.com/installers/badge/,5.0,10
International HVAC Long Beach,info@internationalhvacla.com,Long Beach,Heat Pump,https://homepowerrebate.com/installers/ca/long-beach/heat-pump/,https://homepowerrebate.com/installers/badge/,4.7,36
LC Heating & Air Conditioning,support@lahvaclc.com,Los Angeles,Heat Pump,https://homepowerrebate.com/installers/ca/los-angeles/heat-pump/,https://homepowerrebate.com/installers/badge/,5.0,239
"Service Champions Plumbing, Heating & AC",maintenance@servicechampions.com,Los Angeles,Heat Pump,https://homepowerrebate.com/installers/ca/los-angeles/heat-pump/,https://homepowerrebate.com/installers/badge/,4.9,684
Precise Air Systems Inc.,info@preciseair.com,Los Angeles,Heat Pump,https://homepowerrebate.com/installers/ca/los-angeles/heat-pump/,https://homepowerrebate.com/installers/badge/,4.9,532
Southwest Heating & Air Conditioning,office@southwesthvac.biz,Los Angeles,Heat Pump,https://homepowerrebate.com/installers/ca/los-angeles/heat-pump/,https://homepowerrebate.com/installers/badge/,4.9,364
Mr Heat and Cooling,info@mr-heatandcooling.com,Los Angeles,Heat Pump,https://homepowerrebate.com/installers/ca/los-angeles/heat-pump/,https://homepowerrebate.com/installers/badge/,5.0,45
Pure AIR LA HVAC contractor,info@pureairla.com,Los Angeles,Heat Pump,https://homepowerrebate.com/installers/ca/los-angeles/heat-pump/,https://homepowerrebate.com/installers/badge/,4.9,85
"JW Plumbing, Heating and Air",info@jwheatingandair.com,Los Angeles,Heat Pump,https://homepowerrebate.com/installers/ca/los-angeles/heat-pump/,https://homepowerrebate.com/installers/badge/,4.8,3032
Universal Heating & Air,universalheatingandair1@gmail.com,Los Angeles,Heat Pump,https://homepowerrebate.com/installers/ca/los-angeles/heat-pump/,https://homepowerrebate.com/installers/badge/,4.8,405
"Purified Air Heating and Air Conditioning, Inc",info@purifiedairinc.com,Pasadena,Heat Pump,https://homepowerrebate.com/installers/ca/pasadena/heat-pump/,https://homepowerrebate.com/installers/badge/,5.0,301
Dr Air Conditioning And Heating,drairconditioningandheating@gmail.com,Pasadena,Heat Pump,https://homepowerrebate.com/installers/ca/pasadena/heat-pump/,https://homepowerrebate.com/installers/badge/,5.0,114
Temp Kings Air,info@tempkingsair.com,Pasadena,Heat Pump,https://homepowerrebate.com/installers/ca/pasadena/heat-pump/,https://homepowerrebate.com/installers/badge/,5.0,114
Pioneers Heating and Air,support@pioneersheatingandair.com,Pasadena,Heat Pump,https://homepowerrebate.com/installers/ca/pasadena/heat-pump/,https://homepowerrebate.com/installers/badge/,4.9,293
LC Heating & Air Conditioning,support@lahvaclc.com,Pasadena,Heat Pump,https://homepowerrebate.com/installers/ca/pasadena/heat-pump/,https://homepowerrebate.com/installers/badge/,5.0,54
Pasadena Quality Heating And Air,info@pasadenaqualityacrepair.com,Pasadena,Heat Pump,https://homepowerrebate.com/installers/ca/pasadena/heat-pump/,https://homepowerrebate.com/installers/badge/,4.9,43
Boost services Heating & Cooling,info@boost-services.com,Pasadena,Heat Pump,https://homepowerrebate.com/installers/ca/pasadena/heat-pump/,https://homepowerrebate.com/installers/badge/,5.0,24
R&C Heating and Cooling Service,contact@rchvacservices.com,Santa Monica,Heat Pump,https://homepowerrebate.com/installers/ca/santa-monica/heat-pump/,https://homepowerrebate.com/installers/badge/,5.0,121
3rdGen Heating & Cooling,team@3rdgen.io,Berkeley,Heat Pump,https://homepowerrebate.com/installers/ca/berkeley/heat-pump/,https://homepowerrebate.com/installers/badge/,5.0,207
Afterglow Heating and Plumbing,service@callafterglow.com,Berkeley,Heat Pump,https://homepowerrebate.com/installers/ca/berkeley/heat-pump/,https://homepowerrebate.com/installers/badge/,5.0,106
Fuse Service,support@fusesmt.com,Berkeley,Heat Pump,https://homepowerrebate.com/installers/ca/berkeley/heat-pump/,https://homepowerrebate.com/installers/badge/,4.9,402
"Aarvaks Heating & Air Conditioning, Inc.",service@aarvaks.com,Berkeley,Heat Pump,https://homepowerrebate.com/installers/ca/berkeley/heat-pump/,https://homepowerrebate.com/installers/badge/,4.9,80
AIS Heating & Air Conditioning,daniel@aisheatingandair.com,Fremont,Heat Pump,https://homepowerrebate.com/installers/ca/fremont/heat-pump/,https://homepowerrebate.com/installers/badge/,4.9,851
Heating And Air Experts,heatingandairexpertsllc@gmail.com,Fremont,Heat Pump,https://homepowerrebate.com/installers/ca/fremont/heat-pump/,https://homepowerrebate.com/installers/badge/,5.0,69
"Giant HVAC, Inc",office@giant-hvac.com,Fremont,Heat Pump,https://homepowerrebate.com/installers/ca/fremont/heat-pump/,https://homepowerrebate.com/installers/badge/,5.0,68
Shaw Plumbing & Heating,info@shawsplumbingservices.com,Fremont,Heat Pump,https://homepowerrebate.com/installers/ca/fremont/heat-pump/,https://homepowerrebate.com/installers/badge/,5.0,51
Chill Heating and Cooling,support@chill-services.com,Fremont,Heat Pump,https://homepowerrebate.com/installers/ca/fremont/heat-pump/,https://homepowerrebate.com/installers/badge/,5.0,42
American HVAC Inc,info@americanhvacinc.com,Fremont,Heat Pump,https://homepowerrebate.com/installers/ca/fremont/heat-pump/,https://homepowerrebate.com/installers/badge/,4.9,86
TOTO Heating And Cooling,sales@totoairinc.com,Fremont,Heat Pump,https://homepowerrebate.com/installers/ca/fremont/heat-pump/,https://homepowerrebate.com/installers/badge/,5.0,29
Sharkaire,info@sharkaire.com,Fremont,Heat Pump,https://homepowerrebate.com/installers/ca/fremont/heat-pump/,https://homepowerrebate.com/installers/badge/,4.7,31
Breathable,hello@breathable.com,Oakland,Heat Pump,https://homepowerrebate.com/installers/ca/oakland/heat-pump/,https://homepowerrebate.com/installers/badge/,4.9,272
Oakland Furnace Heat & Air Conditioning,info@oaklandfurnace.com,Oakland,Heat Pump,https://homepowerrebate.com/installers/ca/oakland/heat-pump/,https://homepowerrebate.com/installers/badge/,4.9,118
E-fficient HVAC,1efficienthvac@gmail.com,Oakland,Heat Pump,https://homepowerrebate.com/installers/ca/oakland/heat-pump/,https://homepowerrebate.com/installers/badge/,5.0,15
Heating And Air Experts,heatingandairexpertsllc@gmail.com,San Francisco,Heat Pump,https://homepowerrebate.com/installers/ca/san-francisco/heat-pump/,https://homepowerrebate.com/installers/badge/,5.0,801
Heise's Plumbing,info@heisesplumbing.com,San Francisco,Heat Pump,https://homepowerrebate.com/installers/ca/san-francisco/heat-pump/,https://homepowerrebate.com/installers/badge/,4.9,1782
"Cabrillo Plumbing, Heating & Air",support@discovercabrillo.com,San Francisco,Heat Pump,https://homepowerrebate.com/installers/ca/san-francisco/heat-pump/,https://homepowerrebate.com/installers/badge/,4.9,1187
Arch Plumbing Inc.,service@archplumbinginc.com,San Francisco,Heat Pump,https://homepowerrebate.com/installers/ca/san-francisco/heat-pump/,https://homepowerrebate.com/installers/badge/,4.9,305
Freon HVAC & Electrical Service - San Francisco,install@freonhvac.com,San Francisco,Heat Pump,https://homepowerrebate.com/installers/ca/san-francisco/heat-pump/,https://homepowerrebate.com/installers/badge/,5.0,41
Air Flow Pros Heating and Air Conditioning,jvs@afpheating.com,San Francisco,Heat Pump,https://homepowerrebate.com/installers/ca/san-francisco/heat-pump/,https://homepowerrebate.com/installers/badge/,4.8,46
Precision Heating & Cooling,info@pheating.com,San Jose,Heat Pump,https://homepowerrebate.com/installers/ca/san-jose/heat-pump/,https://homepowerrebate.com/installers/badge/,5.0,250
Freon Service,install@freonhvac.com,San Jose,Heat Pump,https://homepowerrebate.com/installers/ca/san-jose/heat-pump/,https://homepowerrebate.com/installers/badge/,5.0,235
Golden Comfort AC & Heating Repair,info@goldencomfortairhvac.com,San Jose,Heat Pump,https://homepowerrebate.com/installers/ca/san-jose/heat-pump/,https://homepowerrebate.com/installers/badge/,5.0,109
IRBIS Air Plumbing Electrical,support@irbishvac.com,San Jose,Heat Pump,https://homepowerrebate.com/installers/ca/san-jose/heat-pump/,https://homepowerrebate.com/installers/badge/,4.9,1598
Air Care Heating & Cooling Inc.,info@hvac-aircare.com,San Jose,Heat Pump,https://homepowerrebate.com/installers/ca/san-jose/heat-pump/,https://homepowerrebate.com/installers/badge/,4.9,488
Sandium Heating and Air Conditioning,office@sandium.com,San Jose,Heat Pump,https://homepowerrebate.com/installers/ca/san-jose/heat-pump/,https://homepowerrebate.com/installers/badge/,4.9,328
DG Heating and Air Conditioning,info@dgheatingandair.com,San Jose,Heat Pump,https://homepowerrebate.com/installers/ca/san-jose/heat-pump/,https://homepowerrebate.com/installers/badge/,4.9,175
"Haxx Heating, Air & Electrical",support@haxxservice.com,San Jose,Heat Pump,https://homepowerrebate.com/installers/ca/san-jose/heat-pump/,https://homepowerrebate.com/installers/badge/,4.9,126
It's No Sweat Heat & Air,support@itsnosweat.net,Moreno Valley,Heat Pump,https://homepowerrebate.com/installers/ca/moreno-valley/heat-pump/,https://homepowerrebate.com/installers/badge/,5.0,101
City Wide Air Conditioning Plumbing & Heating - Ac Repair Moreno Valley,service@citywideplumbingheatingair.com,Moreno Valley,Heat Pump,https://homepowerrebate.com/installers/ca/moreno-valley/heat-pump/,https://homepowerrebate.com/installers/badge/,4.9,179
Jays heating and cooling,jaysheatingandcooling1289@gmail.com,Moreno Valley,Heat Pump,https://homepowerrebate.com/installers/ca/moreno-valley/heat-pump/,https://homepowerrebate.com/installers/badge/,5.0,37
Inland Plumbing Heating and Air,inlandplumbingandair@gmail.com,Moreno Valley,Heat Pump,https://homepowerrebate.com/installers/ca/moreno-valley/heat-pump/,https://homepowerrebate.com/installers/badge/,4.9,73
Stewart Heating & Air Conditioning,stewartheating.air@gmail.com,Moreno Valley,Heat Pump,https://homepowerrebate.com/installers/ca/moreno-valley/heat-pump/,https://homepowerrebate.com/installers/badge/,4.9,49
Baron's Air Conditioning,info@baronsair.com,Moreno Valley,Heat Pump,https://homepowerrebate.com/installers/ca/moreno-valley/heat-pump/,https://homepowerrebate.com/installers/badge/,4.9,48
Macawsome Heating & Cooling,info@macawsome.com,Ontario,Heat Pump,https://homepowerrebate.com/installers/ca/ontario/heat-pump/,https://homepowerrebate.com/installers/badge/,4.8,187
"Northstar Plumbing, Heating and Air Conditioning",info@northstarcares.com,Ontario,Heat Pump,https://homepowerrebate.com/installers/ca/ontario/heat-pump/,https://homepowerrebate.com/installers/badge/,4.7,338
Green Comfort,info@thinkgreencomfort.com,Riverside,Heat Pump,https://homepowerrebate.com/installers/ca/riverside/heat-pump/,https://homepowerrebate.com/installers/badge/,5.0,265
Infinity Air Heating and Cooling,ryan.villa@infinityairservices.com,Riverside,Heat Pump,https://homepowerrebate.com/installers/ca/riverside/heat-pump/,https://homepowerrebate.com/installers/badge/,5.0,115
Modern Comfort and Air,info@moderncomfortair.com,Riverside,Heat Pump,https://homepowerrebate.com/installers/ca/riverside/heat-pump/,https://homepowerrebate.com/installers/badge/,5.0,103
Magnolia Heating and Cooling,info@maghvac.com,Riverside,Heat Pump,https://homepowerrebate.com/installers/ca/riverside/heat-pump/,https://homepowerrebate.com/installers/badge/,4.9,1555
Superior Mechanical Heating & Air Inc.,superiormechanical@gmail.com,San Bernardino,Heat Pump,https://homepowerrebate.com/installers/ca/san-bernardino/heat-pump/,https://homepowerrebate.com/installers/badge/,5.0,247
Eazy cool HVAC,cesar@eazycoolhvac.com,San Bernardino,Heat Pump,https://homepowerrebate.com/installers/ca/san-bernardino/heat-pump/,https://homepowerrebate.com/installers/badge/,5.0,18
All Aire Heating & Cooling,allaireofsd@yahoo.com,Chula Vista,Heat Pump,https://homepowerrebate.com/installers/ca/chula-vista/heat-pump/,https://homepowerrebate.com/installers/badge/,5.0,189
Agape Plumbing Service,services@agapeplumbingservice.com,Chula Vista,Heat Pump,https://homepowerrebate.com/installers/ca/chula-vista/heat-pump/,https://homepowerrebate.com/installers/badge/,5.0,123
PROPER HVAC INC,bruner@properhvacsd.com,Chula Vista,Heat Pump,https://homepowerrebate.com/installers/ca/chula-vista/heat-pump/,https://homepowerrebate.com/installers/badge/,5.0,48
California Mechanical HVAC,service@californiamech.com,Chula Vista,Heat Pump,https://homepowerrebate.com/installers/ca/chula-vista/heat-pump/,https://homepowerrebate.com/installers/badge/,4.9,30
Max Air HVAC,info@maxairsocal.com,Escondido,Heat Pump,https://homepowerrebate.com/installers/ca/escondido/heat-pump/,https://homepowerrebate.com/installers/badge/,5.0,151
"Viking Heating & Air - AC Repair, Service & Installation of San Diego",marketing@vikingair.net,Escondido,Heat Pump,https://homepowerrebate.com/installers/ca/escondido/heat-pump/,https://homepowerrebate.com/installers/badge/,5.0,125
Aelott AC. Heating. Plumbing,richard.johnson@aelott.com,Escondido,Heat Pump,https://homepowerrebate.com/installers/ca/escondido/heat-pump/,https://homepowerrebate.com/installers/badge/,4.9,270
Thompson Plumbing Heating and Air Conditioning,contact@thacc.net,Escondido,Heat Pump,https://homepowerrebate.com/installers/ca/escondido/heat-pump/,https://homepowerrebate.com/installers/badge/,4.9,247
"Mauzy Cooling, Heating, Plumbing, and Electrical",info@mauzy.com,Escondido,Heat Pump,https://homepowerrebate.com/installers/ca/escondido/heat-pump/,https://homepowerrebate.com/installers/badge/,4.8,1375
Airist Heating and Air Conditioning,airistops@gmail.com,Escondido,Heat Pump,https://homepowerrebate.com/installers/ca/escondido/heat-pump/,https://homepowerrebate.com/installers/badge/,5.0,33
Global Heating and Air Conditioning,globalheatandair@gmail.com,Escondido,Heat Pump,https://homepowerrebate.com/installers/ca/escondido/heat-pump/,https://homepowerrebate.com/installers/badge/,5.0,21
EZ Breezy Heating & Air,info@ezbreezyac.com,San Diego,Heat Pump,https://homepowerrebate.com/installers/ca/san-diego/heat-pump/,https://homepowerrebate.com/installers/badge/,5.0,584
HVAC San Diego King,support@topcoolingguys.com,San Diego,Heat Pump,https://homepowerrebate.com/installers/ca/san-diego/heat-pump/,https://homepowerrebate.com/installers/badge/,5.0,94
United Plumbing Heating Air & Electric,unitedwestand95@yahoo.com,San Diego,Heat Pump,https://homepowerrebate.com/installers/ca/san-diego/heat-pump/,https://homepowerrebate.com/installers/badge/,4.9,1782
HVAC Experts,info@hvacexpertssd.com,San Diego,Heat Pump,https://homepowerrebate.com/installers/ca/san-diego/heat-pump/,https://homepowerrebate.com/installers/badge/,5.0,78
American Energy Home Pros,general@americanenergyair.com,Folsom,Heat Pump,https://homepowerrebate.com/installers/ca/folsom/heat-pump/,https://homepowerrebate.com/installers/badge/,5.0,266
"Water Heaters Only, Inc",sacramento@waterheatersonly.com,Folsom,Heat Pump,https://homepowerrebate.com/installers/ca/folsom/heat-pump/,https://homepowerrebate.com/installers/badge/,5.0,145
"Atticman Heating and Air Conditioning, Insulation",info@attic-man.com,Folsom,Heat Pump,https://homepowerrebate.com/installers/ca/folsom/heat-pump/,https://homepowerrebate.com/installers/badge/,5.0,98
Next Level Comfort,curtis@nextlevelcomfortca.com,Folsom,Heat Pump,https://homepowerrebate.com/installers/ca/folsom/heat-pump/,https://homepowerrebate.com/installers/badge/,5.0,30
"Bell Brothers Electrical, Plumbing, Heating, & Air",csr@bellbroshvac.com,Folsom,Heat Pump,https://homepowerrebate.com/installers/ca/folsom/heat-pump/,https://homepowerrebate.com/installers/badge/,4.5,36
Fox Family Heating and Air Conditioning,customerservice@foxfamilyhvac.com,Rancho Cordova,Heat Pump,https://homepowerrebate.com/installers/ca/rancho-cordova/heat-pump/,https://homepowerrebate.com/installers/badge/,5.0,3334
Ray O. Cook Heating & Air,service@rayocook.com,Rancho Cordova,Heat Pump,https://homepowerrebate.com/installers/ca/rancho-cordova/heat-pump/,https://homepowerrebate.com/installers/badge/,5.0,415
Water Heater Pros,info@waterheaterpros.com,Rancho Cordova,Heat Pump,https://homepowerrebate.com/installers/ca/rancho-cordova/heat-pump/,https://homepowerrebate.com/installers/badge/,4.9,487
Sierra Valley Mechanical,service@sierravalleymechanical.com,Rancho Cordova,Heat Pump,https://homepowerrebate.com/installers/ca/rancho-cordova/heat-pump/,https://homepowerrebate.com/installers/badge/,4.9,246
"Bell Brothers Electrical, Plumbing, Heating, & Air",csr@bellbroshvac.com,Rancho Cordova,Heat Pump,https://homepowerrebate.com/installers/ca/rancho-cordova/heat-pump/,https://homepowerrebate.com/installers/badge/,4.9,99
Plumbing Care Inc.,plumbingcareinc@gmail.com,Rancho Cordova,Heat Pump,https://homepowerrebate.com/installers/ca/rancho-cordova/heat-pump/,https://homepowerrebate.com/installers/badge/,4.8,423
Dairy Air Heating And Air Conditioning,utterly.hvac@gmail.com,Rancho Cordova,Heat Pump,https://homepowerrebate.com/installers/ca/rancho-cordova/heat-pump/,https://homepowerrebate.com/installers/badge/,5.0,30
Cal-Air Home and Comfort LLC,calairsac@gmail.com,Rancho Cordova,Heat Pump,https://homepowerrebate.com/installers/ca/rancho-cordova/heat-pump/,https://homepowerrebate.com/installers/badge/,5.0,17
Royalty Heating & Air,service@royaltyheatingair.com,Roseville,Heat Pump,https://homepowerrebate.com/installers/ca/roseville/heat-pump/,https://homepowerrebate.com/installers/badge/,5.0,437
T3 Energy Inc.,tyler@t3-energy.com,Roseville,Heat Pump,https://homepowerrebate.com/installers/ca/roseville/heat-pump/,https://homepowerrebate.com/installers/badge/,5.0,175
Vasyl AC Heating & Air,info@vasyl.ac,Roseville,Heat Pump,https://homepowerrebate.com/installers/ca/roseville/heat-pump/,https://homepowerrebate.com/installers/badge/,5.0,139
BELLE AIR SYSTEMS,eric@belleairsystems.com,Roseville,Heat Pump,https://homepowerrebate.com/installers/ca/roseville/heat-pump/,https://homepowerrebate.com/installers/badge/,5.0,124
Aloha Heating & Cooling,debbies1102@gmail.com,Roseville,Heat Pump,https://homepowerrebate.com/installers/ca/roseville/heat-pump/,https://homepowerrebate.com/installers/badge/,5.0,96
"Atticman Heating and Air Conditioning, Insulation",info@attic-man.com,Roseville,Heat Pump,https://homepowerrebate.com/installers/ca/roseville/heat-pump/,https://homepowerrebate.com/installers/badge/,5.0,95
RPM HVAC Service,admin@rpmhvacservice.com,Roseville,Heat Pump,https://homepowerrebate.com/installers/ca/roseville/heat-pump/,https://homepowerrebate.com/installers/badge/,4.9,430
Economy Heating & Air,economyhvac@economyhvacinc.com,Roseville,Heat Pump,https://homepowerrebate.com/installers/ca/roseville/heat-pump/,https://homepowerrebate.com/installers/badge/,4.9,384
Christensen Heating and AC Repair,info@christensenair.com,Roseville,Heat Pump,https://homepowerrebate.com/installers/ca/roseville/heat-pump/,https://homepowerrebate.com/installers/badge/,4.9,270
Levano Pro HVAC Solutions,info@levanohvac.com,Roseville,Heat Pump,https://homepowerrebate.com/installers/ca/roseville/heat-pump/,https://homepowerrebate.com/installers/badge/,5.0,44
Balanced Comfort,info@balancedcomfort.com,Fresno,Heat Pump,https://homepowerrebate.com/installers/ca/fresno/heat-pump/,https://homepowerrebate.com/installers/badge/,4.9,3664
Fresno Heating and Cooling,fresnoheatandcool@gmail.com,Fresno,Heat Pump,https://homepowerrebate.com/installers/ca/fresno/heat-pump/,https://homepowerrebate.com/installers/badge/,4.9,621
Just Air Heating & Cooling,justairfresno@gmail.com,Fresno,Heat Pump,https://homepowerrebate.com/installers/ca/fresno/heat-pump/,https://homepowerrebate.com/installers/badge/,4.9,368
Cosmic Comfort Electrical & HVAC,ben@cosmiccomfort.com,Fresno,Heat Pump,https://homepowerrebate.com/installers/ca/fresno/heat-pump/,https://homepowerrebate.com/installers/badge/,5.0,64
Golden Comfort AC & Heating Repair,info@goldencomfortairhvac.com,Fresno,Heat Pump,https://homepowerrebate.com/installers/ca/fresno/heat-pump/,https://homepowerrebate.com/installers/badge/,4.9,100
"Allbritten Heating, Air Conditioning, Plumbing, and Electrical",csr@allbritten.com,Fresno,Heat Pump,https://homepowerrebate.com/installers/ca/fresno/heat-pump/,https://homepowerrebate.com/installers/badge/,4.8,6082
South Valley AC & Heating LLC,hello@southvalleyac.com,Bakersfield,Heat Pump,https://homepowerrebate.com/installers/ca/bakersfield/heat-pump/,https://homepowerrebate.com/installers/badge/,5.0,595
Xceptional Heating & Air,callxceptional@gmail.com,Bakersfield,Heat Pump,https://homepowerrebate.com/installers/ca/bakersfield/heat-pump/,https://homepowerrebate.com/installers/badge/,5.0,423
Central California Air Inc.,info@centralcaliforniaair.com,Bakersfield,Heat Pump,https://homepowerrebate.com/installers/ca/bakersfield/heat-pump/,https://homepowerrebate.com/installers/badge/,5.0,194
AirMax Heating & Air Conditioning,sales@airmaxacconsulting.com,Bakersfield,Heat Pump,https://homepowerrebate.com/installers/ca/bakersfield/heat-pump/,https://homepowerrebate.com/installers/badge/,4.9,599
Premier AC & Heating Services Inc.,emmanuel@premierac1.com,Bakersfield,Heat Pump,https://homepowerrebate.com/installers/ca/bakersfield/heat-pump/,https://homepowerrebate.com/installers/badge/,5.0,57
Golden Comfort AC & Heating Repair,info@goldencomfortairhvac.com,Bakersfield,Heat Pump,https://homepowerrebate.com/installers/ca/bakersfield/heat-pump/,https://homepowerrebate.com/installers/badge/,4.9,93
American Energy Home Pros,general@americanenergyair.com,Sacramento,Heat Pump,https://homepowerrebate.com/installers/ca/sacramento/heat-pump/,https://homepowerrebate.com/installers/badge/,5.0,529
"Maverick Electric, Heating and Air",service@maverickelectricalservices.com,Sacramento,Heat Pump,https://homepowerrebate.com/installers/ca/sacramento/heat-pump/,https://homepowerrebate.com/installers/badge/,5.0,292
"Ivy Heating and Air, Inc.",ivyheatingandair@gmail.com,Sacramento,Heat Pump,https://homepowerrebate.com/installers/ca/sacramento/heat-pump/,https://homepowerrebate.com/installers/badge/,5.0,124
"Atticman Heating and Air Conditioning, Insulation",info@attic-man.com,Sacramento,Heat Pump,https://homepowerrebate.com/installers/ca/sacramento/heat-pump/,https://homepowerrebate.com/installers/badge/,4.9,3039
Jaguar Heating & Air,jaguarheatingandair@gmail.com,Sacramento,Heat Pump,https://homepowerrebate.com/installers/ca/sacramento/heat-pump/,https://homepowerrebate.com/installers/badge/,4.9,2506
"Clarke & Rush Mechanical - HVAC, Plumbing & Windows",info@clarke-rush.com,Sacramento,Heat Pump,https://homepowerrebate.com/installers/ca/sacramento/heat-pump/,https://homepowerrebate.com/installers/badge/,4.9,1897
Minisplit Experts (Ductless HVAC Specialist),contact@minisplit-experts.com,Sacramento,Heat Pump,https://homepowerrebate.com/installers/ca/sacramento/heat-pump/,https://homepowerrebate.com/installers/badge/,5.0,74
Comfortable HVAC Services,mikev@comfortablehvacservices.com,Sacramento,Heat Pump,https://homepowerrebate.com/installers/ca/sacramento/heat-pump/,https://homepowerrebate.com/installers/badge/,5.0,46
Rhino Air,info@rhinoair.com,Burbank,Heat Pump,https://homepowerrebate.com/installers/ca/burbank/heat-pump/,https://homepowerrebate.com/installers/badge/,5.0,88
West Lake Heating,info@westlakeheatingandhvac.com,Los Angeles,Heat Pump,https://homepowerrebate.com/installers/ca/los-angeles/heat-pump/,https://homepowerrebate.com/installers/badge/,5.0,39
1-888-Heat-Pumps,info@1888heatpumps.com,Berkeley,Heat Pump,https://homepowerrebate.com/installers/ca/berkeley/heat-pump/,https://homepowerrebate.com/installers/badge/,5.0,49
Martinico and Sons - Heating & Air Conditioning/HVAC,info@martinicoandsons.com,San Jose,Heat Pump,https://homepowerrebate.com/installers/ca/san-jose/heat-pump/,https://homepowerrebate.com/installers/badge/,5.0,30
Year Round Heating & Air Conditioning,info@yround.com,Riverside,Heat Pump,https://homepowerrebate.com/installers/ca/riverside/heat-pump/,https://homepowerrebate.com/installers/badge/,5.0,407
A-Class Heating And Air,service@a-classhvac.com,Rancho Cordova,Heat Pump,https://homepowerrebate.com/installers/ca/rancho-cordova/heat-pump/,https://homepowerrebate.com/installers/badge/,5.0,50
Roach Heating And Air Conditioning,roachhvac@gmail.com,Sacramento,Heat Pump,https://homepowerrebate.com/installers/ca/sacramento/heat-pump/,https://homepowerrebate.com/installers/badge/,5.0,53
Attic Projects,office@atticprojects-sd.com,Glendale,Insulation,https://homepowerrebate.com/installers/ca/glendale/insulation/,https://homepowerrebate.com/installers/badge/,5.0,125
Foam Pro Insulation,foamproinsulation@outlook.com,Glendale,Insulation,https://homepowerrebate.com/installers/ca/glendale/insulation/,https://homepowerrebate.com/installers/badge/,5.0,43
"The Attic Insulation Specialists, Inc",theatticspecialist@gmail.com,Los Angeles,Insulation,https://homepowerrebate.com/installers/ca/los-angeles/insulation/,https://homepowerrebate.com/installers/badge/,4.9,141
All State Insulation,info@allstateinsulation.us,Fremont,Insulation,https://homepowerrebate.com/installers/ca/fremont/insulation/,https://homepowerrebate.com/installers/badge/,4.9,34
American Attic,jsantos@tryamericanattic.com,Oakland,Insulation,https://homepowerrebate.com/installers/ca/oakland/insulation/,https://homepowerrebate.com/installers/badge/,5.0,241
Johnson's Insulation,info@johnsonsinsulation.green,Oakland,Insulation,https://homepowerrebate.com/installers/ca/oakland/insulation/,https://homepowerrebate.com/installers/badge/,4.8,44
USA Spray Me Spray Foam Insulation Contractor,sales@usasprayme.com,San Francisco,Insulation,https://homepowerrebate.com/installers/ca/san-francisco/insulation/,https://homepowerrebate.com/installers/badge/,5.0,76
Attic Team,info@atticteam.com,San Jose,Insulation,https://homepowerrebate.com/installers/ca/san-jose/insulation/,https://homepowerrebate.com/installers/badge/,5.0,96
Ideal Attic Insulation,idealatticinsulation@gmail.com,San Jose,Insulation,https://homepowerrebate.com/installers/ca/san-jose/insulation/,https://homepowerrebate.com/installers/badge/,5.0,59
HVAC Gurus,info@insulationgurus.com,San Jose,Insulation,https://homepowerrebate.com/installers/ca/san-jose/insulation/,https://homepowerrebate.com/installers/badge/,4.7,438
My Insulation Guy,jesse@myinsulationguy.com,Riverside,Insulation,https://homepowerrebate.com/installers/ca/riverside/insulation/,https://homepowerrebate.com/installers/badge/,5.0,173
Attic Guard,info@www.atticguardca.com,Escondido,Insulation,https://homepowerrebate.com/installers/ca/escondido/insulation/,https://homepowerrebate.com/installers/badge/,5.0,172
Attic Shield,info@atticshield.com,Escondido,Insulation,https://homepowerrebate.com/installers/ca/escondido/insulation/,https://homepowerrebate.com/installers/badge/,4.8,70
Advanced Insulation System,info@advancedinsulationsystemsd.com,San Diego,Insulation,https://homepowerrebate.com/installers/ca/san-diego/insulation/,https://homepowerrebate.com/installers/badge/,5.0,150
Attic Heroes,office@theatticheroes.com,San Diego,Insulation,https://homepowerrebate.com/installers/ca/san-diego/insulation/,https://homepowerrebate.com/installers/badge/,5.0,119
Attic Projects Company,office@atticprojects-sd.com,San Diego,Insulation,https://homepowerrebate.com/installers/ca/san-diego/insulation/,https://homepowerrebate.com/installers/badge/,4.9,996
Attic Construction,info@atticconstruction.com,San Diego,Insulation,https://homepowerrebate.com/installers/ca/san-diego/insulation/,https://homepowerrebate.com/installers/badge/,4.9,317
"Clear Efficiency HVAC, Insulation, Windows, Solar of Sacramento",admin@clearefficiency.com,Roseville,Insulation,https://homepowerrebate.com/installers/ca/roseville/insulation/,https://homepowerrebate.com/installers/badge/,4.7,52
Engel Insulation Inc,info@engelinsulation.org,Roseville,Insulation,https://homepowerrebate.com/installers/ca/roseville/insulation/,https://homepowerrebate.com/installers/badge/,4.7,18
Pro West Insulation,admin@prowestinsulation.com,Fresno,Insulation,https://homepowerrebate.com/installers/ca/fresno/insulation/,https://homepowerrebate.com/installers/badge/,5.0,16
Vezina Industries - Windows & Insulation,admin@vezinaindustries.com,Fresno,Insulation,https://homepowerrebate.com/installers/ca/fresno/insulation/,https://homepowerrebate.com/installers/badge/,4.8,43
ClimateShield Insulation,climateshield9398@gmail.com,Bakersfield,Insulation,https://homepowerrebate.com/installers/ca/bakersfield/insulation/,https://homepowerrebate.com/installers/badge/,5.0,10
"A.S.I., Inc. Insulation & Abatement",info@asi-inc.net,Bakersfield,Insulation,https://homepowerrebate.com/installers/ca/bakersfield/insulation/,https://homepowerrebate.com/installers/badge/,4.8,12
IDI: Insulation Distributors Inc.,sacorders@idimn.com,Sacramento,Insulation,https://homepowerrebate.com/installers/ca/sacramento/insulation/,https://homepowerrebate.com/installers/badge/,4.5,19
Sky Solar Pro,customersupport@skysolarpro.com,Burbank,Solar,https://homepowerrebate.com/installers/ca/burbank/solar/,https://homepowerrebate.com/installers/badge/,5.0,26
American Solar Care,info@americansolarcare.com,Glendale,Solar,https://homepowerrebate.com/installers/ca/glendale/solar/,https://homepowerrebate.com/installers/badge/,5.0,32
Solar Optimum Glendale,info@solaroptimum.com,Glendale,Solar,https://homepowerrebate.com/installers/ca/glendale/solar/,https://homepowerrebate.com/installers/badge/,4.7,394
Energy Solar,info@energysolarinc.com,Glendale,Solar,https://homepowerrebate.com/installers/ca/glendale/solar/,https://homepowerrebate.com/installers/badge/,5.0,10
Mario Castillo Electric,sales@mariocastilloelectric.com,Long Beach,Solar,https://homepowerrebate.com/installers/ca/long-beach/solar/,https://homepowerrebate.com/installers/badge/,4.9,543
High Voltage Electrical,info@highvoltageelectrical.com,Long Beach,Solar,https://homepowerrebate.com/installers/ca/long-beach/solar/,https://homepowerrebate.com/installers/badge/,5.0,51
Solar Wholesale Group,alan@solarwholesalegroup.com,Long Beach,Solar,https://homepowerrebate.com/installers/ca/long-beach/solar/,https://homepowerrebate.com/installers/badge/,4.9,36
So Cal Solar Shine LLC,info@scsolarshine.com,Long Beach,Solar,https://homepowerrebate.com/installers/ca/long-beach/solar/,https://homepowerrebate.com/installers/badge/,5.0,11
Aum Energy Group,info@aumenergygroup.com,Long Beach,Solar,https://homepowerrebate.com/installers/ca/long-beach/solar/,https://homepowerrebate.com/installers/badge/,4.8,16
"Powerfull Solar, Inc",info@powerfullsolarinc.com,Los Angeles,Solar,https://homepowerrebate.com/installers/ca/los-angeles/solar/,https://homepowerrebate.com/installers/badge/,5.0,106
Energy Time Solar,sales@energytimesolar.com,Los Angeles,Solar,https://homepowerrebate.com/installers/ca/los-angeles/solar/,https://homepowerrebate.com/installers/badge/,4.9,57
Next Step Solar,contact@nextstepsolar.com,Los Angeles,Solar,https://homepowerrebate.com/installers/ca/los-angeles/solar/,https://homepowerrebate.com/installers/badge/,5.0,27
Sensa Solar USA,info@sensasolarusa.com,Los Angeles,Solar,https://homepowerrebate.com/installers/ca/los-angeles/solar/,https://homepowerrebate.com/installers/badge/,5.0,17
OC Solar,salessupport@ocsolar.com,Los Angeles,Solar,https://homepowerrebate.com/installers/ca/los-angeles/solar/,https://homepowerrebate.com/installers/badge/,5.0,14
Haven Energy,support@havenenergy.com,Los Angeles,Solar,https://homepowerrebate.com/installers/ca/los-angeles/solar/,https://homepowerrebate.com/installers/badge/,4.7,197
CSE SOLAR USA LLC,info@csesolarusa.com,Los Angeles,Solar,https://homepowerrebate.com/installers/ca/los-angeles/solar/,https://homepowerrebate.com/installers/badge/,4.8,19
Altadena Energy & Solar,hello@altadenasolar.com,Pasadena,Solar,https://homepowerrebate.com/installers/ca/pasadena/solar/,https://homepowerrebate.com/installers/badge/,5.0,42
Helios Energy Global,info@heliosenergyglobal.com,Santa Monica,Solar,https://homepowerrebate.com/installers/ca/santa-monica/solar/,https://homepowerrebate.com/installers/badge/,4.9,203
Sunko Solar,gosolar@sunkosolar.com,Santa Monica,Solar,https://homepowerrebate.com/installers/ca/santa-monica/solar/,https://homepowerrebate.com/installers/badge/,4.8,19
Inspire Clean Energy,help@inspirecleanenergy.com,Santa Monica,Solar,https://homepowerrebate.com/installers/ca/santa-monica/solar/,https://homepowerrebate.com/installers/badge/,4.1,2155
Fuse Service,support@fusesmt.com,Berkeley,Solar,https://homepowerrebate.com/installers/ca/berkeley/solar/,https://homepowerrebate.com/installers/badge/,4.9,402
Adept Electrical Solutions,info@adeptelectricalsolutions.com,Fremont,Solar,https://homepowerrebate.com/installers/ca/fremont/solar/,https://homepowerrebate.com/installers/badge/,5.0,96
Besty Solar Inc.,info@bestysolar.com,Fremont,Solar,https://homepowerrebate.com/installers/ca/fremont/solar/,https://homepowerrebate.com/installers/badge/,5.0,72
EnergyAid,info@energyaid.net,Fremont,Solar,https://homepowerrebate.com/installers/ca/fremont/solar/,https://homepowerrebate.com/installers/badge/,4.8,883
"Enphase Energy, Inc.",support_emea@enphase.com,Fremont,Solar,https://homepowerrebate.com/installers/ca/fremont/solar/,https://homepowerrebate.com/installers/badge/,4.1,305
Max Electric,info@maxelectric.us,San Francisco,Solar,https://homepowerrebate.com/installers/ca/san-francisco/solar/,https://homepowerrebate.com/installers/badge/,4.9,645
All Bay Solar Construction,info@allbaysolar.com,San Francisco,Solar,https://homepowerrebate.com/installers/ca/san-francisco/solar/,https://homepowerrebate.com/installers/badge/,4.9,85
Potrero Energy,sales@potreroenergy.com,San Francisco,Solar,https://homepowerrebate.com/installers/ca/san-francisco/solar/,https://homepowerrebate.com/installers/badge/,5.0,19
Luminalt Solar,info@luminalt.com,San Francisco,Solar,https://homepowerrebate.com/installers/ca/san-francisco/solar/,https://homepowerrebate.com/installers/badge/,4.7,26
Aurora Solar Inc.,support@aurorasolar.com,San Francisco,Solar,https://homepowerrebate.com/installers/ca/san-francisco/solar/,https://homepowerrebate.com/installers/badge/,4.3,136
Sunlight Concepts | Natural Daylighting and Ventilation System - Solatube Dealer,sales@sunlightconcepts.com,San Jose,Solar,https://homepowerrebate.com/installers/ca/san-jose/solar/,https://homepowerrebate.com/installers/badge/,4.9,266
Highlight Solar,sales@highlightsolar.com,San Jose,Solar,https://homepowerrebate.com/installers/ca/san-jose/solar/,https://homepowerrebate.com/installers/badge/,4.8,60
Green Leaf Solar & Electric,info@greenleafsolarelectric.com,San Jose,Solar,https://homepowerrebate.com/installers/ca/san-jose/solar/,https://homepowerrebate.com/installers/badge/,4.8,16
RIV Solar,info@rivsolar.com,Riverside,Solar,https://homepowerrebate.com/installers/ca/riverside/solar/,https://homepowerrebate.com/installers/badge/,4.9,98
"Solar Pool Services, Inc.",office@solarpoolservicesinc.com,Riverside,Solar,https://homepowerrebate.com/installers/ca/riverside/solar/,https://homepowerrebate.com/installers/badge/,5.0,43
Optimum Solar Power Inc,info@optimumsolarpower.com,Riverside,Solar,https://homepowerrebate.com/installers/ca/riverside/solar/,https://homepowerrebate.com/installers/badge/,5.0,11
Univercity Solar,info@univercitysolar.com,Riverside,Solar,https://homepowerrebate.com/installers/ca/riverside/solar/,https://homepowerrebate.com/installers/badge/,4.7,23
Greentech Renewables Riverside,hello@greentechrenewables.com,Riverside,Solar,https://homepowerrebate.com/installers/ca/riverside/solar/,https://homepowerrebate.com/installers/badge/,4.6,54
Elbac Solar,info@elbacsolar.com,Riverside,Solar,https://homepowerrebate.com/installers/ca/riverside/solar/,https://homepowerrebate.com/installers/badge/,4.3,49
Puentes Electric,eduardo@puenteselectric.com,Chula Vista,Solar,https://homepowerrebate.com/installers/ca/chula-vista/solar/,https://homepowerrebate.com/installers/badge/,5.0,14
"Viking Heating & Air - AC Repair, Service & Installation of San Diego",marketing@vikingair.net,Escondido,Solar,https://homepowerrebate.com/installers/ca/escondido/solar/,https://homepowerrebate.com/installers/badge/,5.0,125
SunVantage Solar,brandon@sunvantagesolar.com,Escondido,Solar,https://homepowerrebate.com/installers/ca/escondido/solar/,https://homepowerrebate.com/installers/badge/,5.0,75
Option One Solar,info@optiononesolar.com,Escondido,Solar,https://homepowerrebate.com/installers/ca/escondido/solar/,https://homepowerrebate.com/installers/badge/,5.0,44
"Solar Symphony Construction, Inc.",ops@solarsymphony.com,Escondido,Solar,https://homepowerrebate.com/installers/ca/escondido/solar/,https://homepowerrebate.com/installers/badge/,4.7,223
180 Solar Power,info@180solarpower.com,Escondido,Solar,https://homepowerrebate.com/installers/ca/escondido/solar/,https://homepowerrebate.com/installers/badge/,4.8,21
Incentive Solar,info@incentivesolar.com,San Diego,Solar,https://homepowerrebate.com/installers/ca/san-diego/solar/,https://homepowerrebate.com/installers/badge/,5.0,42
Johnson Electric Solar,sales@johnsonelectricsolar.com,San Diego,Solar,https://homepowerrebate.com/installers/ca/san-diego/solar/,https://homepowerrebate.com/installers/badge/,5.0,32
Sattler Solar Inc.,info@sattlersolar.com,San Diego,Solar,https://homepowerrebate.com/installers/ca/san-diego/solar/,https://homepowerrebate.com/installers/badge/,5.0,30
EnergyAid,info@energyaid.net,San Diego,Solar,https://homepowerrebate.com/installers/ca/san-diego/solar/,https://homepowerrebate.com/installers/badge/,4.7,501
Sunline Energy,inquiries@sunlineenergy.com,San Diego,Solar,https://homepowerrebate.com/installers/ca/san-diego/solar/,https://homepowerrebate.com/installers/badge/,4.7,264
Heliogold Solar,stleads@heliogold.com,San Diego,Solar,https://homepowerrebate.com/installers/ca/san-diego/solar/,https://homepowerrebate.com/installers/badge/,4.7,87
American Energy Home Pros,general@americanenergyair.com,Folsom,Solar,https://homepowerrebate.com/installers/ca/folsom/solar/,https://homepowerrebate.com/installers/badge/,5.0,266
Modernize Power,info@modernizepower.com,Folsom,Solar,https://homepowerrebate.com/installers/ca/folsom/solar/,https://homepowerrebate.com/installers/badge/,4.8,21
Unicorn Solar Inc.,info@unicorn-sd.com,Folsom,Solar,https://homepowerrebate.com/installers/ca/folsom/solar/,https://homepowerrebate.com/installers/badge/,4.9,13
SolarLink Energy Construction,kyle@solarlinkenergy.com,Rancho Cordova,Solar,https://homepowerrebate.com/installers/ca/rancho-cordova/solar/,https://homepowerrebate.com/installers/badge/,4.8,42
T3 Energy Inc.,tyler@t3-energy.com,Roseville,Solar,https://homepowerrebate.com/installers/ca/roseville/solar/,https://homepowerrebate.com/installers/badge/,5.0,175
Capital City Solar,info@capitalcitysolar.com,Roseville,Solar,https://homepowerrebate.com/installers/ca/roseville/solar/,https://homepowerrebate.com/installers/badge/,4.9,230
California Renewable Energy,info@care.green,Roseville,Solar,https://homepowerrebate.com/installers/ca/roseville/solar/,https://homepowerrebate.com/installers/badge/,4.9,102
Sunhawk Solar,sales@sunhawk.solar,Roseville,Solar,https://homepowerrebate.com/installers/ca/roseville/solar/,https://homepowerrebate.com/installers/badge/,5.0,32
Val-Penn Energy Solutions,contact@val-penn.com,Roseville,Solar,https://homepowerrebate.com/installers/ca/roseville/solar/,https://homepowerrebate.com/installers/badge/,5.0,20
SunUp Energy,info@sunup-energy.com,Roseville,Solar,https://homepowerrebate.com/installers/ca/roseville/solar/,https://homepowerrebate.com/installers/badge/,4.7,14
"Stellar Solar, Inc.",info@solarbystellar.com,Fresno,Solar,https://homepowerrebate.com/installers/ca/fresno/solar/,https://homepowerrebate.com/installers/badge/,5.0,80
EnergyAid,info@energyaid.net,Fresno,Solar,https://homepowerrebate.com/installers/ca/fresno/solar/,https://homepowerrebate.com/installers/badge/,4.8,592
Nova West Energy,customerservice@novawest.energy,Fresno,Solar,https://homepowerrebate.com/installers/ca/fresno/solar/,https://homepowerrebate.com/installers/badge/,4.8,70
Green Energy Services,contactus@geservices.energy,Bakersfield,Solar,https://homepowerrebate.com/installers/ca/bakersfield/solar/,https://homepowerrebate.com/installers/badge/,5.0,35
Fuzion Energy,info@fuzionenergy.com,Bakersfield,Solar,https://homepowerrebate.com/installers/ca/bakersfield/solar/,https://homepowerrebate.com/installers/badge/,4.8,458
Impact Energy & Solar,info@impactenergy.com,Bakersfield,Solar,https://homepowerrebate.com/installers/ca/bakersfield/solar/,https://homepowerrebate.com/installers/badge/,5.0,18
MSI Solar,david@msielectric.net,Bakersfield,Solar,https://homepowerrebate.com/installers/ca/bakersfield/solar/,https://homepowerrebate.com/installers/badge/,4.7,28
"Sun Peak Solar Services Solar System, Solar Panels, Solar Energy Installation - Bakersfield, CA",info@sunpeaksolarservices.com,Bakersfield,Solar,https://homepowerrebate.com/installers/ca/bakersfield/solar/,https://homepowerrebate.com/installers/badge/,4.7,15
Ilum Solar,contact@ilumsolar.com,Bakersfield,Solar,https://homepowerrebate.com/installers/ca/bakersfield/solar/,https://homepowerrebate.com/installers/badge/,4.6,43
EnergyAid,info@energyaid.net,Sacramento,Solar,https://homepowerrebate.com/installers/ca/sacramento/solar/,https://homepowerrebate.com/installers/badge/,4.8,771
American Home Energy Savers,info@ahescomfort.com,Sacramento,Solar,https://homepowerrebate.com/installers/ca/sacramento/solar/,https://homepowerrebate.com/installers/badge/,4.8,546
Ilum Solar,contact@ilumsolar.com,Sacramento,Solar,https://homepowerrebate.com/installers/ca/sacramento/solar/,https://homepowerrebate.com/installers/badge/,4.6,58
Mister Sparky of Fremont and Dublin,fremont-dublin@mrsparky.com,Fremont,Solar,https://homepowerrebate.com/installers/ca/fremont/solar/,https://homepowerrebate.com/installers/badge/,4.9,47
Lux Dei Electric,electric@luxdeielectric.org,Rancho Cordova,Solar,https://homepowerrebate.com/installers/ca/rancho-cordova/solar/,https://homepowerrebate.com/installers/badge/,5.0,59
Solar RNR,office@solarrnr.com,Denver,Home Battery,https://homepowerrebate.com/installers/co/denver/battery/,https://homepowerrebate.com/installers/badge/,5.0,305
Best Roof and Solar,contact@bestroofandsolar.com,Denver,Home Battery,https://homepowerrebate.com/installers/co/denver/battery/,https://homepowerrebate.com/installers/badge/,5.0,174
Upslope Solar,miles@upslopesolar.com,Denver,Home Battery,https://homepowerrebate.com/installers/co/denver/battery/,https://homepowerrebate.com/installers/badge/,5.0,74
Solar Wave,steven@thesolarwave.com,Denver,Home Battery,https://homepowerrebate.com/installers/co/denver/battery/,https://homepowerrebate.com/installers/badge/,5.0,69
SolarReviews,john.doe@gmail.com,Denver,Home Battery,https://homepowerrebate.com/installers/co/denver/battery/,https://homepowerrebate.com/installers/badge/,4.8,662
Apex Solar Solutions,info@apexsolarsolutions.com,Denver,Home Battery,https://homepowerrebate.com/installers/co/denver/battery/,https://homepowerrebate.com/installers/badge/,4.8,207
"Go Green Electric, Inc",info@gogreenelectric.com,Denver,Home Battery,https://homepowerrebate.com/installers/co/denver/battery/,https://homepowerrebate.com/installers/badge/,5.0,26
Colorado Energy Experts,help@coloradoenergyexperts.com,Denver,Home Battery,https://homepowerrebate.com/installers/co/denver/battery/,https://homepowerrebate.com/installers/badge/,4.8,86
The Electric Way,info@theelectricway.com,Colorado Springs,Home Battery,https://homepowerrebate.com/installers/co/colorado-springs/battery/,https://homepowerrebate.com/installers/badge/,5.0,880
Solar Guard,service@solarguardco.com,Colorado Springs,Home Battery,https://homepowerrebate.com/installers/co/colorado-springs/battery/,https://homepowerrebate.com/installers/badge/,5.0,70
National Solar Solutions,info@nationalsolar.us,Colorado Springs,Home Battery,https://homepowerrebate.com/installers/co/colorado-springs/battery/,https://homepowerrebate.com/installers/badge/,4.9,98
Solar Design of Colorado,solardesign@myctl.net,Colorado Springs,Home Battery,https://homepowerrebate.com/installers/co/colorado-springs/battery/,https://homepowerrebate.com/installers/badge/,5.0,34
Triton Solar,cos@tritonsolarco.com,Colorado Springs,Home Battery,https://homepowerrebate.com/installers/co/colorado-springs/battery/,https://homepowerrebate.com/installers/badge/,5.0,33
WHITE RHINO ELECTRIC,ryan@whiterhinoelectric.com,Colorado Springs,Home Battery,https://homepowerrebate.com/installers/co/colorado-springs/battery/,https://homepowerrebate.com/installers/badge/,4.8,236
Solar Made,sales@solarmade.com,Colorado Springs,Home Battery,https://homepowerrebate.com/installers/co/colorado-springs/battery/,https://homepowerrebate.com/installers/badge/,4.9,14
Positively Charged Electric,jason@positivelychargedelectric.com,Aurora,Home Battery,https://homepowerrebate.com/installers/co/aurora/battery/,https://homepowerrebate.com/installers/badge/,5.0,556
Remove and Replace Solar,office@rrsolar.com,Aurora,Home Battery,https://homepowerrebate.com/installers/co/aurora/battery/,https://homepowerrebate.com/installers/badge/,4.7,111
Sandbox Solar,sales@sandboxsolar.com,Fort Collins,Home Battery,https://homepowerrebate.com/installers/co/fort-collins/battery/,https://homepowerrebate.com/installers/badge/,4.9,279
Solar Pathways Energy & Electrical,sales@solarpathways.com,Fort Collins,Home Battery,https://homepowerrebate.com/installers/co/fort-collins/battery/,https://homepowerrebate.com/installers/badge/,5.0,37
King Electric,o.v.uro.p.a.pa9.9.6@gmail.com,Fort Collins,Home Battery,https://homepowerrebate.com/installers/co/fort-collins/battery/,https://homepowerrebate.com/installers/badge/,4.8,161
"Solargize, LLC",info@solargizeusa.com,Fort Collins,Home Battery,https://homepowerrebate.com/installers/co/fort-collins/battery/,https://homepowerrebate.com/installers/badge/,4.0,21
Evolve Solar & Radiant Heat,info@evolvesolarandheat.com,Boulder,Home Battery,https://homepowerrebate.com/installers/co/boulder/battery/,https://homepowerrebate.com/installers/badge/,5.0,23
Aqua Care Solar LLC,office@aquacaresolar.com,Boulder,Home Battery,https://homepowerrebate.com/installers/co/boulder/battery/,https://homepowerrebate.com/installers/badge/,4.9,30
American Solar Energy Society,sales@ases.org,Boulder,Home Battery,https://homepowerrebate.com/installers/co/boulder/battery/,https://homepowerrebate.com/installers/badge/,4.3,18
Roots Heating & Air,admin@rootshvac.com,Denver,Heat Pump,https://homepowerrebate.com/installers/co/denver/heat-pump/,https://homepowerrebate.com/installers/badge/,5.0,317
Right Away Heating,jose@rightawayheating.com,Denver,Heat Pump,https://homepowerrebate.com/installers/co/denver/heat-pump/,https://homepowerrebate.com/installers/badge/,4.9,340
"Absolute Plumbing, Electrical, Heating & Air",booking@absolutefix.com,Denver,Heat Pump,https://homepowerrebate.com/installers/co/denver/heat-pump/,https://homepowerrebate.com/installers/badge/,4.9,320
UniColorado Heating & Cooling,office@unicolorado.com,Denver,Heat Pump,https://homepowerrebate.com/installers/co/denver/heat-pump/,https://homepowerrebate.com/installers/badge/,4.9,153
"All In One Home Services, LLC",contact@allinonehomeservices.com,Denver,Heat Pump,https://homepowerrebate.com/installers/co/denver/heat-pump/,https://homepowerrebate.com/installers/badge/,5.0,44
"Golden West Plumbing, Heating, Air Conditioning, and Electrical",scheduling@goldenwestph.com,Denver,Heat Pump,https://homepowerrebate.com/installers/co/denver/heat-pump/,https://homepowerrebate.com/installers/badge/,4.8,3811
Reliable Heating & Cooling LLC,reliablehvacincolorado@outlook.com,Colorado Springs,Heat Pump,https://homepowerrebate.com/installers/co/colorado-springs/heat-pump/,https://homepowerrebate.com/installers/badge/,5.0,879
Steadfast Heating & Air,office@steadfastheatingandair.com,Colorado Springs,Heat Pump,https://homepowerrebate.com/installers/co/colorado-springs/heat-pump/,https://homepowerrebate.com/installers/badge/,5.0,411
"PB&J Heating and Air, LLC",office@pbjha.com,Colorado Springs,Heat Pump,https://homepowerrebate.com/installers/co/colorado-springs/heat-pump/,https://homepowerrebate.com/installers/badge/,5.0,129
"R Buck Heating, Cooling, Plumbing & Electrical",office@callbuck.com,Colorado Springs,Heat Pump,https://homepowerrebate.com/installers/co/colorado-springs/heat-pump/,https://homepowerrebate.com/installers/badge/,4.9,1961
"Home Heating Service, Inc.",service@homeheatingservice.com,Colorado Springs,Heat Pump,https://homepowerrebate.com/installers/co/colorado-springs/heat-pump/,https://homepowerrebate.com/installers/badge/,4.9,1874
"Around The Clock Heating, Air Conditioning, Plumbing & Electric",customer@callaroundtheclock.com,Colorado Springs,Heat Pump,https://homepowerrebate.com/installers/co/colorado-springs/heat-pump/,https://homepowerrebate.com/installers/badge/,4.9,1370
Springs Heating & Cooling,info@springsheating.com,Colorado Springs,Heat Pump,https://homepowerrebate.com/installers/co/colorado-springs/heat-pump/,https://homepowerrebate.com/installers/badge/,4.9,609
"Local Plumbing, Heating & Cooling",localphchelp@gmail.com,Aurora,Heat Pump,https://homepowerrebate.com/installers/co/aurora/heat-pump/,https://homepowerrebate.com/installers/badge/,5.0,233
Dad’s Heating & AC,casey@dadsheatingandac.com,Aurora,Heat Pump,https://homepowerrebate.com/installers/co/aurora/heat-pump/,https://homepowerrebate.com/installers/badge/,5.0,209
Valiant Air,zach@valiantair.net,Aurora,Heat Pump,https://homepowerrebate.com/installers/co/aurora/heat-pump/,https://homepowerrebate.com/installers/badge/,5.0,197
Primary Air Home Services,primaryair.hs@gmail.com,Aurora,Heat Pump,https://homepowerrebate.com/installers/co/aurora/heat-pump/,https://homepowerrebate.com/installers/badge/,5.0,151
The HVAC Army LLC,kam@thehvacarmy.com,Aurora,Heat Pump,https://homepowerrebate.com/installers/co/aurora/heat-pump/,https://homepowerrebate.com/installers/badge/,5.0,84
Mountain Pro HVAC Services,support@mountainprohvac.com,Aurora,Heat Pump,https://homepowerrebate.com/installers/co/aurora/heat-pump/,https://homepowerrebate.com/installers/badge/,4.9,133
MoJo Home Services,support@mojoyourhomes.com,Aurora,Heat Pump,https://homepowerrebate.com/installers/co/aurora/heat-pump/,https://homepowerrebate.com/installers/badge/,5.0,46
"Balance Point Heating, Cooling & Plumbing",info@balancepointheating.com,Fort Collins,Heat Pump,https://homepowerrebate.com/installers/co/fort-collins/heat-pump/,https://homepowerrebate.com/installers/badge/,5.0,807
Homegrown Heating & Air Conditioning,office@homegrownnoco.com,Fort Collins,Heat Pump,https://homepowerrebate.com/installers/co/fort-collins/heat-pump/,https://homepowerrebate.com/installers/badge/,5.0,295
NOCO Energy Solutions,office@nocoenergysolutions.com,Fort Collins,Heat Pump,https://homepowerrebate.com/installers/co/fort-collins/heat-pump/,https://homepowerrebate.com/installers/badge/,5.0,192
Fort Collins Heating & Air Conditioning,service@fortcollinsheating.com,Fort Collins,Heat Pump,https://homepowerrebate.com/installers/co/fort-collins/heat-pump/,https://homepowerrebate.com/installers/badge/,4.9,4031
Long Heating & Air,jessicalong@longheatingair.com,Fort Collins,Heat Pump,https://homepowerrebate.com/installers/co/fort-collins/heat-pump/,https://homepowerrebate.com/installers/badge/,4.9,207
Swan Plumbing Heating & Air of Fort Collins,office@swanheating.com,Fort Collins,Heat Pump,https://homepowerrebate.com/installers/co/fort-collins/heat-pump/,https://homepowerrebate.com/installers/badge/,4.9,122
Bernie's Plumbing & Heating Company,info@berniesplumbing.com,Boulder,Heat Pump,https://homepowerrebate.com/installers/co/boulder/heat-pump/,https://homepowerrebate.com/installers/badge/,4.9,452
"Canyon Plumbing & Heating, Inc",amber@canyonplumbers.com,Boulder,Heat Pump,https://homepowerrebate.com/installers/co/boulder/heat-pump/,https://homepowerrebate.com/installers/badge/,4.9,290
"Mesa Plumbing, Heating and Cooling",info@mesaplumbing.com,Boulder,Heat Pump,https://homepowerrebate.com/installers/co/boulder/heat-pump/,https://homepowerrebate.com/installers/badge/,4.7,753
Apex Clean Air AC & Heating Repair,info@apexcleanair.com,Denver,Heat Pump,https://homepowerrebate.com/installers/co/denver/heat-pump/,https://homepowerrebate.com/installers/badge/,4.9,2200
City Plumbing Heating and Air,cityplumbingandair@gmail.com,Aurora,Heat Pump,https://homepowerrebate.com/installers/co/aurora/heat-pump/,https://homepowerrebate.com/installers/badge/,5.0,37
Evolve Solar & Radiant Heat,info@evolvesolarandheat.com,Boulder,Heat Pump,https://homepowerrebate.com/installers/co/boulder/heat-pump/,https://homepowerrebate.com/installers/badge/,5.0,23
Denver Spray Foam Insulation,sprayfoamdenver@gmail.com,Denver,Insulation,https://homepowerrebate.com/installers/co/denver/insulation/,https://homepowerrebate.com/installers/badge/,5.0,58
"Insulation Nation | Preferred Xcel Energy Partner | Insulation Contractor in Denver, CO",info@insulationnation.com,Denver,Insulation,https://homepowerrebate.com/installers/co/denver/insulation/,https://homepowerrebate.com/installers/badge/,4.9,135
IDI: Insulation Distributors Inc.,colorders@idimn.com,Denver,Insulation,https://homepowerrebate.com/installers/co/denver/insulation/,https://homepowerrebate.com/installers/badge/,4.8,61
This Efficient House,info@thisefficienthouse.com,Fort Collins,Insulation,https://homepowerrebate.com/installers/co/fort-collins/insulation/,https://homepowerrebate.com/installers/badge/,4.5,24
Insulation Pros of Colorado-Loveland,office@insulationprosco.com,Fort Collins,Insulation,https://homepowerrebate.com/installers/co/fort-collins/insulation/,https://homepowerrebate.com/installers/badge/,4.3,18
Solar RNR,office@solarrnr.com,Denver,Solar,https://homepowerrebate.com/installers/co/denver/solar/,https://homepowerrebate.com/installers/badge/,5.0,305
Best Roof and Solar,contact@bestroofandsolar.com,Denver,Solar,https://homepowerrebate.com/installers/co/denver/solar/,https://homepowerrebate.com/installers/badge/,5.0,174
Upslope Solar,miles@upslopesolar.com,Denver,Solar,https://homepowerrebate.com/installers/co/denver/solar/,https://homepowerrebate.com/installers/badge/,5.0,74
Solar Wave,steven@thesolarwave.com,Denver,Solar,https://homepowerrebate.com/installers/co/denver/solar/,https://homepowerrebate.com/installers/badge/,5.0,69
SolarReviews,john.doe@gmail.com,Denver,Solar,https://homepowerrebate.com/installers/co/denver/solar/,https://homepowerrebate.com/installers/badge/,4.8,662
Apex Solar Solutions,info@apexsolarsolutions.com,Denver,Solar,https://homepowerrebate.com/installers/co/denver/solar/,https://homepowerrebate.com/installers/badge/,4.8,207
Renewable Energy Advisors,marketing@renewable-advisors.com,Denver,Solar,https://homepowerrebate.com/installers/co/denver/solar/,https://homepowerrebate.com/installers/badge/,5.0,22
Colorado Energy Experts,help@coloradoenergyexperts.com,Denver,Solar,https://homepowerrebate.com/installers/co/denver/solar/,https://homepowerrebate.com/installers/badge/,4.8,86
Solar Guard,service@solarguardco.com,Colorado Springs,Solar,https://homepowerrebate.com/installers/co/colorado-springs/solar/,https://homepowerrebate.com/installers/badge/,5.0,70
National Solar Solutions,info@nationalsolar.us,Colorado Springs,Solar,https://homepowerrebate.com/installers/co/colorado-springs/solar/,https://homepowerrebate.com/installers/badge/,4.9,98
Solar Design of Colorado,solardesign@myctl.net,Colorado Springs,Solar,https://homepowerrebate.com/installers/co/colorado-springs/solar/,https://homepowerrebate.com/installers/badge/,5.0,34
Triton Solar,cos@tritonsolarco.com,Colorado Springs,Solar,https://homepowerrebate.com/installers/co/colorado-springs/solar/,https://homepowerrebate.com/installers/badge/,5.0,33
Solar Made,sales@solarmade.com,Colorado Springs,Solar,https://homepowerrebate.com/installers/co/colorado-springs/solar/,https://homepowerrebate.com/installers/badge/,4.9,14
Sun Solar Off grid,sunsolarco@gmail.com,Colorado Springs,Solar,https://homepowerrebate.com/installers/co/colorado-springs/solar/,https://homepowerrebate.com/installers/badge/,4.3,48
Sun Power Energy LLC,miguel@sunpowerenergy.net,Colorado Springs,Solar,https://homepowerrebate.com/installers/co/colorado-springs/solar/,https://homepowerrebate.com/installers/badge/,4.2,24
Remove and Replace Solar,office@rrsolar.com,Aurora,Solar,https://homepowerrebate.com/installers/co/aurora/solar/,https://homepowerrebate.com/installers/badge/,4.7,111
NOCO Energy Solutions,office@nocoenergysolutions.com,Fort Collins,Solar,https://homepowerrebate.com/installers/co/fort-collins/solar/,https://homepowerrebate.com/installers/badge/,5.0,192
Sandbox Solar,sales@sandboxsolar.com,Fort Collins,Solar,https://homepowerrebate.com/installers/co/fort-collins/solar/,https://homepowerrebate.com/installers/badge/,4.9,279
Solar Pathways Energy & Electrical,sales@solarpathways.com,Fort Collins,Solar,https://homepowerrebate.com/installers/co/fort-collins/solar/,https://homepowerrebate.com/installers/badge/,5.0,37
"Solargize, LLC",info@solargizeusa.com,Fort Collins,Solar,https://homepowerrebate.com/installers/co/fort-collins/solar/,https://homepowerrebate.com/installers/badge/,4.0,21
Evolve Solar & Radiant Heat,info@evolvesolarandheat.com,Boulder,Solar,https://homepowerrebate.com/installers/co/boulder/solar/,https://homepowerrebate.com/installers/badge/,5.0,23
Aqua Care Solar LLC,office@aquacaresolar.com,Boulder,Solar,https://homepowerrebate.com/installers/co/boulder/solar/,https://homepowerrebate.com/installers/badge/,4.9,30
The Speedy Electricians,info@thespeedyelectricians.com,Boulder,Solar,https://homepowerrebate.com/installers/co/boulder/solar/,https://homepowerrebate.com/installers/badge/,4.6,67
American Solar Energy Society,sales@ases.org,Boulder,Solar,https://homepowerrebate.com/installers/co/boulder/solar/,https://homepowerrebate.com/installers/badge/,4.3,18
AirVantage Heating & Cooling,hello@callairvantage.ca,Abbotsford,Heat Pump,https://homepowerrebate.com/installers/bc/abbotsford/heat-pump/,https://homepowerrebate.com/installers/badge/,5.0,1835
Laxton Plumbing and Heating,info@laxtonplumbing.ca,Abbotsford,Heat Pump,https://homepowerrebate.com/installers/bc/abbotsford/heat-pump/,https://homepowerrebate.com/installers/badge/,5.0,338
TYS Plumbing & Heating,tyler@tysplumbingandheating.com,Abbotsford,Heat Pump,https://homepowerrebate.com/installers/bc/abbotsford/heat-pump/,https://homepowerrebate.com/installers/badge/,5.0,240
Hudson Service Group,info@hudsonservice.ca,Abbotsford,Heat Pump,https://homepowerrebate.com/installers/bc/abbotsford/heat-pump/,https://homepowerrebate.com/installers/badge/,4.9,1075
Wagner Heating & Air Ltd,info@wagnerheating.com,Abbotsford,Heat Pump,https://homepowerrebate.com/installers/bc/abbotsford/heat-pump/,https://homepowerrebate.com/installers/badge/,4.9,550
Big Bird Plumbing & Heating inc,bigbirdplumbing@gmail.com,Abbotsford,Heat Pump,https://homepowerrebate.com/installers/bc/abbotsford/heat-pump/,https://homepowerrebate.com/installers/badge/,5.0,74
Knowledge Hvac & Refrigeration Ltd,info@knowledgehvacr.ca,Abbotsford,Heat Pump,https://homepowerrebate.com/installers/bc/abbotsford/heat-pump/,https://homepowerrebate.com/installers/badge/,4.9,234
Deus Plumbing & Heating Ltd,info@deusplumbingandheating.com,Abbotsford,Heat Pump,https://homepowerrebate.com/installers/bc/abbotsford/heat-pump/,https://homepowerrebate.com/installers/badge/,4.9,193
Neufeld Heating Service,neufeldheating@gmail.com,Abbotsford,Heat Pump,https://homepowerrebate.com/installers/bc/abbotsford/heat-pump/,https://homepowerrebate.com/installers/badge/,4.9,95
North Valley Plumbing & Heating LTD,info@nvplumbing.ca,Abbotsford,Heat Pump,https://homepowerrebate.com/installers/bc/abbotsford/heat-pump/,https://homepowerrebate.com/installers/badge/,4.9,54
Nation Furnace Heating & Air Conditioning HVAC Ltd.,info@nationheating.ca,Burnaby,Heat Pump,https://homepowerrebate.com/installers/bc/burnaby/heat-pump/,https://homepowerrebate.com/installers/badge/,5.0,301
Techno Gas Heating & Cooling Services Ltd.,info@technogasheating.com,Burnaby,Heat Pump,https://homepowerrebate.com/installers/bc/burnaby/heat-pump/,https://homepowerrebate.com/installers/badge/,5.0,216
Safeline Heating & Cooling Ltd.,care@safelineheating.ca,Burnaby,Heat Pump,https://homepowerrebate.com/installers/bc/burnaby/heat-pump/,https://homepowerrebate.com/installers/badge/,5.0,110
"Milani Plumbing, Heating & Air Conditioning",info@milani.ca,Burnaby,Heat Pump,https://homepowerrebate.com/installers/bc/burnaby/heat-pump/,https://homepowerrebate.com/installers/badge/,4.9,12707
ATMOSERRA Heating & Cooling,info@atmoserra.ca,Burnaby,Heat Pump,https://homepowerrebate.com/installers/bc/burnaby/heat-pump/,https://homepowerrebate.com/installers/badge/,5.0,91
Aquatech Vancouver Heating & Air Conditioning,info@aquatechmechanical.ca,Burnaby,Heat Pump,https://homepowerrebate.com/installers/bc/burnaby/heat-pump/,https://homepowerrebate.com/installers/badge/,5.0,83
Vortex HVAC solutions,info@vortexhvacs.ca,Burnaby,Heat Pump,https://homepowerrebate.com/installers/bc/burnaby/heat-pump/,https://homepowerrebate.com/installers/badge/,5.0,77
Central HVAC,info@centralgasservices.com,Burnaby,Heat Pump,https://homepowerrebate.com/installers/bc/burnaby/heat-pump/,https://homepowerrebate.com/installers/badge/,4.9,339
Heat Co. ( Heating & Cooling ),info@heatcofurnace.com,Burnaby,Heat Pump,https://homepowerrebate.com/installers/bc/burnaby/heat-pump/,https://homepowerrebate.com/installers/badge/,4.9,235
Canadian Pacific Heating and Cooling,info@cpheating.ca,Burnaby,Heat Pump,https://homepowerrebate.com/installers/bc/burnaby/heat-pump/,https://homepowerrebate.com/installers/badge/,4.9,220
"Whyte Plumbing, Heating, and Air Conditioning",contact@whytemechanical.ca,Burnaby,Heat Pump,https://homepowerrebate.com/installers/bc/burnaby/heat-pump/,https://homepowerrebate.com/installers/badge/,4.9,210
BCRC Heating and Cooling,bcrc.p.h@gmail.com,Burnaby,Heat Pump,https://homepowerrebate.com/installers/bc/burnaby/heat-pump/,https://homepowerrebate.com/installers/badge/,4.9,177
Trium Mechanical Heating & Cooling,office@triummechanical.ca,Chilliwack,Heat Pump,https://homepowerrebate.com/installers/bc/chilliwack/heat-pump/,https://homepowerrebate.com/installers/badge/,5.0,67
High Standard Heating & Cooling,office@highstandardhvac.ca,Chilliwack,Heat Pump,https://homepowerrebate.com/installers/bc/chilliwack/heat-pump/,https://homepowerrebate.com/installers/badge/,4.9,214
Horne Plumbing & Heating,taylor@horneplumbing.ca,Chilliwack,Heat Pump,https://homepowerrebate.com/installers/bc/chilliwack/heat-pump/,https://homepowerrebate.com/installers/badge/,5.0,57
RGS Refrigeration & Heating LTD,rgs.refrigeration@gmail.com,Chilliwack,Heat Pump,https://homepowerrebate.com/installers/bc/chilliwack/heat-pump/,https://homepowerrebate.com/installers/badge/,5.0,56
Expert Plumber Chilliwack,info@plumberchilliwack.com,Chilliwack,Heat Pump,https://homepowerrebate.com/installers/bc/chilliwack/heat-pump/,https://homepowerrebate.com/installers/badge/,4.9,119
Kingdom Plumbing and Heating,service@kingdomplumbing.ca,Chilliwack,Heat Pump,https://homepowerrebate.com/installers/bc/chilliwack/heat-pump/,https://homepowerrebate.com/installers/badge/,4.9,115
Ian's Plumbing Heating And Gas Services ltd.,ian@iansplumbingheatingandgasservicesltd.com,Chilliwack,Heat Pump,https://homepowerrebate.com/installers/bc/chilliwack/heat-pump/,https://homepowerrebate.com/installers/badge/,4.9,65
Valley View Plumbing & Heating Ltd.,sam@valleyviewplumbing.ca,Chilliwack,Heat Pump,https://homepowerrebate.com/installers/bc/chilliwack/heat-pump/,https://homepowerrebate.com/installers/badge/,5.0,34
"Armacom Plumbing & Heating Ltd.,",armacomplumbing@gmail.com,Chilliwack,Heat Pump,https://homepowerrebate.com/installers/bc/chilliwack/heat-pump/,https://homepowerrebate.com/installers/badge/,4.9,63
Pettie's Plumbing & Heating Ltd.,info@pettiesplumbing.com,Chilliwack,Heat Pump,https://homepowerrebate.com/installers/bc/chilliwack/heat-pump/,https://homepowerrebate.com/installers/badge/,4.8,210
TAK Heating & Cooling Ltd.,hello@takheating.com,Coquitlam,Heat Pump,https://homepowerrebate.com/installers/bc/coquitlam/heat-pump/,https://homepowerrebate.com/installers/badge/,5.0,214
Perfect Choice Heating & Cooling,info@perfectchoicehvac.com,Coquitlam,Heat Pump,https://homepowerrebate.com/installers/bc/coquitlam/heat-pump/,https://homepowerrebate.com/installers/badge/,5.0,152
Hippo Plumbing and Heating,service@hippoplumbing.com,Coquitlam,Heat Pump,https://homepowerrebate.com/installers/bc/coquitlam/heat-pump/,https://homepowerrebate.com/installers/badge/,5.0,122
Master Fix Building Ltd.,info@masterfixbuilding.com,Coquitlam,Heat Pump,https://homepowerrebate.com/installers/bc/coquitlam/heat-pump/,https://homepowerrebate.com/installers/badge/,5.0,100
Best Way Heating,info@bestwayheating.ca,Coquitlam,Heat Pump,https://homepowerrebate.com/installers/bc/coquitlam/heat-pump/,https://homepowerrebate.com/installers/badge/,4.9,569
Eaton's Furnace Heating & Air Conditioning HVAC,info@eatonshomecare.com,Coquitlam,Heat Pump,https://homepowerrebate.com/installers/bc/coquitlam/heat-pump/,https://homepowerrebate.com/installers/badge/,4.9,509
Pro West Heating & Air Conditioning,info@prowestheating.com,Coquitlam,Heat Pump,https://homepowerrebate.com/installers/bc/coquitlam/heat-pump/,https://homepowerrebate.com/installers/badge/,4.9,410
"Gregori Plumbing, Heating & Air Conditioning Ltd",info@gregoriplumbing.ca,Coquitlam,Heat Pump,https://homepowerrebate.com/installers/bc/coquitlam/heat-pump/,https://homepowerrebate.com/installers/badge/,5.0,70
Skylimit Heating and Gas Ltd.,skylimitheating@gmail.com,Coquitlam,Heat Pump,https://homepowerrebate.com/installers/bc/coquitlam/heat-pump/,https://homepowerrebate.com/installers/badge/,4.9,182
"Whitestone Heating and Cooling LTD, BC",whitestoneheating@gmail.com,Coquitlam,Heat Pump,https://homepowerrebate.com/installers/bc/coquitlam/heat-pump/,https://homepowerrebate.com/installers/badge/,5.0,56
Action Care Furnace Heating,info@actioncarefurnace.com,Coquitlam,Heat Pump,https://homepowerrebate.com/installers/bc/coquitlam/heat-pump/,https://homepowerrebate.com/installers/badge/,4.9,114
Hadwin's HVAC & Gas Inc.,info@hadwinshvac.ca,Kamloops,Heat Pump,https://homepowerrebate.com/installers/bc/kamloops/heat-pump/,https://homepowerrebate.com/installers/badge/,4.8,727
Kamloops Heating & Air Conditioning,service@kamloopshvac.com,Kamloops,Heat Pump,https://homepowerrebate.com/installers/bc/kamloops/heat-pump/,https://homepowerrebate.com/installers/badge/,4.8,183
Greenfoot Energy Solutions,info@greenfootenergy.ca,Kamloops,Heat Pump,https://homepowerrebate.com/installers/bc/kamloops/heat-pump/,https://homepowerrebate.com/installers/badge/,4.8,169
KamCity Mechanical Ltd.,info@kamcity.ca,Kamloops,Heat Pump,https://homepowerrebate.com/installers/bc/kamloops/heat-pump/,https://homepowerrebate.com/installers/badge/,4.8,136
Cal Geothermal Refrigeration and Heating Ltd,calistus@calch.ca,Kamloops,Heat Pump,https://homepowerrebate.com/installers/bc/kamloops/heat-pump/,https://homepowerrebate.com/installers/badge/,5.0,19
Airtika Heating and Cooling Ltd.,605a7baede844d278b89dc95ae0a9123@sentry-next.wixpress.com,Kelowna,Heat Pump,https://homepowerrebate.com/installers/bc/kelowna/heat-pump/,https://homepowerrebate.com/installers/badge/,5.0,203
Key West Mechanical,keywestmechanical@yahoo.com,Kelowna,Heat Pump,https://homepowerrebate.com/installers/bc/kelowna/heat-pump/,https://homepowerrebate.com/installers/badge/,5.0,98
Air Temp Heating & Cooling Specialist,airtemphvac@gmail.com,Kelowna,Heat Pump,https://homepowerrebate.com/installers/bc/kelowna/heat-pump/,https://homepowerrebate.com/installers/badge/,5.0,91
Bree-link plumbing and Heating,chris@bree-linkplumbingandheating.ca,Kelowna,Heat Pump,https://homepowerrebate.com/installers/bc/kelowna/heat-pump/,https://homepowerrebate.com/installers/badge/,4.9,1058
TruFinity Plumbing Heating & Cooling,info@trufinity.ca,Kelowna,Heat Pump,https://homepowerrebate.com/installers/bc/kelowna/heat-pump/,https://homepowerrebate.com/installers/badge/,4.9,1015
Vision Plumbing Heating Cooling,info@visionplumbingandheating.com,Kelowna,Heat Pump,https://homepowerrebate.com/installers/bc/kelowna/heat-pump/,https://homepowerrebate.com/installers/badge/,4.9,703
Phillips Plumbing Heating and Air Conditioning,info@phillipsplumbingandheating.ca,Kelowna,Heat Pump,https://homepowerrebate.com/installers/bc/kelowna/heat-pump/,https://homepowerrebate.com/installers/badge/,4.9,457
Adlem Mechanical,adlemmechanical@gmail.com,Kelowna,Heat Pump,https://homepowerrebate.com/installers/bc/kelowna/heat-pump/,https://homepowerrebate.com/installers/badge/,4.9,265
Anderson Plumbing and Gas Fitting,info@andersonplumbingandgas.com,Kelowna,Heat Pump,https://homepowerrebate.com/installers/bc/kelowna/heat-pump/,https://homepowerrebate.com/installers/badge/,5.0,56
"Willowbrook Plumbing, Heating & Hot Water Tank Installation Langley",info@willowbrookplumbing.ca,Langley,Heat Pump,https://homepowerrebate.com/installers/bc/langley/heat-pump/,https://homepowerrebate.com/installers/badge/,5.0,593
Freestyle Plumbing and Heating Ltd.,freestyleplumbing@yahoo.com,Langley,Heat Pump,https://homepowerrebate.com/installers/bc/langley/heat-pump/,https://homepowerrebate.com/installers/badge/,5.0,117
Cloudy Town Heating & Cooling,info@cloudytown.ca,Langley,Heat Pump,https://homepowerrebate.com/installers/bc/langley/heat-pump/,https://homepowerrebate.com/installers/badge/,5.0,90
Nation Furnace Heating & Air Conditioning HVAC Ltd.,info@nationheating.ca,Langley,Heat Pump,https://homepowerrebate.com/installers/bc/langley/heat-pump/,https://homepowerrebate.com/installers/badge/,5.0,86
South Fraser Heating & Cooling Ltd,chris@southfraserheating.com,Langley,Heat Pump,https://homepowerrebate.com/installers/bc/langley/heat-pump/,https://homepowerrebate.com/installers/badge/,4.9,460
"Yorkson Plumbing, Heating & Cooling LTD",info@yorksonplumbing.ca,Langley,Heat Pump,https://homepowerrebate.com/installers/bc/langley/heat-pump/,https://homepowerrebate.com/installers/badge/,4.9,197
Air West Mechanical (AWM) - Langley,admin@airwestmechanical.ca,Langley,Heat Pump,https://homepowerrebate.com/installers/bc/langley/heat-pump/,https://homepowerrebate.com/installers/badge/,4.9,153
Pacific Blue Mechanical & Plumbing,info@pacificbluemechanical.ca,Langley,Heat Pump,https://homepowerrebate.com/installers/bc/langley/heat-pump/,https://homepowerrebate.com/installers/badge/,5.0,45
Combined Comfort Systems,info@combinedcomfortsystems.com,Langley,Heat Pump,https://homepowerrebate.com/installers/bc/langley/heat-pump/,https://homepowerrebate.com/installers/badge/,5.0,44
Langley Home Plumbing & Heating,info@langleyhomeplumbing.ca,Langley,Heat Pump,https://homepowerrebate.com/installers/bc/langley/heat-pump/,https://homepowerrebate.com/installers/badge/,4.9,89
Boone’s HVAC & Mechanical,info@booneshvac.ca,Langley,Heat Pump,https://homepowerrebate.com/installers/bc/langley/heat-pump/,https://homepowerrebate.com/installers/badge/,5.0,19
Eaton's Furnace Heating & Air Conditioning HVAC,info@eatonshomecare.com,Maple Ridge,Heat Pump,https://homepowerrebate.com/installers/bc/maple-ridge/heat-pump/,https://homepowerrebate.com/installers/badge/,5.0,77
Coleman Heating & Air Conditioning,info@colemanheating.ca,Maple Ridge,Heat Pump,https://homepowerrebate.com/installers/bc/maple-ridge/heat-pump/,https://homepowerrebate.com/installers/badge/,4.9,385
111 Heating Services,info@tripleoneheating.ca,Maple Ridge,Heat Pump,https://homepowerrebate.com/installers/bc/maple-ridge/heat-pump/,https://homepowerrebate.com/installers/badge/,4.9,79
Tek Climate Heating and Air Conditioning,info@tekclimate.ca,Maple Ridge,Heat Pump,https://homepowerrebate.com/installers/bc/maple-ridge/heat-pump/,https://homepowerrebate.com/installers/badge/,4.8,460
Multitech Mechanical,marcuscaunt@gmail.com,Maple Ridge,Heat Pump,https://homepowerrebate.com/installers/bc/maple-ridge/heat-pump/,https://homepowerrebate.com/installers/badge/,5.0,33
Mountain Ridge Heating and Gas,sales@mountainridgeheating.com,Maple Ridge,Heat Pump,https://homepowerrebate.com/installers/bc/maple-ridge/heat-pump/,https://homepowerrebate.com/installers/badge/,4.9,61
FlameCo Heating Services,info@flameco.ca,Maple Ridge,Heat Pump,https://homepowerrebate.com/installers/bc/maple-ridge/heat-pump/,https://homepowerrebate.com/installers/badge/,4.8,193
Big Valley Heating & Sheet Metal Ltd.,sales@bigvalleyheating.ca,Maple Ridge,Heat Pump,https://homepowerrebate.com/installers/bc/maple-ridge/heat-pump/,https://homepowerrebate.com/installers/badge/,4.7,165
Sparrow Mechanical Services Ltd.,sparrowmechanicalservices@gmail.com,Nanaimo,Heat Pump,https://homepowerrebate.com/installers/bc/nanaimo/heat-pump/,https://homepowerrebate.com/installers/badge/,5.0,251
"Norm's Plumbing, Heating & Air Conditioning",info@normsmobile.ca,Nanaimo,Heat Pump,https://homepowerrebate.com/installers/bc/nanaimo/heat-pump/,https://homepowerrebate.com/installers/badge/,4.9,3431
"Twin Peaks Plumbing, Heating & Air",twinpeaksplumbing.scott@gmail.com,Nanaimo,Heat Pump,https://homepowerrebate.com/installers/bc/nanaimo/heat-pump/,https://homepowerrebate.com/installers/badge/,4.9,390
Bryans Mechanical Ltd,bryansmechanical@gmail.com,Nanaimo,Heat Pump,https://homepowerrebate.com/installers/bc/nanaimo/heat-pump/,https://homepowerrebate.com/installers/badge/,4.9,248
Waywest Mechanical Ltd - 24 Hour service Nanaimo,info@waywestmechanical.com,Nanaimo,Heat Pump,https://homepowerrebate.com/installers/bc/nanaimo/heat-pump/,https://homepowerrebate.com/installers/badge/,4.9,114
Horizon Mechanical Services LTD,carson.horizonplumbing@gmail.com,Nanaimo,Heat Pump,https://homepowerrebate.com/installers/bc/nanaimo/heat-pump/,https://homepowerrebate.com/installers/badge/,5.0,47
Pro Temp Control,james@protempcontrol.ca,Nanaimo,Heat Pump,https://homepowerrebate.com/installers/bc/nanaimo/heat-pump/,https://homepowerrebate.com/installers/badge/,4.9,81
RPR Heating and Air Conditioning Ltd.,info@rprheating.com,Penticton,Heat Pump,https://homepowerrebate.com/installers/bc/penticton/heat-pump/,https://homepowerrebate.com/installers/badge/,4.9,2230
TruFinity Plumbing Heating & Cooling,info@trufinity.ca,Penticton,Heat Pump,https://homepowerrebate.com/installers/bc/penticton/heat-pump/,https://homepowerrebate.com/installers/badge/,4.9,99
Fehling's Sheet Metal Heating & Air Conditioning Ltd,fehlings@shaw.ca,Penticton,Heat Pump,https://homepowerrebate.com/installers/bc/penticton/heat-pump/,https://homepowerrebate.com/installers/badge/,4.9,59
Matt's Plumbing and Heating,matts_plumbing@outlook.com,Penticton,Heat Pump,https://homepowerrebate.com/installers/bc/penticton/heat-pump/,https://homepowerrebate.com/installers/badge/,5.0,26
Eggert Energy Mechanical Ltd,info@eggert-energy.com,Penticton,Heat Pump,https://homepowerrebate.com/installers/bc/penticton/heat-pump/,https://homepowerrebate.com/installers/badge/,4.9,37
Brian Frazer Mechanical Group Inc,brian@frazermechanicalgroup.ca,Penticton,Heat Pump,https://homepowerrebate.com/installers/bc/penticton/heat-pump/,https://homepowerrebate.com/installers/badge/,4.9,11
Doherty Plumbing & Heating,rob@dohertyplumbing.ca,Penticton,Heat Pump,https://homepowerrebate.com/installers/bc/penticton/heat-pump/,https://homepowerrebate.com/installers/badge/,4.7,31
Crux Mechanical LTD,greg@cruxmechanical.com,Penticton,Heat Pump,https://homepowerrebate.com/installers/bc/penticton/heat-pump/,https://homepowerrebate.com/installers/badge/,4.6,21
Better Living Heating and Cooling,mike.betterliving29@gmail.com,Penticton,Heat Pump,https://homepowerrebate.com/installers/bc/penticton/heat-pump/,https://homepowerrebate.com/installers/badge/,4.6,10
Star Tek Mechanical Ltd - Plumbing Heating Gasfitting,startekmechanical@gmail.com,Prince George,Heat Pump,https://homepowerrebate.com/installers/bc/prince-george/heat-pump/,https://homepowerrebate.com/installers/badge/,5.0,99
Canuck Mechanical Ltd,info@canuckmechanical.com,Prince George,Heat Pump,https://homepowerrebate.com/installers/bc/prince-george/heat-pump/,https://homepowerrebate.com/installers/badge/,4.9,449
Striker Plumbing & Heating Ltd.,reidherman@yahoo.com,Prince George,Heat Pump,https://homepowerrebate.com/installers/bc/prince-george/heat-pump/,https://homepowerrebate.com/installers/badge/,4.9,198
Innovation Plumbing Services Inc.,admin@innovationplumbingservices.ca,Prince George,Heat Pump,https://homepowerrebate.com/installers/bc/prince-george/heat-pump/,https://homepowerrebate.com/installers/badge/,4.9,79
Timberline Plumbing and Heating,timberline1.plumbing@gmail.com,Prince George,Heat Pump,https://homepowerrebate.com/installers/bc/prince-george/heat-pump/,https://homepowerrebate.com/installers/badge/,5.0,25
Expert Plumber Prince George,lynnshaw19745@gmail.com,Prince George,Heat Pump,https://homepowerrebate.com/installers/bc/prince-george/heat-pump/,https://homepowerrebate.com/installers/badge/,4.8,34
Mr Plumbing and Heating,marc@mrplumbingandheating.ca,Prince George,Heat Pump,https://homepowerrebate.com/installers/bc/prince-george/heat-pump/,https://homepowerrebate.com/installers/badge/,5.0,11
Heat Tech Heating & Ventilation Ltd,heatingshop@hotmail.com,Prince George,Heat Pump,https://homepowerrebate.com/installers/bc/prince-george/heat-pump/,https://homepowerrebate.com/installers/badge/,4.9,15
Polar Refrigeration Sales & Service Ltd,polarbh@telus.net,Prince George,Heat Pump,https://homepowerrebate.com/installers/bc/prince-george/heat-pump/,https://homepowerrebate.com/installers/badge/,4.6,79
Impetus Plumbing and Heating,info@impetusplumbingheating.com,Richmond,Heat Pump,https://homepowerrebate.com/installers/bc/richmond/heat-pump/,https://homepowerrebate.com/installers/badge/,5.0,517
Errington Mechanical - Plumbing & HVAC Richmond,info@erringtonmech.ca,Richmond,Heat Pump,https://homepowerrebate.com/installers/bc/richmond/heat-pump/,https://homepowerrebate.com/installers/badge/,5.0,113
Flex Plumbing,info@flex-plumbing.ca,Richmond,Heat Pump,https://homepowerrebate.com/installers/bc/richmond/heat-pump/,https://homepowerrebate.com/installers/badge/,5.0,70
Jolly Heating & Cooling,hello@jollyheating.com,Richmond,Heat Pump,https://homepowerrebate.com/installers/bc/richmond/heat-pump/,https://homepowerrebate.com/installers/badge/,5.0,42
"Ashton Plumbing, Heating & Air Conditioning",leadsarchive@homelocalservices.com,Richmond,Heat Pump,https://homepowerrebate.com/installers/bc/richmond/heat-pump/,https://homepowerrebate.com/installers/badge/,4.8,4997
"Milani Plumbing, Heating & Air Conditioning",info@milani.ca,Richmond,Heat Pump,https://homepowerrebate.com/installers/bc/richmond/heat-pump/,https://homepowerrebate.com/installers/badge/,4.8,462
Westrim Plumbing & Heating Ltd.,service@westrimplumbing.com,Richmond,Heat Pump,https://homepowerrebate.com/installers/bc/richmond/heat-pump/,https://homepowerrebate.com/installers/badge/,4.9,42
Season Energy,info@seasonenergy.ca,Richmond,Heat Pump,https://homepowerrebate.com/installers/bc/richmond/heat-pump/,https://homepowerrebate.com/installers/badge/,4.9,40
Harbour Energy Systems,info@harbourenergy.ca,Richmond,Heat Pump,https://homepowerrebate.com/installers/bc/richmond/heat-pump/,https://homepowerrebate.com/installers/badge/,5.0,24
Sierra Mechanical Limited,sales@sierramechanical.ca,Richmond,Heat Pump,https://homepowerrebate.com/installers/bc/richmond/heat-pump/,https://homepowerrebate.com/installers/badge/,4.9,33
Matt Fanson Plumbing,mattfplumbing@gmail.com,Squamish,Heat Pump,https://homepowerrebate.com/installers/bc/squamish/heat-pump/,https://homepowerrebate.com/installers/badge/,5.0,75
Newell Heating and Sheet Metal Ltd.,info@newellheating.com,Squamish,Heat Pump,https://homepowerrebate.com/installers/bc/squamish/heat-pump/,https://homepowerrebate.com/installers/badge/,4.9,79
Garibaldi Heating and Cooling Ltd.,info@garibaldihc.com,Squamish,Heat Pump,https://homepowerrebate.com/installers/bc/squamish/heat-pump/,https://homepowerrebate.com/installers/badge/,5.0,30
Sir Pipes-a-Lot Plumbing & Heating,dave@sirpipesalot.ca,Squamish,Heat Pump,https://homepowerrebate.com/installers/bc/squamish/heat-pump/,https://homepowerrebate.com/installers/badge/,5.0,24
Western Technical Systems Inc.,service@westerntechnical.net,Squamish,Heat Pump,https://homepowerrebate.com/installers/bc/squamish/heat-pump/,https://homepowerrebate.com/installers/badge/,4.8,101
Howe Sound Sheet Metal Ltd,howesoundsheetmetal@gmail.com,Squamish,Heat Pump,https://homepowerrebate.com/installers/bc/squamish/heat-pump/,https://homepowerrebate.com/installers/badge/,4.7,12
Big D Plumbing & Hot Water,info@squamishplumbing.ca,Squamish,Heat Pump,https://homepowerrebate.com/installers/bc/squamish/heat-pump/,https://homepowerrebate.com/installers/badge/,4.6,19
John Sadler Plumbing & Heating,service@johnsadler.ca,Surrey,Heat Pump,https://homepowerrebate.com/installers/bc/surrey/heat-pump/,https://homepowerrebate.com/installers/badge/,5.0,261
Realistic Heating & Cooling,realisticheating@telus.net,Surrey,Heat Pump,https://homepowerrebate.com/installers/bc/surrey/heat-pump/,https://homepowerrebate.com/installers/badge/,5.0,92
Nation Furnace Heating & Air Conditioning HVAC Ltd.,info@nationheating.ca,Surrey,Heat Pump,https://homepowerrebate.com/installers/bc/surrey/heat-pump/,https://homepowerrebate.com/installers/badge/,5.0,87
Sunrise Heating & Cooling Ltd.,info@sunriseheating.ca,Surrey,Heat Pump,https://homepowerrebate.com/installers/bc/surrey/heat-pump/,https://homepowerrebate.com/installers/badge/,4.9,503
JJ&A Mechanical Ltd.,info@jjamechanicalltd.com,Surrey,Heat Pump,https://homepowerrebate.com/installers/bc/surrey/heat-pump/,https://homepowerrebate.com/installers/badge/,4.9,365
Well Done Plumbing and Heating,info@welldoneplumbing.ca,Surrey,Heat Pump,https://homepowerrebate.com/installers/bc/surrey/heat-pump/,https://homepowerrebate.com/installers/badge/,4.9,264
Nagra Bros Plumbing and Heating Ltd.,nagrabros@yahoo.ca,Surrey,Heat Pump,https://homepowerrebate.com/installers/bc/surrey/heat-pump/,https://homepowerrebate.com/installers/badge/,4.9,211
Grove Mechanical - Heating & Cooling Experts,admin@grovemechanical.ca,Surrey,Heat Pump,https://homepowerrebate.com/installers/bc/surrey/heat-pump/,https://homepowerrebate.com/installers/badge/,4.9,186
Comfortpro Heat & AC,info@comfortprohvac.ca,Surrey,Heat Pump,https://homepowerrebate.com/installers/bc/surrey/heat-pump/,https://homepowerrebate.com/installers/badge/,5.0,55
Advanced furnace services and air conditioning,mobil@grandpashabet.com,Surrey,Heat Pump,https://homepowerrebate.com/installers/bc/surrey/heat-pump/,https://homepowerrebate.com/installers/badge/,5.0,55
Pacific Blue Mechanical & Plumbing,info@pacificbluemechanical.ca,Vancouver,Heat Pump,https://homepowerrebate.com/installers/bc/vancouver/heat-pump/,https://homepowerrebate.com/installers/badge/,5.0,588
Total Line Heating and Air Conditioning Ltd.,info@totallinehvac.ca,Vancouver,Heat Pump,https://homepowerrebate.com/installers/bc/vancouver/heat-pump/,https://homepowerrebate.com/installers/badge/,5.0,262
Nation Furnace Heating & Air Conditioning HVAC Ltd.,info@nationheating.ca,Vancouver,Heat Pump,https://homepowerrebate.com/installers/bc/vancouver/heat-pump/,https://homepowerrebate.com/installers/badge/,5.0,107
"Milani Plumbing, Heating & Air Conditioning",info@milani.ca,Vancouver,Heat Pump,https://homepowerrebate.com/installers/bc/vancouver/heat-pump/,https://homepowerrebate.com/installers/badge/,4.9,2974
Eco Pro Heating & Cooling,contact@ecoproheating.ca,Vancouver,Heat Pump,https://homepowerrebate.com/installers/bc/vancouver/heat-pump/,https://homepowerrebate.com/installers/badge/,4.9,423
Vanheat Services,info@vanheatservices.com,Vancouver,Heat Pump,https://homepowerrebate.com/installers/bc/vancouver/heat-pump/,https://homepowerrebate.com/installers/badge/,4.9,257
Aquatech Vancouver Heating & Air Conditioning,info@aquatechmechanical.ca,Vancouver,Heat Pump,https://homepowerrebate.com/installers/bc/vancouver/heat-pump/,https://homepowerrebate.com/installers/badge/,4.9,241
Western Pacific HVAC,info@westernpacifichvac.com,Vancouver,Heat Pump,https://homepowerrebate.com/installers/bc/vancouver/heat-pump/,https://homepowerrebate.com/installers/badge/,4.9,215
Greentech Air Conditioning and Heating (HVAC),info@greentechhvacsystems.com,Vancouver,Heat Pump,https://homepowerrebate.com/installers/bc/vancouver/heat-pump/,https://homepowerrebate.com/installers/badge/,4.9,179
Eaton’s Furnace Heating & Air Conditioning HVAC,info@eatonshomecare.com,Vancouver,Heat Pump,https://homepowerrebate.com/installers/bc/vancouver/heat-pump/,https://homepowerrebate.com/installers/badge/,4.9,92
"Vernon Air Conditioning, Plumbing & Electrical Services",info@vernonairconditioning.com,Vernon,Heat Pump,https://homepowerrebate.com/installers/bc/vernon/heat-pump/,https://homepowerrebate.com/installers/badge/,5.0,791
"Xced Plumbing, Heating & A/C Ltd.",info@xcedplumbing.com,Vernon,Heat Pump,https://homepowerrebate.com/installers/bc/vernon/heat-pump/,https://homepowerrebate.com/installers/badge/,5.0,75
TruFinity Plumbing Heating & Cooling,info@trufinity.ca,Vernon,Heat Pump,https://homepowerrebate.com/installers/bc/vernon/heat-pump/,https://homepowerrebate.com/installers/badge/,4.9,245
Applewood Heating & Air Conditioning Ltd,info@applewoodheating.net,Vernon,Heat Pump,https://homepowerrebate.com/installers/bc/vernon/heat-pump/,https://homepowerrebate.com/installers/badge/,4.8,653
Stevenson Mechanical Ltd.,info@stevensonmechanical.ca,Vernon,Heat Pump,https://homepowerrebate.com/installers/bc/vernon/heat-pump/,https://homepowerrebate.com/installers/badge/,5.0,24
Haze Heating & Air Conditioning,info@hazehvac.ca,Vernon,Heat Pump,https://homepowerrebate.com/installers/bc/vernon/heat-pump/,https://homepowerrebate.com/installers/badge/,4.9,30
Groundswell Mechanical Ltd.,travis@groundswellmechanical.ca,Vernon,Heat Pump,https://homepowerrebate.com/installers/bc/vernon/heat-pump/,https://homepowerrebate.com/installers/badge/,5.0,19
Fox Plumbing Heating Cooling Electrical,csr@foxandsons.ca,Vernon,Heat Pump,https://homepowerrebate.com/installers/bc/vernon/heat-pump/,https://homepowerrebate.com/installers/badge/,4.7,2846
Brown Mechanical Services,info@brown-mechanical.ca,Vernon,Heat Pump,https://homepowerrebate.com/installers/bc/vernon/heat-pump/,https://homepowerrebate.com/installers/badge/,4.7,148
Hao Goodair,info@haogoodair.ca,Vernon,Heat Pump,https://homepowerrebate.com/installers/bc/vernon/heat-pump/,https://homepowerrebate.com/installers/badge/,5.0,11
S P Seymour Ltd,spseymour1893@gmail.com,Vernon,Heat Pump,https://homepowerrebate.com/installers/bc/vernon/heat-pump/,https://homepowerrebate.com/installers/badge/,4.7,29
The Clear Choice Plumbing & Heating,info@theclearchoiceplumbing.com,Victoria,Heat Pump,https://homepowerrebate.com/installers/bc/victoria/heat-pump/,https://homepowerrebate.com/installers/badge/,4.9,626
Sasquatch Heat Pumps,info@sasquatchheatpumps.com,Victoria,Heat Pump,https://homepowerrebate.com/installers/bc/victoria/heat-pump/,https://homepowerrebate.com/installers/badge/,4.9,317
Barracuda Mechanical,admin@barracuda-mechanical.com,Victoria,Heat Pump,https://homepowerrebate.com/installers/bc/victoria/heat-pump/,https://homepowerrebate.com/installers/badge/,5.0,40
Method Air,info@methodair.ca,Victoria,Heat Pump,https://homepowerrebate.com/installers/bc/victoria/heat-pump/,https://homepowerrebate.com/installers/badge/,4.9,80
Uptown Air Conditioning,info@uptownac.ca,Victoria,Heat Pump,https://homepowerrebate.com/installers/bc/victoria/heat-pump/,https://homepowerrebate.com/installers/badge/,4.9,76
Trifecta Temperature Control,hello@trifectatc.com,Victoria,Heat Pump,https://homepowerrebate.com/installers/bc/victoria/heat-pump/,https://homepowerrebate.com/installers/badge/,4.9,53
RedBlue Heating & Refrigeration,sales@redbluehvac.com,Victoria,Heat Pump,https://homepowerrebate.com/installers/bc/victoria/heat-pump/,https://homepowerrebate.com/installers/badge/,4.8,179
Tidal Mechanical,info@tidalmechanical.com,Coquitlam,Heat Pump,https://homepowerrebate.com/installers/bc/coquitlam/heat-pump/,https://homepowerrebate.com/installers/badge/,5.0,78
KTA Mechanical Inc.,ktahvac@gmail.com,Kamloops,Heat Pump,https://homepowerrebate.com/installers/bc/kamloops/heat-pump/,https://homepowerrebate.com/installers/badge/,5.0,13
Triumph Heating & Air Conditioning,info@triumphheatandair.com,Kelowna,Heat Pump,https://homepowerrebate.com/installers/bc/kelowna/heat-pump/,https://homepowerrebate.com/installers/badge/,5.0,738
Zoltera Mechanical Ltd.,info@zolteramech.ca,Kelowna,Heat Pump,https://homepowerrebate.com/installers/bc/kelowna/heat-pump/,https://homepowerrebate.com/installers/badge/,5.0,191
Prime Plumbers Of Richmond,info@primeplumbers.ca,Richmond,Heat Pump,https://homepowerrebate.com/installers/bc/richmond/heat-pump/,https://homepowerrebate.com/installers/badge/,5.0,83
Bakerview Heating and Cooling,info@bvhc.ca,Surrey,Heat Pump,https://homepowerrebate.com/installers/bc/surrey/heat-pump/,https://homepowerrebate.com/installers/badge/,5.0,95
AE Electric Ltd dba AE HVAC Systems,support@ae-electric.ca,Victoria,Heat Pump,https://homepowerrebate.com/installers/bc/victoria/heat-pump/,https://homepowerrebate.com/installers/badge/,5.0,30
Bears Heating & Cooling Ltd.,impallari@gmail.com,Victoria,Heat Pump,https://homepowerrebate.com/installers/bc/victoria/heat-pump/,https://homepowerrebate.com/installers/badge/,5.0,23
The Solar Soldier,info@thesolarsoldier.net,Chicago,Home Battery,https://homepowerrebate.com/installers/il/chicago/battery/,https://homepowerrebate.com/installers/badge/,5.0,19
Ailey Solar,info@aileysolar.com,Chicago,Home Battery,https://homepowerrebate.com/installers/il/chicago/battery/,https://homepowerrebate.com/installers/badge/,4.8,63
Windfree Solar Co,info@windfree.us,Chicago,Home Battery,https://homepowerrebate.com/installers/il/chicago/battery/,https://homepowerrebate.com/installers/badge/,4.6,117
"Tully Electric, Inc.",tullyelectric@icloud.com,Aurora,Home Battery,https://homepowerrebate.com/installers/il/aurora/battery/,https://homepowerrebate.com/installers/badge/,5.0,797
Safeguard Solar LLC,info@safeguardsolarllc.com,Aurora,Home Battery,https://homepowerrebate.com/installers/il/aurora/battery/,https://homepowerrebate.com/installers/badge/,5.0,15
Aurora Electric Inc,tech@auroraelectricinc.com,Aurora,Home Battery,https://homepowerrebate.com/installers/il/aurora/battery/,https://homepowerrebate.com/installers/badge/,4.7,70
Your Naperville Electrician,yournapervilleelectrician@gmail.com,Naperville,Home Battery,https://homepowerrebate.com/installers/il/naperville/battery/,https://homepowerrebate.com/installers/badge/,5.0,165
MJP Electrical Experts Inc,mjpeoffice@gmail.com,Naperville,Home Battery,https://homepowerrebate.com/installers/il/naperville/battery/,https://homepowerrebate.com/installers/badge/,5.0,78
A-Plus Electric,info@apluselectrician.net,Naperville,Home Battery,https://homepowerrebate.com/installers/il/naperville/battery/,https://homepowerrebate.com/installers/badge/,4.4,117
SOLAR PANTHER,office@therooftiger.com,Peoria,Home Battery,https://homepowerrebate.com/installers/il/peoria/battery/,https://homepowerrebate.com/installers/badge/,5.0,80
1Earth Solar,contact@1earthsolar.com,Peoria,Home Battery,https://homepowerrebate.com/installers/il/peoria/battery/,https://homepowerrebate.com/installers/badge/,4.8,89
"One Energy Solutions, LLC",admin@one-energysolutions.com,Peoria,Home Battery,https://homepowerrebate.com/installers/il/peoria/battery/,https://homepowerrebate.com/installers/badge/,4.4,21
Oasis Electric,service@electricaloasis.com,Peoria,Home Battery,https://homepowerrebate.com/installers/il/peoria/battery/,https://homepowerrebate.com/installers/badge/,4.3,15
Energy Home Insulation Inc,office@ehinsulation.com,Peoria,Home Battery,https://homepowerrebate.com/installers/il/peoria/battery/,https://homepowerrebate.com/installers/badge/,4.3,35
Global Heating and Cooling LLC | HVAC,info@globalheatingcooling.us,Chicago,Heat Pump,https://homepowerrebate.com/installers/il/chicago/heat-pump/,https://homepowerrebate.com/installers/badge/,4.9,309
Chicago Comfort HVAC Services,info@t9x9xbs3ab.wpdns.site,Chicago,Heat Pump,https://homepowerrebate.com/installers/il/chicago/heat-pump/,https://homepowerrebate.com/installers/badge/,4.9,273
Tabor's Complete Comfort Mechanical,sales@tccmechanicalheating.com,Chicago,Heat Pump,https://homepowerrebate.com/installers/il/chicago/heat-pump/,https://homepowerrebate.com/installers/badge/,4.9,271
Browns Heating & Cooling,support@brownshvac.net,Chicago,Heat Pump,https://homepowerrebate.com/installers/il/chicago/heat-pump/,https://homepowerrebate.com/installers/badge/,4.9,207
U.S. Allied Plumbing & HVAC,info@usalliedplumbing.com,Aurora,Heat Pump,https://homepowerrebate.com/installers/il/aurora/heat-pump/,https://homepowerrebate.com/installers/badge/,4.9,237
Pillar Heating and Air Conditioning Service,travis@pillarair.com,Aurora,Heat Pump,https://homepowerrebate.com/installers/il/aurora/heat-pump/,https://homepowerrebate.com/installers/badge/,5.0,55
Step By Step Electrical & HVAC Contractor,connect@stepbystepcontractor.com,Aurora,Heat Pump,https://homepowerrebate.com/installers/il/aurora/heat-pump/,https://homepowerrebate.com/installers/badge/,5.0,38
Amazing Air Inc.,amazingairinc1979@gmail.com,Aurora,Heat Pump,https://homepowerrebate.com/installers/il/aurora/heat-pump/,https://homepowerrebate.com/installers/badge/,4.8,405
A All Temp Inc. Heating & Cooling,info@aalltemp.com,Naperville,Heat Pump,https://homepowerrebate.com/installers/il/naperville/heat-pump/,https://homepowerrebate.com/installers/badge/,4.9,718
All Seasons Heating & Cooling,sales@allseasons247.com,Naperville,Heat Pump,https://homepowerrebate.com/installers/il/naperville/heat-pump/,https://homepowerrebate.com/installers/badge/,4.9,299
American Mechanical Systems,office@americanmechanicalsystems.com,Naperville,Heat Pump,https://homepowerrebate.com/installers/il/naperville/heat-pump/,https://homepowerrebate.com/installers/badge/,5.0,53
Cool Tech Heating and Cooling,services@cooltechinstallations.com,Peoria,Heat Pump,https://homepowerrebate.com/installers/il/peoria/heat-pump/,https://homepowerrebate.com/installers/badge/,5.0,226
Griffin HVAC,douggriffinheatcool@gmail.com,Peoria,Heat Pump,https://homepowerrebate.com/installers/il/peoria/heat-pump/,https://homepowerrebate.com/installers/badge/,4.9,437
Accurate Heating & Cooling,info@accurate-heating.com,Peoria,Heat Pump,https://homepowerrebate.com/installers/il/peoria/heat-pump/,https://homepowerrebate.com/installers/badge/,4.9,368
Bratcher Heating & Air Conditioning,abcd@gmail.com,Peoria,Heat Pump,https://homepowerrebate.com/installers/il/peoria/heat-pump/,https://homepowerrebate.com/installers/badge/,4.9,334
Montefusco HVAC,wes@montefuscohvac.com,Peoria,Heat Pump,https://homepowerrebate.com/installers/il/peoria/heat-pump/,https://homepowerrebate.com/installers/badge/,4.9,137
Clean Air Doctors | Insulation Company | Spray Foam Insulation,info@cleanairdoctors.com,Chicago,Insulation,https://homepowerrebate.com/installers/il/chicago/insulation/,https://homepowerrebate.com/installers/badge/,4.8,114
Green Homes Illinois,kevin@greenhomesil.com,Peoria,Insulation,https://homepowerrebate.com/installers/il/peoria/insulation/,https://homepowerrebate.com/installers/badge/,4.8,106
Energy Home Insulation Inc,office@ehinsulation.com,Peoria,Insulation,https://homepowerrebate.com/installers/il/peoria/insulation/,https://homepowerrebate.com/installers/badge/,4.3,35
The Solar Soldier,info@thesolarsoldier.net,Chicago,Solar,https://homepowerrebate.com/installers/il/chicago/solar/,https://homepowerrebate.com/installers/badge/,5.0,19
Ailey Solar,info@aileysolar.com,Chicago,Solar,https://homepowerrebate.com/installers/il/chicago/solar/,https://homepowerrebate.com/installers/badge/,4.8,63
Clean Earth Renewables,enroll@clean-earth.org,Chicago,Solar,https://homepowerrebate.com/installers/il/chicago/solar/,https://homepowerrebate.com/installers/badge/,5.0,10
Windfree Solar Co,info@windfree.us,Chicago,Solar,https://homepowerrebate.com/installers/il/chicago/solar/,https://homepowerrebate.com/installers/badge/,4.6,117
"Quality Solar, LLC",info@qualitysolarepc.com,Chicago,Solar,https://homepowerrebate.com/installers/il/chicago/solar/,https://homepowerrebate.com/installers/badge/,4.4,30
Your Naperville Electrician,yournapervilleelectrician@gmail.com,Naperville,Solar,https://homepowerrebate.com/installers/il/naperville/solar/,https://homepowerrebate.com/installers/badge/,5.0,165
SOLAR PANTHER,office@therooftiger.com,Peoria,Solar,https://homepowerrebate.com/installers/il/peoria/solar/,https://homepowerrebate.com/installers/badge/,5.0,80
Green Homes Illinois,kevin@greenhomesil.com,Peoria,Solar,https://homepowerrebate.com/installers/il/peoria/solar/,https://homepowerrebate.com/installers/badge/,4.8,106
1Earth Solar,contact@1earthsolar.com,Peoria,Solar,https://homepowerrebate.com/installers/il/peoria/solar/,https://homepowerrebate.com/installers/badge/,4.8,89
"One Energy Solutions, LLC",admin@one-energysolutions.com,Peoria,Solar,https://homepowerrebate.com/installers/il/peoria/solar/,https://homepowerrebate.com/installers/badge/,4.4,21
Pinnacle West - Spray Foam & Coatings,pinnacle@skyvenn.com,Abbotsford,Insulation,https://homepowerrebate.com/installers/bc/abbotsford/insulation/,https://homepowerrebate.com/installers/badge/,4.9,164
Element Spray Foam Inc,info@elementsprayfoam.com,Abbotsford,Insulation,https://homepowerrebate.com/installers/bc/abbotsford/insulation/,https://homepowerrebate.com/installers/badge/,4.8,16
Assured Insulation,info@assuredinsulation.com,Kelowna,Insulation,https://homepowerrebate.com/installers/bc/kelowna/insulation/,https://homepowerrebate.com/installers/badge/,5.0,12
Optimized Spray Foam Insulation Inc.,info@optimizedsprayfoam.ca,Kelowna,Insulation,https://homepowerrebate.com/installers/bc/kelowna/insulation/,https://homepowerrebate.com/installers/badge/,5.0,12
Okanagan Insulation Services,info@okinsulation.ca,Kelowna,Insulation,https://homepowerrebate.com/installers/bc/kelowna/insulation/,https://homepowerrebate.com/installers/badge/,4.7,52
Western Insulation Ltd,info@westerninsulation.ca,Langley,Insulation,https://homepowerrebate.com/installers/bc/langley/insulation/,https://homepowerrebate.com/installers/badge/,4.9,107
"Polysource Industries Inc - Spray Foam,Slab Jacking,Protective Coatings,Spray Foam Rigs & Equipment",info@polysource.ca,Langley,Insulation,https://homepowerrebate.com/installers/bc/langley/insulation/,https://homepowerrebate.com/installers/badge/,4.9,49
Aarc-West Mechanical Insulation,info@aarc-west.com,Langley,Insulation,https://homepowerrebate.com/installers/bc/langley/insulation/,https://homepowerrebate.com/installers/badge/,4.3,29
Top Trade Insulation and Attic,careers@attics.ca,Nanaimo,Insulation,https://homepowerrebate.com/installers/bc/nanaimo/insulation/,https://homepowerrebate.com/installers/badge/,4.9,209
Harbourside Spray Foam,john@harboursidesprayfoam.com,Nanaimo,Insulation,https://homepowerrebate.com/installers/bc/nanaimo/insulation/,https://homepowerrebate.com/installers/badge/,4.9,30
Nick's Insulation,nicholassenciw@gmail.com,Nanaimo,Insulation,https://homepowerrebate.com/installers/bc/nanaimo/insulation/,https://homepowerrebate.com/installers/badge/,4.8,23
Metro Insulation Ltd,metroinsulation945@gmail.com,Surrey,Insulation,https://homepowerrebate.com/installers/bc/surrey/insulation/,https://homepowerrebate.com/installers/badge/,5.0,118
Fransor Insulation Ltd.,info@fransor.net,Surrey,Insulation,https://homepowerrebate.com/installers/bc/surrey/insulation/,https://homepowerrebate.com/installers/badge/,4.8,21
Metro standard Insulation Ltd,info@metrostandardinsulation.com,Surrey,Insulation,https://homepowerrebate.com/installers/bc/surrey/insulation/,https://homepowerrebate.com/installers/badge/,4.6,41
Wolf Spray Foam Inc.,info@wolfsprayfoam.ca,Surrey,Insulation,https://homepowerrebate.com/installers/bc/surrey/insulation/,https://homepowerrebate.com/installers/badge/,4.6,31
BC Spray Foam & Insulation Systems,sales@bcspray.com,Surrey,Insulation,https://homepowerrebate.com/installers/bc/surrey/insulation/,https://homepowerrebate.com/installers/badge/,4.3,20
Advance Insulation Canada,info@advanceinsulation.ca,Victoria,Insulation,https://homepowerrebate.com/installers/bc/victoria/insulation/,https://homepowerrebate.com/installers/badge/,5.0,57
Ecolofty Green Insulation,christina@ecolofty.com,Victoria,Insulation,https://homepowerrebate.com/installers/bc/victoria/insulation/,https://homepowerrebate.com/installers/badge/,5.0,32
EcoTek Spray Foam Ltd,info@ecoteksprayfoam.com,Victoria,Insulation,https://homepowerrebate.com/installers/bc/victoria/insulation/,https://homepowerrebate.com/installers/badge/,4.8,20
Modern Energy,scheduling@modernenergynow.com,Worcester,Home Battery,https://homepowerrebate.com/installers/ma/worcester/battery/,https://homepowerrebate.com/installers/badge/,4.9,202
"World Energy Services, LLC",info@worldenergyes.com,Worcester,Home Battery,https://homepowerrebate.com/installers/ma/worcester/battery/,https://homepowerrebate.com/installers/badge/,5.0,28
"East Coast Solar, LLC",info@eastcoast.solar,Worcester,Home Battery,https://homepowerrebate.com/installers/ma/worcester/battery/,https://homepowerrebate.com/installers/badge/,5.0,18
Assured On Energy,support@assuredonenergyco.com,Worcester,Home Battery,https://homepowerrebate.com/installers/ma/worcester/battery/,https://homepowerrebate.com/installers/badge/,4.9,12
E/R Electric,e.r_electric@yahoo.com,Cambridge,Home Battery,https://homepowerrebate.com/installers/ma/cambridge/battery/,https://homepowerrebate.com/installers/badge/,4.9,155
Cambridge Solar,info@cambridge-solar.co.uk,Cambridge,Home Battery,https://homepowerrebate.com/installers/ma/cambridge/battery/,https://homepowerrebate.com/installers/badge/,4.4,79
C2S Energy,info@c2senergy.com,New Bedford,Home Battery,https://homepowerrebate.com/installers/ma/new-bedford/battery/,https://homepowerrebate.com/installers/badge/,4.9,190
Horvitz Plumbing & Heating,service@horvitzplumbing.com,Boston,Heat Pump,https://homepowerrebate.com/installers/ma/boston/heat-pump/,https://homepowerrebate.com/installers/badge/,5.0,144
Presidential HVAC,info@peboston.com,Boston,Heat Pump,https://homepowerrebate.com/installers/ma/boston/heat-pump/,https://homepowerrebate.com/installers/badge/,4.9,221
EHC Inc Electrical Heating Cooling,office@callehc.com,Boston,Heat Pump,https://homepowerrebate.com/installers/ma/boston/heat-pump/,https://homepowerrebate.com/installers/badge/,4.8,266
"Fire & Ice HVAC, LLC",fireandicehvac@ymail.com,Boston,Heat Pump,https://homepowerrebate.com/installers/ma/boston/heat-pump/,https://homepowerrebate.com/installers/badge/,4.9,53
Boston HVAC Contractors: Heating & Air Conditioning Inc.,info@bostonhvaccontractors.com,Boston,Heat Pump,https://homepowerrebate.com/installers/ma/boston/heat-pump/,https://homepowerrebate.com/installers/badge/,4.9,13
Mass Pike Plumbing & Heating,masspikeplumbing@gmail.com,Worcester,Heat Pump,https://homepowerrebate.com/installers/ma/worcester/heat-pump/,https://homepowerrebate.com/installers/badge/,5.0,107
Domination Plumbing and Heating,info@dominationplumbing.com,Worcester,Heat Pump,https://homepowerrebate.com/installers/ma/worcester/heat-pump/,https://homepowerrebate.com/installers/badge/,4.8,376
Premier Heating and Cooling,info@premierhvaccompany.com,Worcester,Heat Pump,https://homepowerrebate.com/installers/ma/worcester/heat-pump/,https://homepowerrebate.com/installers/badge/,4.8,132
Turkey Heating & Cooling,info@turkeyhvac.com,Worcester,Heat Pump,https://homepowerrebate.com/installers/ma/worcester/heat-pump/,https://homepowerrebate.com/installers/badge/,4.9,42
"Reliable HVAC, Inc.",officereliablehvac@gmail.com,Worcester,Heat Pump,https://homepowerrebate.com/installers/ma/worcester/heat-pump/,https://homepowerrebate.com/installers/badge/,4.8,80
KING OF SERVICE LLC,contact@kingofservicellc.com,Worcester,Heat Pump,https://homepowerrebate.com/installers/ma/worcester/heat-pump/,https://homepowerrebate.com/installers/badge/,5.0,18
"C & C Temp Control, Inc.",bob@cctempcontrol.com,Worcester,Heat Pump,https://homepowerrebate.com/installers/ma/worcester/heat-pump/,https://homepowerrebate.com/installers/badge/,4.6,215
R.Fresolo Plumbing & Heating Inc.,info@fresoloplumbing.com,Worcester,Heat Pump,https://homepowerrebate.com/installers/ma/worcester/heat-pump/,https://homepowerrebate.com/installers/badge/,4.5,49
Clean Air Mechanical,jon@cleanairmech.com,Springfield,Heat Pump,https://homepowerrebate.com/installers/ma/springfield/heat-pump/,https://homepowerrebate.com/installers/badge/,4.6,62
McNeill Heating & Air Conditioning,info@mcneillhvac.com,Springfield,Heat Pump,https://homepowerrebate.com/installers/ma/springfield/heat-pump/,https://homepowerrebate.com/installers/badge/,4.5,182
"Minuteman Plumbing, Heating & Cooling",info@minutemanplumbing.com,Cambridge,Heat Pump,https://homepowerrebate.com/installers/ma/cambridge/heat-pump/,https://homepowerrebate.com/installers/badge/,5.0,307
YurTek - Heating and Cooling,contact@yurtek.com,Lowell,Heat Pump,https://homepowerrebate.com/installers/ma/lowell/heat-pump/,https://homepowerrebate.com/installers/badge/,5.0,94
Armory Plumbing Inc.,office@armoryplumbinginc.com,Lowell,Heat Pump,https://homepowerrebate.com/installers/ma/lowell/heat-pump/,https://homepowerrebate.com/installers/badge/,4.9,120
Druziako HVAC Inc.,office@druziakohvac.com,Lowell,Heat Pump,https://homepowerrebate.com/installers/ma/lowell/heat-pump/,https://homepowerrebate.com/installers/badge/,4.8,210
North Point Plumbing and Heating,info@northpointph.com,Lowell,Heat Pump,https://homepowerrebate.com/installers/ma/lowell/heat-pump/,https://homepowerrebate.com/installers/badge/,5.0,14
Welch Brothers Co Inc,wblowell@comcast.net,Lowell,Heat Pump,https://homepowerrebate.com/installers/ma/lowell/heat-pump/,https://homepowerrebate.com/installers/badge/,4.5,15
"David M Murphy Plumbing, Heating and Gas Fitting, Inc.",davidmurphyphgf@murphyplumbinginc.com,Lowell,Heat Pump,https://homepowerrebate.com/installers/ma/lowell/heat-pump/,https://homepowerrebate.com/installers/badge/,4.5,76
J. W. HVAC,jwhvacserviceandrepair@gmail.com,Brockton,Heat Pump,https://homepowerrebate.com/installers/ma/brockton/heat-pump/,https://homepowerrebate.com/installers/badge/,5.0,179
"Lambert's Plumbing, Heating, and Air Conditioning",lambertsplumbing@hotmail.com,Brockton,Heat Pump,https://homepowerrebate.com/installers/ma/brockton/heat-pump/,https://homepowerrebate.com/installers/badge/,4.7,104
Anania Plumbing & Heating Inc,kendra@ananiaplumbing.com,Brockton,Heat Pump,https://homepowerrebate.com/installers/ma/brockton/heat-pump/,https://homepowerrebate.com/installers/badge/,4.8,24
All Town Heating & A/C Inc,athac23@gmail.com,Brockton,Heat Pump,https://homepowerrebate.com/installers/ma/brockton/heat-pump/,https://homepowerrebate.com/installers/badge/,4.7,68
InMotion Plumbing and Heating Corp,info@inmotionplumbing.com,New Bedford,Heat Pump,https://homepowerrebate.com/installers/ma/new-bedford/heat-pump/,https://homepowerrebate.com/installers/badge/,5.0,36
Coelho's Plumbing & Heating,coelhos.plumbing.heating@gmail.com,New Bedford,Heat Pump,https://homepowerrebate.com/installers/ma/new-bedford/heat-pump/,https://homepowerrebate.com/installers/badge/,4.8,76
Casper Plumbing & Heating,casperphdc@gmail.com,Quincy,Heat Pump,https://homepowerrebate.com/installers/ma/quincy/heat-pump/,https://homepowerrebate.com/installers/badge/,5.0,241
Home Comfort Solutions LLC,office@homecomfortsolutionsma.com,Quincy,Heat Pump,https://homepowerrebate.com/installers/ma/quincy/heat-pump/,https://homepowerrebate.com/installers/badge/,5.0,93
JamesWu HVAC and plumbing,jameswuhvac@gmail.com,Quincy,Heat Pump,https://homepowerrebate.com/installers/ma/quincy/heat-pump/,https://homepowerrebate.com/installers/badge/,5.0,50
Cardarelli Plumbing & Heating,support@cardarelliplumbing.com,Quincy,Heat Pump,https://homepowerrebate.com/installers/ma/quincy/heat-pump/,https://homepowerrebate.com/installers/badge/,4.9,47
T&K Mechanical,tk@tkmechmass.com,Quincy,Heat Pump,https://homepowerrebate.com/installers/ma/quincy/heat-pump/,https://homepowerrebate.com/installers/badge/,4.8,151
Duda Enterprises,utubepros@gmail.com,Quincy,Heat Pump,https://homepowerrebate.com/installers/ma/quincy/heat-pump/,https://homepowerrebate.com/installers/badge/,4.8,32
DeNardo Heating And Cooling,denardohvac@gmail.com,Lynn,Heat Pump,https://homepowerrebate.com/installers/ma/lynn/heat-pump/,https://homepowerrebate.com/installers/badge/,4.9,180
"Cooling & Heating Solutions, LLC",support@coolingandheatingsolutions.net,Lynn,Heat Pump,https://homepowerrebate.com/installers/ma/lynn/heat-pump/,https://homepowerrebate.com/installers/badge/,4.6,22
Swampscott Refrigeration,swamphvac@verizon.net,Lynn,Heat Pump,https://homepowerrebate.com/installers/ma/lynn/heat-pump/,https://homepowerrebate.com/installers/badge/,4.3,27
"Michael Russo Plumbing & Heating Co., Inc.",drusso@mrussoplumbing.com,Lynn,Heat Pump,https://homepowerrebate.com/installers/ma/lynn/heat-pump/,https://homepowerrebate.com/installers/badge/,4.2,53
"Aguiar Plumbing & Heating, INC.",aguiarph4741@gmail.com,Fall River,Heat Pump,https://homepowerrebate.com/installers/ma/fall-river/heat-pump/,https://homepowerrebate.com/installers/badge/,5.0,46
JAW Service Contractors,jarekwalsh@jawservicecontractors.com,Fall River,Heat Pump,https://homepowerrebate.com/installers/ma/fall-river/heat-pump/,https://homepowerrebate.com/installers/badge/,5.0,25
Sardinha M & Son Plumbing & Heating,msardinhaplumbing@verizon.net,Fall River,Heat Pump,https://homepowerrebate.com/installers/ma/fall-river/heat-pump/,https://homepowerrebate.com/installers/badge/,4.6,41
Accurate Baker Elman,info@accurateheat.com,Newton,Heat Pump,https://homepowerrebate.com/installers/ma/newton/heat-pump/,https://homepowerrebate.com/installers/badge/,4.9,666
Nascimento HVAC & Plumbing Inc,nascimentohvacplumbing@gmail.com,Newton,Heat Pump,https://homepowerrebate.com/installers/ma/newton/heat-pump/,https://homepowerrebate.com/installers/badge/,4.6,28
R P Holmes Corporation,sholmes@rpholmes.com,Newton,Heat Pump,https://homepowerrebate.com/installers/ma/newton/heat-pump/,https://homepowerrebate.com/installers/badge/,4.1,22
AirSupp Heating & Cooling,info@airsupp.org,Somerville,Heat Pump,https://homepowerrebate.com/installers/ma/somerville/heat-pump/,https://homepowerrebate.com/installers/badge/,5.0,45
Green Tech Plumbing & Heating,gtph0022@gmail.com,Somerville,Heat Pump,https://homepowerrebate.com/installers/ma/somerville/heat-pump/,https://homepowerrebate.com/installers/badge/,4.8,524
Manatee Energy Heat Pumps,hello@manatee.energy,Somerville,Heat Pump,https://homepowerrebate.com/installers/ma/somerville/heat-pump/,https://homepowerrebate.com/installers/badge/,5.0,11
67 Degrees Heating & Cooling,info@67degreescool.com,Lawrence,Heat Pump,https://homepowerrebate.com/installers/ma/lawrence/heat-pump/,https://homepowerrebate.com/installers/badge/,5.0,57
Air Man Heating & Cooling - Mass,info@airmanheatingac.com,Lawrence,Heat Pump,https://homepowerrebate.com/installers/ma/lawrence/heat-pump/,https://homepowerrebate.com/installers/badge/,4.9,56
Ferguson HVAC,customer.support@ferguson.com,Boston,Heat Pump,https://homepowerrebate.com/installers/ma/boston/heat-pump/,https://homepowerrebate.com/installers/badge/,4.9,42
Casa Comfort,valondalipi_27@hotmail.com,Worcester,Heat Pump,https://homepowerrebate.com/installers/ma/worcester/heat-pump/,https://homepowerrebate.com/installers/badge/,5.0,11
Modern Energy,scheduling@modernenergynow.com,Worcester,Heat Pump,https://homepowerrebate.com/installers/ma/worcester/heat-pump/,https://homepowerrebate.com/installers/badge/,4.9,198
S.D.H. Plumbing & Heating,sdhplumb@gmail.com,Newton,Heat Pump,https://homepowerrebate.com/installers/ma/newton/heat-pump/,https://homepowerrebate.com/installers/badge/,4.9,458
United Refrigeration Inc,info@uri.com,Somerville,Heat Pump,https://homepowerrebate.com/installers/ma/somerville/heat-pump/,https://homepowerrebate.com/installers/badge/,4.9,14
Modern Energy,scheduling@modernenergynow.com,Worcester,Insulation,https://homepowerrebate.com/installers/ma/worcester/insulation/,https://homepowerrebate.com/installers/badge/,4.9,202
"Custom Insulation Company, Inc.",info@custominsulation.com,Worcester,Insulation,https://homepowerrebate.com/installers/ma/worcester/insulation/,https://homepowerrebate.com/installers/badge/,4.8,56
Green Insulation Group,info@greeninsulationgroup.com,Worcester,Insulation,https://homepowerrebate.com/installers/ma/worcester/insulation/,https://homepowerrebate.com/installers/badge/,5.0,11
Alternative Weatherization Inc,alternativeweatherization@gmail.com,Fall River,Insulation,https://homepowerrebate.com/installers/ma/fall-river/insulation/,https://homepowerrebate.com/installers/badge/,4.9,79
"Retrofit Insulation, Inc.",info@retrofitinsulation.com,Fall River,Insulation,https://homepowerrebate.com/installers/ma/fall-river/insulation/,https://homepowerrebate.com/installers/badge/,5.0,11
Insulate2Save Inc.,info@insulate2save.net,Fall River,Insulation,https://homepowerrebate.com/installers/ma/fall-river/insulation/,https://homepowerrebate.com/installers/badge/,4.6,40
Modern Energy,scheduling@modernenergynow.com,Worcester,Solar,https://homepowerrebate.com/installers/ma/worcester/solar/,https://homepowerrebate.com/installers/badge/,4.9,202
"World Energy Services, LLC",info@worldenergyes.com,Worcester,Solar,https://homepowerrebate.com/installers/ma/worcester/solar/,https://homepowerrebate.com/installers/badge/,5.0,28
"East Coast Solar, LLC",info@eastcoast.solar,Worcester,Solar,https://homepowerrebate.com/installers/ma/worcester/solar/,https://homepowerrebate.com/installers/badge/,5.0,18
Wattson Home Solutions,save@wattsonhomesolutions.com,Worcester,Solar,https://homepowerrebate.com/installers/ma/worcester/solar/,https://homepowerrebate.com/installers/badge/,4.3,118
C2S Energy,info@c2senergy.com,New Bedford,Solar,https://homepowerrebate.com/installers/ma/new-bedford/solar/,https://homepowerrebate.com/installers/badge/,4.9,190
Strawberry Solar,sales@strawberrysolar.com,Detroit,Home Battery,https://homepowerrebate.com/installers/mi/detroit/battery/,https://homepowerrebate.com/installers/badge/,4.7,80
"Eco Electric, LLC",office@ecoelectric.llc,Grand Rapids,Home Battery,https://homepowerrebate.com/installers/mi/grand-rapids/battery/,https://homepowerrebate.com/installers/badge/,4.7,89
Bazen Electric,info@bazenelectric.com,Grand Rapids,Home Battery,https://homepowerrebate.com/installers/mi/grand-rapids/battery/,https://homepowerrebate.com/installers/badge/,4.6,23
NuLimit Electric,nulimitelectric@gmail.com,Ann Arbor,Home Battery,https://homepowerrebate.com/installers/mi/ann-arbor/battery/,https://homepowerrebate.com/installers/badge/,4.9,107
ADAMS ELECTRIC SHOP LLC,info@adamselectricshop.com,Ann Arbor,Home Battery,https://homepowerrebate.com/installers/mi/ann-arbor/battery/,https://homepowerrebate.com/installers/badge/,4.9,87
Dan Del Zoppo Electric Co Inc,danselectric@comcast.net,Ann Arbor,Home Battery,https://homepowerrebate.com/installers/mi/ann-arbor/battery/,https://homepowerrebate.com/installers/badge/,5.0,33
Kingfisher Electric,noah@kingfisherannarbor.com,Ann Arbor,Home Battery,https://homepowerrebate.com/installers/mi/ann-arbor/battery/,https://homepowerrebate.com/installers/badge/,5.0,32
Mister Sparky Electric,kyle@mseannarbor.com,Ann Arbor,Home Battery,https://homepowerrebate.com/installers/mi/ann-arbor/battery/,https://homepowerrebate.com/installers/badge/,4.9,50
Wire Works,scheduling@wireworksinc.com,Lansing,Home Battery,https://homepowerrebate.com/installers/mi/lansing/battery/,https://homepowerrebate.com/installers/badge/,5.0,327
Absolute Solar,info@absolutesolar.com,Lansing,Home Battery,https://homepowerrebate.com/installers/mi/lansing/battery/,https://homepowerrebate.com/installers/badge/,4.7,48
Sol Solar / Solar pros / Freedom Forever,customersupport@freedomforever.com,Lansing,Home Battery,https://homepowerrebate.com/installers/mi/lansing/battery/,https://homepowerrebate.com/installers/badge/,4.5,34
FD Hayes Electric Company,info@fdhayes.com,Lansing,Home Battery,https://homepowerrebate.com/installers/mi/lansing/battery/,https://homepowerrebate.com/installers/badge/,4.5,101
WAYNE COUNTY HVAC LLC,waynecountyhvac@gmail.com,Detroit,Heat Pump,https://homepowerrebate.com/installers/mi/detroit/heat-pump/,https://homepowerrebate.com/installers/badge/,5.0,39
System Pros Heating & Cooling,info@systemprosheatingandcooling.com,Detroit,Heat Pump,https://homepowerrebate.com/installers/mi/detroit/heat-pump/,https://homepowerrebate.com/installers/badge/,5.0,14
Manning Mechanical,info@manningheatingdetroit.com,Detroit,Heat Pump,https://homepowerrebate.com/installers/mi/detroit/heat-pump/,https://homepowerrebate.com/installers/badge/,4.7,218
A&H HVAC SERVICES,aandh4@gmail.com,Detroit,Heat Pump,https://homepowerrebate.com/installers/mi/detroit/heat-pump/,https://homepowerrebate.com/installers/badge/,4.6,222
Klima Comfort Solutions,orders@mywebsite-now.com,Grand Rapids,Heat Pump,https://homepowerrebate.com/installers/mi/grand-rapids/heat-pump/,https://homepowerrebate.com/installers/badge/,5.0,184
Pro-Tech Heating & Cooling,justbetter@protechgr.com,Grand Rapids,Heat Pump,https://homepowerrebate.com/installers/mi/grand-rapids/heat-pump/,https://homepowerrebate.com/installers/badge/,4.9,1310
R&R Heating and Cooling,customerservice@rrmechanicalsvs.com,Grand Rapids,Heat Pump,https://homepowerrebate.com/installers/mi/grand-rapids/heat-pump/,https://homepowerrebate.com/installers/badge/,4.9,476
Grapids Home Services,info@grheat.com,Grand Rapids,Heat Pump,https://homepowerrebate.com/installers/mi/grand-rapids/heat-pump/,https://homepowerrebate.com/installers/badge/,4.8,5638
Jacobson Heating & Cooling,jacobson@jacobsonheating.com,Grand Rapids,Heat Pump,https://homepowerrebate.com/installers/mi/grand-rapids/heat-pump/,https://homepowerrebate.com/installers/badge/,4.8,634
Al's Water Heater Sales & Services,alswaterheaters@yahoo.com,Ann Arbor,Heat Pump,https://homepowerrebate.com/installers/mi/ann-arbor/heat-pump/,https://homepowerrebate.com/installers/badge/,5.0,1001
Indoor Comfort Heating & Cooling,info@indoorcomfort.com&quot;&gt;info@indoorcomfort.com&lt;/a&gt,Ann Arbor,Heat Pump,https://homepowerrebate.com/installers/mi/ann-arbor/heat-pump/,https://homepowerrebate.com/installers/badge/,5.0,592
CMR Mechanical - Ann Arbor,info@cmrmechanical.com,Ann Arbor,Heat Pump,https://homepowerrebate.com/installers/mi/ann-arbor/heat-pump/,https://homepowerrebate.com/installers/badge/,5.0,76
"Fry Heating, Cooling & Plumbing",askfry@relyonfry.com,Ann Arbor,Heat Pump,https://homepowerrebate.com/installers/mi/ann-arbor/heat-pump/,https://homepowerrebate.com/installers/badge/,4.9,223
Jetstream Mechanical,info@jetstreammechanical.net,Ann Arbor,Heat Pump,https://homepowerrebate.com/installers/mi/ann-arbor/heat-pump/,https://homepowerrebate.com/installers/badge/,4.9,116
4-Seasons Company,randyjkoch1@gmail.com,Ann Arbor,Heat Pump,https://homepowerrebate.com/installers/mi/ann-arbor/heat-pump/,https://homepowerrebate.com/installers/badge/,4.9,66
Hager Fox Heating & Air Conditioning,info@hagerfox.com,Lansing,Heat Pump,https://homepowerrebate.com/installers/mi/lansing/heat-pump/,https://homepowerrebate.com/installers/badge/,4.9,2252
Doty Service Network,info@dotymechanical.com,Lansing,Heat Pump,https://homepowerrebate.com/installers/mi/lansing/heat-pump/,https://homepowerrebate.com/installers/badge/,4.9,633
Rise Up Heating & Cooling,517vent@gmail.com,Lansing,Heat Pump,https://homepowerrebate.com/installers/mi/lansing/heat-pump/,https://homepowerrebate.com/installers/badge/,4.8,157
G.L. Wilson Heating & Cooling,amanda.s@glwilsonheatingcool.com,Lansing,Heat Pump,https://homepowerrebate.com/installers/mi/lansing/heat-pump/,https://homepowerrebate.com/installers/badge/,4.7,251
IDI: Insulation Distributors Inc. & Service Center,grrorders@idimn.com,Grand Rapids,Insulation,https://homepowerrebate.com/installers/mi/grand-rapids/insulation/,https://homepowerrebate.com/installers/badge/,4.9,70
VerWys Home Insulation,info@verwysinsulation.com,Grand Rapids,Insulation,https://homepowerrebate.com/installers/mi/grand-rapids/insulation/,https://homepowerrebate.com/installers/badge/,4.8,128
The Insulation Station,office@theinsulationstation.com,Grand Rapids,Insulation,https://homepowerrebate.com/installers/mi/grand-rapids/insulation/,https://homepowerrebate.com/installers/badge/,5.0,16
Acme Insulations,orders@acmeinsulations.com,Grand Rapids,Insulation,https://homepowerrebate.com/installers/mi/grand-rapids/insulation/,https://homepowerrebate.com/installers/badge/,4.3,23
"Thermal Building Solutions, LLC",nikomichos@thermalsolutions.us,Ann Arbor,Insulation,https://homepowerrebate.com/installers/mi/ann-arbor/insulation/,https://homepowerrebate.com/installers/badge/,5.0,31
Ecotelligent Homes,admin@ecotelligenthomes.com,Ann Arbor,Insulation,https://homepowerrebate.com/installers/mi/ann-arbor/insulation/,https://homepowerrebate.com/installers/badge/,4.9,11
Spink Insulation,office@spinkinsulation.com,Ann Arbor,Insulation,https://homepowerrebate.com/installers/mi/ann-arbor/insulation/,https://homepowerrebate.com/installers/badge/,4.4,12
Ms. Green Construction,aprilmsgreen@gmail.com,Ann Arbor,Insulation,https://homepowerrebate.com/installers/mi/ann-arbor/insulation/,https://homepowerrebate.com/installers/badge/,4.3,27
Your Home Solution Experts,service@yhsepro.com,Lansing,Insulation,https://homepowerrebate.com/installers/mi/lansing/insulation/,https://homepowerrebate.com/installers/badge/,4.9,520
Solar Shades window tinting,solarshades1@gmail.com,Detroit,Solar,https://homepowerrebate.com/installers/mi/detroit/solar/,https://homepowerrebate.com/installers/badge/,5.0,210
Strawberry Solar,sales@strawberrysolar.com,Detroit,Solar,https://homepowerrebate.com/installers/mi/detroit/solar/,https://homepowerrebate.com/installers/badge/,4.7,80
NuLimit Electric,nulimitelectric@gmail.com,Ann Arbor,Solar,https://homepowerrebate.com/installers/mi/ann-arbor/solar/,https://homepowerrebate.com/installers/badge/,4.9,107
Kingfisher Electric,noah@kingfisherannarbor.com,Ann Arbor,Solar,https://homepowerrebate.com/installers/mi/ann-arbor/solar/,https://homepowerrebate.com/installers/badge/,5.0,32
Mister Sparky Electric,kyle@mseannarbor.com,Ann Arbor,Solar,https://homepowerrebate.com/installers/mi/ann-arbor/solar/,https://homepowerrebate.com/installers/badge/,4.9,50
Ms. Green Construction,aprilmsgreen@gmail.com,Ann Arbor,Solar,https://homepowerrebate.com/installers/mi/ann-arbor/solar/,https://homepowerrebate.com/installers/badge/,4.3,27
Wire Works,scheduling@wireworksinc.com,Lansing,Solar,https://homepowerrebate.com/installers/mi/lansing/solar/,https://homepowerrebate.com/installers/badge/,5.0,327
Absolute Solar,info@absolutesolar.com,Lansing,Solar,https://homepowerrebate.com/installers/mi/lansing/solar/,https://homepowerrebate.com/installers/badge/,4.7,48
Window World Mid-Michigan,midmichigan@windowworld.com,Lansing,Solar,https://homepowerrebate.com/installers/mi/lansing/solar/,https://homepowerrebate.com/installers/badge/,4.6,237
Sol Solar / Solar pros / Freedom Forever,customersupport@freedomforever.com,Lansing,Solar,https://homepowerrebate.com/installers/mi/lansing/solar/,https://homepowerrebate.com/installers/badge/,4.5,34
"BlazingStar Energy, LLC",info@blazingstarenergy.com,Minneapolis,Home Battery,https://homepowerrebate.com/installers/mn/minneapolis/battery/,https://homepowerrebate.com/installers/badge/,5.0,19
US Solar - United States Solar Corporation,info@us-solar.com,Minneapolis,Home Battery,https://homepowerrebate.com/installers/mn/minneapolis/battery/,https://homepowerrebate.com/installers/badge/,4.6,116
EarlyBird Electric,service@legendsmn.com,Rochester,Home Battery,https://homepowerrebate.com/installers/mn/rochester/battery/,https://homepowerrebate.com/installers/badge/,4.9,217
Med City Electric LLC,info@indiantypefoundry.com,Rochester,Home Battery,https://homepowerrebate.com/installers/mn/rochester/battery/,https://homepowerrebate.com/installers/badge/,5.0,25
"Accord Electric, Inc.",info@accordelectric.net,Rochester,Home Battery,https://homepowerrebate.com/installers/mn/rochester/battery/,https://homepowerrebate.com/installers/badge/,4.8,30
Champion Solar,info@championsolar.com,Rochester,Home Battery,https://homepowerrebate.com/installers/mn/rochester/battery/,https://homepowerrebate.com/installers/badge/,5.0,11
Solar Connection,info@solarconnectioninc.com,Rochester,Home Battery,https://homepowerrebate.com/installers/mn/rochester/battery/,https://homepowerrebate.com/installers/badge/,4.7,65
Electrical Solutions & Service,rob@letsgetwiredmn.com,Rochester,Home Battery,https://homepowerrebate.com/installers/mn/rochester/battery/,https://homepowerrebate.com/installers/badge/,4.4,59
Lotus Electric,lotuselectric@schedulingsolutions.io,Duluth,Home Battery,https://homepowerrebate.com/installers/mn/duluth/battery/,https://homepowerrebate.com/installers/badge/,4.9,184
"Wescom, Inc",info@wescominc.com,Duluth,Home Battery,https://homepowerrebate.com/installers/mn/duluth/battery/,https://homepowerrebate.com/installers/badge/,4.9,81
Luke's Electric,lukeselectricdlh@outlook.com,Duluth,Home Battery,https://homepowerrebate.com/installers/mn/duluth/battery/,https://homepowerrebate.com/installers/badge/,5.0,36
Star Power Electric,john@star-power-electric.com,Duluth,Home Battery,https://homepowerrebate.com/installers/mn/duluth/battery/,https://homepowerrebate.com/installers/badge/,5.0,27
Optimum Energy Group,inquiries@optimumsolargroup.com,Duluth,Home Battery,https://homepowerrebate.com/installers/mn/duluth/battery/,https://homepowerrebate.com/installers/badge/,4.8,109
Duluth Electrical Contracting Inc,john@duluthelectrical.com,Duluth,Home Battery,https://homepowerrebate.com/installers/mn/duluth/battery/,https://homepowerrebate.com/installers/badge/,4.6,26
"Pronto Heating and Air Conditioning, Inc.",office@prontoheat.com,Minneapolis,Heat Pump,https://homepowerrebate.com/installers/mn/minneapolis/heat-pump/,https://homepowerrebate.com/installers/badge/,4.9,5918
Stafford Home Service,sales@staffordhomeservice.com,Minneapolis,Heat Pump,https://homepowerrebate.com/installers/mn/minneapolis/heat-pump/,https://homepowerrebate.com/installers/badge/,4.9,1523
Endless Quality And Comfort,endlessqualityandcomfort@gmail.com,Minneapolis,Heat Pump,https://homepowerrebate.com/installers/mn/minneapolis/heat-pump/,https://homepowerrebate.com/installers/badge/,5.0,87
Hurlburt Heating & Plumbing,office@hurlburthp.com,Minneapolis,Heat Pump,https://homepowerrebate.com/installers/mn/minneapolis/heat-pump/,https://homepowerrebate.com/installers/badge/,4.9,549
Midwest Heating&Cooling,midwest.hvacc@gmail.com,Minneapolis,Heat Pump,https://homepowerrebate.com/installers/mn/minneapolis/heat-pump/,https://homepowerrebate.com/installers/badge/,4.9,67
Ray N. Welter Heating Company,info@welterheating.com,Minneapolis,Heat Pump,https://homepowerrebate.com/installers/mn/minneapolis/heat-pump/,https://homepowerrebate.com/installers/badge/,4.8,209
Midland Heating & Cooling,service@midlandhtg.com,Minneapolis,Heat Pump,https://homepowerrebate.com/installers/mn/minneapolis/heat-pump/,https://homepowerrebate.com/installers/badge/,4.8,172
Action Plumbing & Heating,ctesdahl@actionplumbingheating.net,Rochester,Heat Pump,https://homepowerrebate.com/installers/mn/rochester/heat-pump/,https://homepowerrebate.com/installers/badge/,4.8,246
"Hero: Plumbing, Heating, Cooling, Drains, Ducts & Electrical",customerservice@callhero.com,Rochester,Heat Pump,https://homepowerrebate.com/installers/mn/rochester/heat-pump/,https://homepowerrebate.com/installers/badge/,4.8,144
Superior Mechanical,info@superiormechanical.us,Rochester,Heat Pump,https://homepowerrebate.com/installers/mn/rochester/heat-pump/,https://homepowerrebate.com/installers/badge/,4.4,94
Kalkbrenner Plumbing & Heating Inc,john@gmail.com,Duluth,Heat Pump,https://homepowerrebate.com/installers/mn/duluth/heat-pump/,https://homepowerrebate.com/installers/badge/,5.0,242
Plumbing and Heating Solutions Inc,stonephsolutions@gmail.com,Duluth,Heat Pump,https://homepowerrebate.com/installers/mn/duluth/heat-pump/,https://homepowerrebate.com/installers/badge/,5.0,83
"Design Heating, LLC",office@designheating.net,Duluth,Heat Pump,https://homepowerrebate.com/installers/mn/duluth/heat-pump/,https://homepowerrebate.com/installers/badge/,4.9,121
Veterans Heating & Cooling,info@veteransheating.com,Duluth,Heat Pump,https://homepowerrebate.com/installers/mn/duluth/heat-pump/,https://homepowerrebate.com/installers/badge/,4.9,100
A G O'Brien Plumbing & Heating Co,dan@agobrien.com,Duluth,Heat Pump,https://homepowerrebate.com/installers/mn/duluth/heat-pump/,https://homepowerrebate.com/installers/badge/,4.8,418
Harbor Mechanical Inc,seth@harbormechanical.com,Duluth,Heat Pump,https://homepowerrebate.com/installers/mn/duluth/heat-pump/,https://homepowerrebate.com/installers/badge/,4.8,131
Spray Foam Insulation Plus,info@sfiplus.com,Minneapolis,Insulation,https://homepowerrebate.com/installers/mn/minneapolis/insulation/,https://homepowerrebate.com/installers/badge/,4.9,60
Minneapolis Insulation,contact@snapconstruction.com,Minneapolis,Insulation,https://homepowerrebate.com/installers/mn/minneapolis/insulation/,https://homepowerrebate.com/installers/badge/,5.0,32
Minneapolis Spray Foam Insulation Pros,sprayfoamminneapolis@gmail.com,Minneapolis,Insulation,https://homepowerrebate.com/installers/mn/minneapolis/insulation/,https://homepowerrebate.com/installers/badge/,4.9,50
US Solar - United States Solar Corporation,info@us-solar.com,Minneapolis,Solar,https://homepowerrebate.com/installers/mn/minneapolis/solar/,https://homepowerrebate.com/installers/badge/,4.6,116
Med City Electric LLC,info@indiantypefoundry.com,Rochester,Solar,https://homepowerrebate.com/installers/mn/rochester/solar/,https://homepowerrebate.com/installers/badge/,5.0,25
Champion Solar,info@championsolar.com,Rochester,Solar,https://homepowerrebate.com/installers/mn/rochester/solar/,https://homepowerrebate.com/installers/badge/,5.0,11
Solar Connection,info@solarconnectioninc.com,Rochester,Solar,https://homepowerrebate.com/installers/mn/rochester/solar/,https://homepowerrebate.com/installers/badge/,4.7,65
Lotus Electric,lotuselectric@schedulingsolutions.io,Duluth,Solar,https://homepowerrebate.com/installers/mn/duluth/solar/,https://homepowerrebate.com/installers/badge/,4.9,184
"Wescom, Inc",info@wescominc.com,Duluth,Solar,https://homepowerrebate.com/installers/mn/duluth/solar/,https://homepowerrebate.com/installers/badge/,4.9,81
Star Power Electric,john@star-power-electric.com,Duluth,Solar,https://homepowerrebate.com/installers/mn/duluth/solar/,https://homepowerrebate.com/installers/badge/,5.0,27
Optimum Energy Group,inquiries@optimumsolargroup.com,Duluth,Solar,https://homepowerrebate.com/installers/mn/duluth/solar/,https://homepowerrebate.com/installers/badge/,4.8,109
Phoenex Electric LLC,vinnyb@phoenexelectric.com,Jersey City,Home Battery,https://homepowerrebate.com/installers/nj/jersey-city/battery/,https://homepowerrebate.com/installers/badge/,5.0,96
Malfettone Electric,operations@malfettoneelectric.com,Jersey City,Home Battery,https://homepowerrebate.com/installers/nj/jersey-city/battery/,https://homepowerrebate.com/installers/badge/,4.9,140
Kopp Electric Company,sales@koppelectric.com,Toms River,Home Battery,https://homepowerrebate.com/installers/nj/toms-river/battery/,https://homepowerrebate.com/installers/badge/,4.5,33
HVAC Zone Inc,info@hvaczonenj.com,Newark,Heat Pump,https://homepowerrebate.com/installers/nj/newark/heat-pump/,https://homepowerrebate.com/installers/badge/,4.9,40
Platinum Heating & Cooling,info@platinumhvac.us,Newark,Heat Pump,https://homepowerrebate.com/installers/nj/newark/heat-pump/,https://homepowerrebate.com/installers/badge/,4.5,16
Emergency HVAC Pros,muhammadjackson762@gmail.com,Newark,Heat Pump,https://homepowerrebate.com/installers/nj/newark/heat-pump/,https://homepowerrebate.com/installers/badge/,4.4,19
Anton Plumbing Heating & Cooling,service@antonplumbinghvac.com,Jersey City,Heat Pump,https://homepowerrebate.com/installers/nj/jersey-city/heat-pump/,https://homepowerrebate.com/installers/badge/,4.9,68
Falcon Builders | Contractors Jersey City,falconbuilders24@gmail.com,Jersey City,Heat Pump,https://homepowerrebate.com/installers/nj/jersey-city/heat-pump/,https://homepowerrebate.com/installers/badge/,4.9,36
Ac Repair & Hvac Pro's of Jersey City,info@acrepairofjerseycity.com,Jersey City,Heat Pump,https://homepowerrebate.com/installers/nj/jersey-city/heat-pump/,https://homepowerrebate.com/installers/badge/,5.0,14
William J. Guarini Inc.,info@guariniplumbing.com,Jersey City,Heat Pump,https://homepowerrebate.com/installers/nj/jersey-city/heat-pump/,https://homepowerrebate.com/installers/badge/,4.5,151
Dr Rooter Plumbing Heating Air & Water Damage,cityservicegroupnj@gmail.com,Jersey City,Heat Pump,https://homepowerrebate.com/installers/nj/jersey-city/heat-pump/,https://homepowerrebate.com/installers/badge/,4.5,31
Shore Comfort Services,jmj732@aol.com,Toms River,Heat Pump,https://homepowerrebate.com/installers/nj/toms-river/heat-pump/,https://homepowerrebate.com/installers/badge/,5.0,284
Swift Home Service,dan@swifthomeservicenj.com,Toms River,Heat Pump,https://homepowerrebate.com/installers/nj/toms-river/heat-pump/,https://homepowerrebate.com/installers/badge/,5.0,104
"Air We Are Heating, Cooling and Refrigeration",service@airweare.com,Toms River,Heat Pump,https://homepowerrebate.com/installers/nj/toms-river/heat-pump/,https://homepowerrebate.com/installers/badge/,5.0,55
"Eastern Shore Heating & Air Conditioning, Inc.",info@easternshorehvac.com,Toms River,Heat Pump,https://homepowerrebate.com/installers/nj/toms-river/heat-pump/,https://homepowerrebate.com/installers/badge/,4.9,127
Kingdom First Heating & Cooling,kingdomfirsthvac@gmail.com,Toms River,Heat Pump,https://homepowerrebate.com/installers/nj/toms-river/heat-pump/,https://homepowerrebate.com/installers/badge/,4.7,61
Ryan Laverty Plumbing Heating Cooling,laverty123@gmail.com,Atlantic City,Heat Pump,https://homepowerrebate.com/installers/nj/atlantic-city/heat-pump/,https://homepowerrebate.com/installers/badge/,5.0,315
Charlie DelRoss Plumbing & Heating,c.delross@charliedelrossplumbing.com,Atlantic City,Heat Pump,https://homepowerrebate.com/installers/nj/atlantic-city/heat-pump/,https://homepowerrebate.com/installers/badge/,4.4,51
J.J. Builders LLC,info@j-jhomeremodeling.com,Jersey City,Insulation,https://homepowerrebate.com/installers/nj/jersey-city/insulation/,https://homepowerrebate.com/installers/badge/,4.9,66
Falcon Builders | Contractors Jersey City,falconbuilders24@gmail.com,Jersey City,Insulation,https://homepowerrebate.com/installers/nj/jersey-city/insulation/,https://homepowerrebate.com/installers/badge/,4.9,36
Pro-Custom Drywall LLC,booking@procustomdrywall.com,Toms River,Insulation,https://homepowerrebate.com/installers/nj/toms-river/insulation/,https://homepowerrebate.com/installers/badge/,4.9,90
Ultimate Construction,ultimateconstructionnj@yahoo.com,Toms River,Insulation,https://homepowerrebate.com/installers/nj/toms-river/insulation/,https://homepowerrebate.com/installers/badge/,4.9,25
"Born & Raised Electric, Inc.",chris@born-raisedelectric.com,Jersey City,Solar,https://homepowerrebate.com/installers/nj/jersey-city/solar/,https://homepowerrebate.com/installers/badge/,5.0,97
Malfettone Electric,operations@malfettoneelectric.com,Jersey City,Solar,https://homepowerrebate.com/installers/nj/jersey-city/solar/,https://homepowerrebate.com/installers/badge/,4.9,140
Kopp Electric Company,sales@koppelectric.com,Toms River,Solar,https://homepowerrebate.com/installers/nj/toms-river/solar/,https://homepowerrebate.com/installers/badge/,4.5,33
Totally Electric Limited,info@totally-electric.ca,Halifax,Home Battery,https://homepowerrebate.com/installers/ns/halifax/battery/,https://homepowerrebate.com/installers/badge/,5.0,277
Firefly Solar,info@fireflysolar.ca,Halifax,Home Battery,https://homepowerrebate.com/installers/ns/halifax/battery/,https://homepowerrebate.com/installers/badge/,4.9,129
BMR Electric High Efficency ETS Heating,wade@bmrelectric.com,Halifax,Home Battery,https://homepowerrebate.com/installers/ns/halifax/battery/,https://homepowerrebate.com/installers/badge/,4.8,79
Nova Heat Pumps & Air Conditioning - Halifax,sales@novaheatpumps.ca,Halifax,Heat Pump,https://homepowerrebate.com/installers/ns/halifax/heat-pump/,https://homepowerrebate.com/installers/badge/,5.0,40
Good Air Ventilation Systems Inc.,info@goodairvent.com,Halifax,Heat Pump,https://homepowerrebate.com/installers/ns/halifax/heat-pump/,https://homepowerrebate.com/installers/badge/,4.7,546
Bremner's Plumbing & Heating Ltd.,info@bremners.ca,Halifax,Heat Pump,https://homepowerrebate.com/installers/ns/halifax/heat-pump/,https://homepowerrebate.com/installers/badge/,4.2,99
Happy Home Assistant,info@happyhomeassistant.com,Cape Breton,Heat Pump,https://homepowerrebate.com/installers/ns/cape-breton/heat-pump/,https://homepowerrebate.com/installers/badge/,5.0,148
Greenfoot Energy Solutions,info@greenfootenergy.ca,Cape Breton,Heat Pump,https://homepowerrebate.com/installers/ns/cape-breton/heat-pump/,https://homepowerrebate.com/installers/badge/,5.0,101
BEST Heat Pump Solutions,info@bestheat.ca,Cape Breton,Heat Pump,https://homepowerrebate.com/installers/ns/cape-breton/heat-pump/,https://homepowerrebate.com/installers/badge/,5.0,49
J. Wilkie Mechanical Inc,jwilkiemech@gmail.com,Cape Breton,Heat Pump,https://homepowerrebate.com/installers/ns/cape-breton/heat-pump/,https://homepowerrebate.com/installers/badge/,4.8,42
Greenfoot Energy Solutions,info@greenfootenergy.ca,Cape Breton,Solar,https://homepowerrebate.com/installers/ns/cape-breton/solar/,https://homepowerrebate.com/installers/badge/,5.0,101
Olympic Pools and Spas,olympicpools@eastlink.ca,Cape Breton,Solar,https://homepowerrebate.com/installers/ns/cape-breton/solar/,https://homepowerrebate.com/installers/badge/,4.4,36
"HWS, Inc. - Mitsubishi Heat Pumps, HVAC, Electrical, Plumbing",info@kingstonhws.com,Kingston,Home Battery,https://homepowerrebate.com/installers/ny/kingston/battery/,https://homepowerrebate.com/installers/badge/,5.0,746
Mercawood Electric,partnerships@homeadvisor.com,Kingston,Home Battery,https://homepowerrebate.com/installers/ny/kingston/battery/,https://homepowerrebate.com/installers/badge/,4.9,56
Smart Source Electric,dan@smartsourceelectric.net,Kingston,Home Battery,https://homepowerrebate.com/installers/ny/kingston/battery/,https://homepowerrebate.com/installers/badge/,5.0,18
Mannino Electric Inc,service@manninoelectric.com,Poughkeepsie,Home Battery,https://homepowerrebate.com/installers/ny/poughkeepsie/battery/,https://homepowerrebate.com/installers/badge/,4.9,85
Riverview Electric Inc.,riverviewelectrical@gmail.com,Poughkeepsie,Home Battery,https://homepowerrebate.com/installers/ny/poughkeepsie/battery/,https://homepowerrebate.com/installers/badge/,4.8,17
Kasselman Solar,info@kasselmansolar.com,Poughkeepsie,Home Battery,https://homepowerrebate.com/installers/ny/poughkeepsie/battery/,https://homepowerrebate.com/installers/badge/,4.5,27
Monarch Electric Co.,customersupport@monarchelectric.com,New Rochelle,Home Battery,https://homepowerrebate.com/installers/ny/new-rochelle/battery/,https://homepowerrebate.com/installers/badge/,4.6,18
Mpower Solar,support@mpowersolar.com,New York City,Home Battery,https://homepowerrebate.com/installers/ny/new-york-city/battery/,https://homepowerrebate.com/installers/badge/,4.8,303
Sunday Energy,office@sundayenergy.us,New York City,Home Battery,https://homepowerrebate.com/installers/ny/new-york-city/battery/,https://homepowerrebate.com/installers/badge/,5.0,28
GO ELECTRIC NYC,info@goelectricnyc.com,New York City,Home Battery,https://homepowerrebate.com/installers/ny/new-york-city/battery/,https://homepowerrebate.com/installers/badge/,5.0,14
Precision Solar,info@precisionsolar.com,White Plains,Home Battery,https://homepowerrebate.com/installers/ny/white-plains/battery/,https://homepowerrebate.com/installers/badge/,5.0,177
New York Power Solutions - Smarter Solar,info@newyorkpowersolutions.com,White Plains,Home Battery,https://homepowerrebate.com/installers/ny/white-plains/battery/,https://homepowerrebate.com/installers/badge/,4.9,260
Curtis Electric,idubbs45@gmail.com,White Plains,Home Battery,https://homepowerrebate.com/installers/ny/white-plains/battery/,https://homepowerrebate.com/installers/badge/,4.9,27
Rella Electric,office@rellaelectric.com,Yonkers,Home Battery,https://homepowerrebate.com/installers/ny/yonkers/battery/,https://homepowerrebate.com/installers/badge/,4.9,344
Quest Solar,info@questsolar.com,Yonkers,Home Battery,https://homepowerrebate.com/installers/ny/yonkers/battery/,https://homepowerrebate.com/installers/badge/,4.5,81
Mase Electric,info@maseelectric.com,Yonkers,Home Battery,https://homepowerrebate.com/installers/ny/yonkers/battery/,https://homepowerrebate.com/installers/badge/,4.4,25
"Great Lakes Electrical, LLC",jkurch@greatlakeselectricalny.com,Buffalo,Home Battery,https://homepowerrebate.com/installers/ny/buffalo/battery/,https://homepowerrebate.com/installers/badge/,4.8,21
"Nichols Electric, Plumbing, Heating, & Cooling",calls@nicholselectric.com,Rochester,Home Battery,https://homepowerrebate.com/installers/ny/rochester/battery/,https://homepowerrebate.com/installers/badge/,4.9,4033
"Wise Home Energy, LLC",customersupport@wisehomeenergy.com,Rochester,Home Battery,https://homepowerrebate.com/installers/ny/rochester/battery/,https://homepowerrebate.com/installers/badge/,4.9,340
Anderson Water-Power-Air,info@andersonwater.com,Rochester,Home Battery,https://homepowerrebate.com/installers/ny/rochester/battery/,https://homepowerrebate.com/installers/badge/,4.8,2798
Happy Solar,info@happyslr.com,Rochester,Home Battery,https://homepowerrebate.com/installers/ny/rochester/battery/,https://homepowerrebate.com/installers/badge/,4.9,68
AC Electric LLC,info@acelectriclighting.com,Rochester,Home Battery,https://homepowerrebate.com/installers/ny/rochester/battery/,https://homepowerrebate.com/installers/badge/,5.0,34
Doctor Electric Services,service@doctorelectricservices.com,Rochester,Home Battery,https://homepowerrebate.com/installers/ny/rochester/battery/,https://homepowerrebate.com/installers/badge/,4.7,231
"Syracuse Energy Systems, Inc.",syracuseenergysystems@gmail.com,Syracuse,Home Battery,https://homepowerrebate.com/installers/ny/syracuse/battery/,https://homepowerrebate.com/installers/badge/,5.0,409
Home Power Systems and Commercial Power Systems,fj1395@gmail.com,Syracuse,Home Battery,https://homepowerrebate.com/installers/ny/syracuse/battery/,https://homepowerrebate.com/installers/badge/,5.0,331
Energy Savers Inc.,energysaverinc@hotmail.com,Syracuse,Home Battery,https://homepowerrebate.com/installers/ny/syracuse/battery/,https://homepowerrebate.com/installers/badge/,4.9,336
Gem's Electrical Contracting,info@gemselectrical.com,Babylon,Home Battery,https://homepowerrebate.com/installers/ny/babylon/battery/,https://homepowerrebate.com/installers/badge/,5.0,64
Sunshine Plus Solar Corp,info@sunshineplussolar.com,Babylon,Home Battery,https://homepowerrebate.com/installers/ny/babylon/battery/,https://homepowerrebate.com/installers/badge/,5.0,27
V-SKY Electric & HVAC,info@vskyelectrichvac.com,Huntington,Home Battery,https://homepowerrebate.com/installers/ny/huntington/battery/,https://homepowerrebate.com/installers/badge/,4.8,21
Home Energy Solutions,gdlamay3@gmail.com,Huntington,Home Battery,https://homepowerrebate.com/installers/ny/huntington/battery/,https://homepowerrebate.com/installers/badge/,4.5,15
Leviathan Solar,anapbm@gmail.com,Islip,Home Battery,https://homepowerrebate.com/installers/ny/islip/battery/,https://homepowerrebate.com/installers/badge/,4.9,49
SUNation Energy,info@sunation.com,Islip,Home Battery,https://homepowerrebate.com/installers/ny/islip/battery/,https://homepowerrebate.com/installers/badge/,4.7,962
Trinity Solar,gosolar@trinity-solar.com,Islip,Home Battery,https://homepowerrebate.com/installers/ny/islip/battery/,https://homepowerrebate.com/installers/badge/,4.6,317
US Solar Enterprise,info@us-solar.net,Islip,Home Battery,https://homepowerrebate.com/installers/ny/islip/battery/,https://homepowerrebate.com/installers/badge/,4.1,37
"Sunshine Solar Technologies, Inc.",info@sunshinesolartech.com,Oyster Bay,Home Battery,https://homepowerrebate.com/installers/ny/oyster-bay/battery/,https://homepowerrebate.com/installers/badge/,4.4,13
GreenLogic Energy,save@greenlogic.com,Southampton,Home Battery,https://homepowerrebate.com/installers/ny/southampton/battery/,https://homepowerrebate.com/installers/badge/,4.8,124
Ocean Electric Corp.,wkarolczyk@gmail.com,Southampton,Home Battery,https://homepowerrebate.com/installers/ny/southampton/battery/,https://homepowerrebate.com/installers/badge/,4.8,48
Two Gang Electric,info@twogangelectric.com,Southampton,Home Battery,https://homepowerrebate.com/installers/ny/southampton/battery/,https://homepowerrebate.com/installers/badge/,4.8,12
Leo's Electric Corporation,office@leoselectric.com,Southampton,Home Battery,https://homepowerrebate.com/installers/ny/southampton/battery/,https://homepowerrebate.com/installers/badge/,4.5,31
Shelter Air,ksevilla@shelter-air.com,Beacon,Heat Pump,https://homepowerrebate.com/installers/ny/beacon/heat-pump/,https://homepowerrebate.com/installers/badge/,4.9,37
MJS Plumbing & Heating Inc.,info@mjsplumbinginc.com,Beacon,Heat Pump,https://homepowerrebate.com/installers/ny/beacon/heat-pump/,https://homepowerrebate.com/installers/badge/,4.7,97
Water Heater Express LLC,sales@needhotwater.com,Beacon,Heat Pump,https://homepowerrebate.com/installers/ny/beacon/heat-pump/,https://homepowerrebate.com/installers/badge/,4.7,43
"HWS, Inc. - Mitsubishi Heat Pumps, HVAC, Electrical, Plumbing",info@kingstonhws.com,Kingston,Heat Pump,https://homepowerrebate.com/installers/ny/kingston/heat-pump/,https://homepowerrebate.com/installers/badge/,5.0,746
D. Rohde Home Services,scottarusselllaw@gmail.com,Kingston,Heat Pump,https://homepowerrebate.com/installers/ny/kingston/heat-pump/,https://homepowerrebate.com/installers/badge/,4.9,212
"JSP Home Services: Plumbing, Air Conditioning, Heating and Electrical Experts",office@jsp.expert,Kingston,Heat Pump,https://homepowerrebate.com/installers/ny/kingston/heat-pump/,https://homepowerrebate.com/installers/badge/,4.8,7458
"Lowe Plumbing Heating & Air Conditioning, Inc",info@jeffloweplumbing.com,Kingston,Heat Pump,https://homepowerrebate.com/installers/ny/kingston/heat-pump/,https://homepowerrebate.com/installers/badge/,4.6,197
Advanced Comfort Systems.,advancedcomfortsystems@hotmail.com,Kingston,Heat Pump,https://homepowerrebate.com/installers/ny/kingston/heat-pump/,https://homepowerrebate.com/installers/badge/,4.7,19
Archibald Heating & Cooling,info@callarch.com,Kingston,Heat Pump,https://homepowerrebate.com/installers/ny/kingston/heat-pump/,https://homepowerrebate.com/installers/badge/,4.3,27
Parker Plumbing Heating Cooling,nate@parker-contracting.com,Newburgh,Heat Pump,https://homepowerrebate.com/installers/ny/newburgh/heat-pump/,https://homepowerrebate.com/installers/badge/,5.0,89
Uppercut Plumbing,trevor@uppercutplumbing.com,Newburgh,Heat Pump,https://homepowerrebate.com/installers/ny/newburgh/heat-pump/,https://homepowerrebate.com/installers/badge/,4.9,156
"Valenza Plumbing, Heating and Air Conditioning, Inc",eric@valenzaplumbing.com,Newburgh,Heat Pump,https://homepowerrebate.com/installers/ny/newburgh/heat-pump/,https://homepowerrebate.com/installers/badge/,4.9,104
D. Rohde Home Services,scottarusselllaw@gmail.com,Newburgh,Heat Pump,https://homepowerrebate.com/installers/ny/newburgh/heat-pump/,https://homepowerrebate.com/installers/badge/,5.0,30
Fox Air Corporation,dispatcher@foxaircorp.com,Poughkeepsie,Heat Pump,https://homepowerrebate.com/installers/ny/poughkeepsie/heat-pump/,https://homepowerrebate.com/installers/badge/,4.9,671
D. Rohde Home Services,scottarusselllaw@gmail.com,Poughkeepsie,Heat Pump,https://homepowerrebate.com/installers/ny/poughkeepsie/heat-pump/,https://homepowerrebate.com/installers/badge/,4.8,964
JPV heating and cooling LLC,jpvheatingncoolingllc@gmail.com,Poughkeepsie,Heat Pump,https://homepowerrebate.com/installers/ny/poughkeepsie/heat-pump/,https://homepowerrebate.com/installers/badge/,4.9,37
H. Figueroa HVAC LLC,info@hfigueroahvac.com,Poughkeepsie,Heat Pump,https://homepowerrebate.com/installers/ny/poughkeepsie/heat-pump/,https://homepowerrebate.com/installers/badge/,5.0,21
Winslow HVAC Solutions,winslowsonsanddaughter@gmail.com,Poughkeepsie,Heat Pump,https://homepowerrebate.com/installers/ny/poughkeepsie/heat-pump/,https://homepowerrebate.com/installers/badge/,4.5,119
American Heating & Cooling,info@american-heatingandcooling.com,Poughkeepsie,Heat Pump,https://homepowerrebate.com/installers/ny/poughkeepsie/heat-pump/,https://homepowerrebate.com/installers/badge/,4.5,47
Sinnott's Plumbing & Heating LLC,john@doe.com,Saugerties,Heat Pump,https://homepowerrebate.com/installers/ny/saugerties/heat-pump/,https://homepowerrebate.com/installers/badge/,4.9,611
Chris Blake Plumbing & HVAC LLC,cbphvac@gmail.com,Saugerties,Heat Pump,https://homepowerrebate.com/installers/ny/saugerties/heat-pump/,https://homepowerrebate.com/installers/badge/,5.0,13
Lee Mechanical,dennis@leemechanical.pro,Mount Vernon,Heat Pump,https://homepowerrebate.com/installers/ny/mount-vernon/heat-pump/,https://homepowerrebate.com/installers/badge/,5.0,38
"Kool Energy Technology, LLC.",wweeiihhuuaanngg@gmail.com,Mount Vernon,Heat Pump,https://homepowerrebate.com/installers/ny/mount-vernon/heat-pump/,https://homepowerrebate.com/installers/badge/,5.0,24
MJ Plumbing Heating Cooling,info@mjplumbingllc.com,New Rochelle,Heat Pump,https://homepowerrebate.com/installers/ny/new-rochelle/heat-pump/,https://homepowerrebate.com/installers/badge/,4.9,148
"HVAC Care Plus, Inc.",info@hvaccareplus.com,New Rochelle,Heat Pump,https://homepowerrebate.com/installers/ny/new-rochelle/heat-pump/,https://homepowerrebate.com/installers/badge/,5.0,27
You and Us Heating & Air Conditioning,support@youandushvac.com,New York City,Heat Pump,https://homepowerrebate.com/installers/ny/new-york-city/heat-pump/,https://homepowerrebate.com/installers/badge/,5.0,166
American HVAC Corp,info@americanhvaccorp.com,New York City,Heat Pump,https://homepowerrebate.com/installers/ny/new-york-city/heat-pump/,https://homepowerrebate.com/installers/badge/,5.0,105
212 HVAC Brooklyn,info@212hvac.com,New York City,Heat Pump,https://homepowerrebate.com/installers/ny/new-york-city/heat-pump/,https://homepowerrebate.com/installers/badge/,4.9,423
Airnizer HVAC,airnizer@yahoo.com,New York City,Heat Pump,https://homepowerrebate.com/installers/ny/new-york-city/heat-pump/,https://homepowerrebate.com/installers/badge/,4.9,405
Yan HVAC Refrigerator Appliances Repair,yanhvac888@gmail.com,New York City,Heat Pump,https://homepowerrebate.com/installers/ny/new-york-city/heat-pump/,https://homepowerrebate.com/installers/badge/,4.9,160
Americare Appliance and HVAC Solutions,info@americareappliance.com,New York City,Heat Pump,https://homepowerrebate.com/installers/ny/new-york-city/heat-pump/,https://homepowerrebate.com/installers/badge/,5.0,36
Chelsea Cooling and Heating Services,service@chelseacoolingandheating.com,New York City,Heat Pump,https://homepowerrebate.com/installers/ny/new-york-city/heat-pump/,https://homepowerrebate.com/installers/badge/,5.0,36
My AC Repairs NYC,contact@myac-repairs-nyc.com,New York City,Heat Pump,https://homepowerrebate.com/installers/ny/new-york-city/heat-pump/,https://homepowerrebate.com/installers/badge/,4.9,55
Jetson Home - White Plains,goelectric@jetsonhome.com,White Plains,Heat Pump,https://homepowerrebate.com/installers/ny/white-plains/heat-pump/,https://homepowerrebate.com/installers/badge/,5.0,37
"Sila Heating, Air Conditioning, Plumbing & Electrical",webresponse-ny@sila.com,White Plains,Heat Pump,https://homepowerrebate.com/installers/ny/white-plains/heat-pump/,https://homepowerrebate.com/installers/badge/,4.8,1963
J. Daher Air Conditioning & Heating,john@daherhvac.com,White Plains,Heat Pump,https://homepowerrebate.com/installers/ny/white-plains/heat-pump/,https://homepowerrebate.com/installers/badge/,4.8,17
"JLS Mechanical, LLC",jlsmechanical28@gmail.com,White Plains,Heat Pump,https://homepowerrebate.com/installers/ny/white-plains/heat-pump/,https://homepowerrebate.com/installers/badge/,4.4,13
Multiflow HVAC & Appliances LLC,info@multiflow.tech,Yonkers,Heat Pump,https://homepowerrebate.com/installers/ny/yonkers/heat-pump/,https://homepowerrebate.com/installers/badge/,5.0,96
Proflow Plumbing and Heating Corp.,513-7667/proflowny1@gmail.com,Yonkers,Heat Pump,https://homepowerrebate.com/installers/ny/yonkers/heat-pump/,https://homepowerrebate.com/installers/badge/,5.0,86
Expert Plumbing of Yonkers,info@expertplumbingofyonkers.com,Yonkers,Heat Pump,https://homepowerrebate.com/installers/ny/yonkers/heat-pump/,https://homepowerrebate.com/installers/badge/,5.0,57
Ac Repair & Hvac Pro's of Yonkers,info@acrepairofyonkers.com,Yonkers,Heat Pump,https://homepowerrebate.com/installers/ny/yonkers/heat-pump/,https://homepowerrebate.com/installers/badge/,4.9,65
Rite Temp HVAC LLC,info@ritetempnyc.com,Yonkers,Heat Pump,https://homepowerrebate.com/installers/ny/yonkers/heat-pump/,https://homepowerrebate.com/installers/badge/,4.8,59
Jay's Heating and Air,jaysheatingair@gmail.com,Yonkers,Heat Pump,https://homepowerrebate.com/installers/ny/yonkers/heat-pump/,https://homepowerrebate.com/installers/badge/,4.7,65
Flotechs Plumbing & Heating,info@flotechsplumbing.com,Yonkers,Heat Pump,https://homepowerrebate.com/installers/ny/yonkers/heat-pump/,https://homepowerrebate.com/installers/badge/,4.6,133
American HVAC Corp,info@americanhvaccorp.com,Yonkers,Heat Pump,https://homepowerrebate.com/installers/ny/yonkers/heat-pump/,https://homepowerrebate.com/installers/badge/,4.6,58
Gree Mechanical Yonkers,info@greeyonkers.com,Yonkers,Heat Pump,https://homepowerrebate.com/installers/ny/yonkers/heat-pump/,https://homepowerrebate.com/installers/badge/,4.6,31
All Star Mechanical,allstarmechanical14@gmail.com,Yonkers,Heat Pump,https://homepowerrebate.com/installers/ny/yonkers/heat-pump/,https://homepowerrebate.com/installers/badge/,4.6,24
Benjamin Franklin Plumbing of Albany,example@gmail.com,Albany,Heat Pump,https://homepowerrebate.com/installers/ny/albany/heat-pump/,https://homepowerrebate.com/installers/badge/,4.9,925
Duckwork Heating & Cooling,duckworkheating@gmail.com,Albany,Heat Pump,https://homepowerrebate.com/installers/ny/albany/heat-pump/,https://homepowerrebate.com/installers/badge/,5.0,38
"Standard Heating, Cooling & Insulating",info@standardco.com,Albany,Heat Pump,https://homepowerrebate.com/installers/ny/albany/heat-pump/,https://homepowerrebate.com/installers/badge/,4.8,127
"Best Cooling & Heating, LLC",info@besthvac.contractors,Albany,Heat Pump,https://homepowerrebate.com/installers/ny/albany/heat-pump/,https://homepowerrebate.com/installers/badge/,4.8,77
One Hour Heating & Air Conditioning® of Albany,randy@farrellbrothers.com,Albany,Heat Pump,https://homepowerrebate.com/installers/ny/albany/heat-pump/,https://homepowerrebate.com/installers/badge/,4.8,47
Beliveau Mechanical,sales@beliveau-mechanical.com,Albany,Heat Pump,https://homepowerrebate.com/installers/ny/albany/heat-pump/,https://homepowerrebate.com/installers/badge/,4.8,45
Zenner & Ritter Home Services,advice@zennerandritter.com,Buffalo,Heat Pump,https://homepowerrebate.com/installers/ny/buffalo/heat-pump/,https://homepowerrebate.com/installers/badge/,4.9,5927
"Cellino Plumbing, Heating, Cooling & Electric",office@cellinoplumbing.com,Buffalo,Heat Pump,https://homepowerrebate.com/installers/ny/buffalo/heat-pump/,https://homepowerrebate.com/installers/badge/,4.9,1203
Climate Diagnostics LLC,admin@climatediagnosticswny.com,Buffalo,Heat Pump,https://homepowerrebate.com/installers/ny/buffalo/heat-pump/,https://homepowerrebate.com/installers/badge/,5.0,71
"Roy's Plumbing, Heating, Cooling & Electrical",info@justcallroys.com,Buffalo,Heat Pump,https://homepowerrebate.com/installers/ny/buffalo/heat-pump/,https://homepowerrebate.com/installers/badge/,4.9,155
"JJB Mechanical, LLC",jbarajas@jjbmechanical.com,Rochester,Heat Pump,https://homepowerrebate.com/installers/ny/rochester/heat-pump/,https://homepowerrebate.com/installers/badge/,5.0,170
"Reimer Heating, Cooling, & Plumbing",info@reimerhvac.com,Rochester,Heat Pump,https://homepowerrebate.com/installers/ny/rochester/heat-pump/,https://homepowerrebate.com/installers/badge/,4.9,3037
Titan Heating & Cooling,info@titan-heating.com,Rochester,Heat Pump,https://homepowerrebate.com/installers/ny/rochester/heat-pump/,https://homepowerrebate.com/installers/badge/,4.9,1258
Airquip Heating & Air Conditioning,info@airquip.com,Rochester,Heat Pump,https://homepowerrebate.com/installers/ny/rochester/heat-pump/,https://homepowerrebate.com/installers/badge/,4.9,683
Carroll Heating & Cooling,jcarroll005@gmail.com,Rochester,Heat Pump,https://homepowerrebate.com/installers/ny/rochester/heat-pump/,https://homepowerrebate.com/installers/badge/,5.0,80
Paris Heating & Cooling Inc,sales@parisheatcool.com,Rochester,Heat Pump,https://homepowerrebate.com/installers/ny/rochester/heat-pump/,https://homepowerrebate.com/installers/badge/,4.9,449
"Syracuse Energy Systems, Inc.",syracuseenergysystems@gmail.com,Syracuse,Heat Pump,https://homepowerrebate.com/installers/ny/syracuse/heat-pump/,https://homepowerrebate.com/installers/badge/,5.0,409
"Hummingbird Heating, Cooling, Plumbing & Electric",info@callhummingbird.com,Syracuse,Heat Pump,https://homepowerrebate.com/installers/ny/syracuse/heat-pump/,https://homepowerrebate.com/installers/badge/,4.9,1328
Hometown Heating & Air Conditioning,hometownheatingandac@yahoo.com,Syracuse,Heat Pump,https://homepowerrebate.com/installers/ny/syracuse/heat-pump/,https://homepowerrebate.com/installers/badge/,4.8,159
Shane & Sons Heating & Cooling,shaneandsons@yahoo.com,Syracuse,Heat Pump,https://homepowerrebate.com/installers/ny/syracuse/heat-pump/,https://homepowerrebate.com/installers/badge/,4.7,81
Gomez Comfort Systems,gomezhvac@gmail.com,Syracuse,Heat Pump,https://homepowerrebate.com/installers/ny/syracuse/heat-pump/,https://homepowerrebate.com/installers/badge/,4.6,18
GallettAir Inc. Heating & Air Conditioning,service@gallettair.com,Babylon,Heat Pump,https://homepowerrebate.com/installers/ny/babylon/heat-pump/,https://homepowerrebate.com/installers/badge/,4.9,436
ALL Seasons Air Conditioning,dennis@seasonsair.com,Babylon,Heat Pump,https://homepowerrebate.com/installers/ny/babylon/heat-pump/,https://homepowerrebate.com/installers/badge/,4.8,341
Joe's Custom HVAC,joseph@jciac.com,Babylon,Heat Pump,https://homepowerrebate.com/installers/ny/babylon/heat-pump/,https://homepowerrebate.com/installers/badge/,4.6,43
"Ryan Anthony's Heating Service, Inc.",info@liboilers.com,Babylon,Heat Pump,https://homepowerrebate.com/installers/ny/babylon/heat-pump/,https://homepowerrebate.com/installers/badge/,4.5,171
P & B Heating & Air Conditioning Corp.,info@pandbac.com,Babylon,Heat Pump,https://homepowerrebate.com/installers/ny/babylon/heat-pump/,https://homepowerrebate.com/installers/badge/,4.2,41
Mr. Pipe Plumbing - Nassau & Suffolk,mrpipeny@gmail.com,Babylon,Heat Pump,https://homepowerrebate.com/installers/ny/babylon/heat-pump/,https://homepowerrebate.com/installers/badge/,4.0,90
Airborne Heating & Air Conditioning - HVAC Contractor,info@airborneinc.com,Brookhaven,Heat Pump,https://homepowerrebate.com/installers/ny/brookhaven/heat-pump/,https://homepowerrebate.com/installers/badge/,5.0,528
Mustang Heating & Air,info@mustangheatingandair.com,Brookhaven,Heat Pump,https://homepowerrebate.com/installers/ny/brookhaven/heat-pump/,https://homepowerrebate.com/installers/badge/,5.0,99
Soundview Heating & Air Conditioning,info@soundviewhvac.com,Brookhaven,Heat Pump,https://homepowerrebate.com/installers/ny/brookhaven/heat-pump/,https://homepowerrebate.com/installers/badge/,4.9,1228
A1 Heating and Air Conditioning Inc.,info@a1homeair.com,Brookhaven,Heat Pump,https://homepowerrebate.com/installers/ny/brookhaven/heat-pump/,https://homepowerrebate.com/installers/badge/,4.9,195
Polar Bear Air,jdeery@polarbearairny.com,Brookhaven,Heat Pump,https://homepowerrebate.com/installers/ny/brookhaven/heat-pump/,https://homepowerrebate.com/installers/badge/,4.9,168
Patchogue Heating & Air Conditioning,andrew@patchogue.ac,Brookhaven,Heat Pump,https://homepowerrebate.com/installers/ny/brookhaven/heat-pump/,https://homepowerrebate.com/installers/badge/,5.0,55
Advanced Tech HVAC,zb@advancedtechhvac.com,Brookhaven,Heat Pump,https://homepowerrebate.com/installers/ny/brookhaven/heat-pump/,https://homepowerrebate.com/installers/badge/,5.0,36
Southampton Air & Heat Inc.,info@southamptonairandheat.com,Brookhaven,Heat Pump,https://homepowerrebate.com/installers/ny/brookhaven/heat-pump/,https://homepowerrebate.com/installers/badge/,5.0,20
Gerken Plumbing and Heating,gerkenplumbing@gmail.com,Huntington,Heat Pump,https://homepowerrebate.com/installers/ny/huntington/heat-pump/,https://homepowerrebate.com/installers/badge/,5.0,164
FIX-A-LEAK Plumbing & Heating Inc.,fixaleak01@gmail.com,Huntington,Heat Pump,https://homepowerrebate.com/installers/ny/huntington/heat-pump/,https://homepowerrebate.com/installers/badge/,4.8,832
Huntington Air Conditioning,jack@huntingtonairconditioning.com,Huntington,Heat Pump,https://homepowerrebate.com/installers/ny/huntington/heat-pump/,https://homepowerrebate.com/installers/badge/,5.0,11
V-SKY Electric & HVAC,info@vskyelectrichvac.com,Huntington,Heat Pump,https://homepowerrebate.com/installers/ny/huntington/heat-pump/,https://homepowerrebate.com/installers/badge/,4.8,21
Christensen's Plumbing Heating & AC,christensensplumbinghuntington@gmail.com,Huntington,Heat Pump,https://homepowerrebate.com/installers/ny/huntington/heat-pump/,https://homepowerrebate.com/installers/badge/,4.4,20
Cool Power LLC,info@coolpowerac.com,Islip,Heat Pump,https://homepowerrebate.com/installers/ny/islip/heat-pump/,https://homepowerrebate.com/installers/badge/,5.0,704
Wilson's Plumbing Heating HVAC & Electric,info@mysite.com,Islip,Heat Pump,https://homepowerrebate.com/installers/ny/islip/heat-pump/,https://homepowerrebate.com/installers/badge/,5.0,289
Dashing Dan's Plumbing & Heating Inc.,support@dashingdans.com,Islip,Heat Pump,https://homepowerrebate.com/installers/ny/islip/heat-pump/,https://homepowerrebate.com/installers/badge/,4.9,943
Clean wave heating and cooling,samuel.hernandezcomfort@gmail.com,Islip,Heat Pump,https://homepowerrebate.com/installers/ny/islip/heat-pump/,https://homepowerrebate.com/installers/badge/,5.0,71
K.S Mechanical Services | Air Conditioning | Boiler Repair | Furnace Repair,k.s.mechanicalservicesleads@gmail.com,Islip,Heat Pump,https://homepowerrebate.com/installers/ny/islip/heat-pump/,https://homepowerrebate.com/installers/badge/,4.9,152
RK Heating & Cooling Services Inc,hvacservicesrk@gmail.com,Islip,Heat Pump,https://homepowerrebate.com/installers/ny/islip/heat-pump/,https://homepowerrebate.com/installers/badge/,5.0,39
Jay's Air Conditioning & Heating,jgarciahvac91@gmail.com,Islip,Heat Pump,https://homepowerrebate.com/installers/ny/islip/heat-pump/,https://homepowerrebate.com/installers/badge/,4.9,78
"MSD Heating & Cooling, Inc",msdheatingcooling@gmail.com,Islip,Heat Pump,https://homepowerrebate.com/installers/ny/islip/heat-pump/,https://homepowerrebate.com/installers/badge/,5.0,37
Ducold Mechanical Ltd.,greg@ducold.com,Islip,Heat Pump,https://homepowerrebate.com/installers/ny/islip/heat-pump/,https://homepowerrebate.com/installers/badge/,5.0,29
Abalene Plumbing & Heating Inc,service@abaleneplumbing.com,Oyster Bay,Heat Pump,https://homepowerrebate.com/installers/ny/oyster-bay/heat-pump/,https://homepowerrebate.com/installers/badge/,4.7,61
Aire Serv of Long Island-East End,info@rezysave.com,Southampton,Heat Pump,https://homepowerrebate.com/installers/ny/southampton/heat-pump/,https://homepowerrebate.com/installers/badge/,4.8,22
"Okey Plumbing & Heating, Inc.",info@okeyplumbing.com,Southampton,Heat Pump,https://homepowerrebate.com/installers/ny/southampton/heat-pump/,https://homepowerrebate.com/installers/badge/,4.6,38
MR. AIR NYC,info@mrairnyc.com,New York City,Heat Pump,https://homepowerrebate.com/installers/ny/new-york-city/heat-pump/,https://homepowerrebate.com/installers/badge/,5.0,304
The Heating Cooling Doctor,service@theheatingdoctor.com,New York City,Heat Pump,https://homepowerrebate.com/installers/ny/new-york-city/heat-pump/,https://homepowerrebate.com/installers/badge/,5.0,172
August Tech Heating & Cooling,xiaoq856@hotmail.com\&quot;&gt;xiaoq856@hotmail.com&lt;/a&gt,Oyster Bay,Heat Pump,https://homepowerrebate.com/installers/ny/oyster-bay/heat-pump/,https://homepowerrebate.com/installers/badge/,5.0,11
Fix-A-Leak Plumbing & Heating Inc.,fixaleak01@gmail.com,Oyster Bay,Heat Pump,https://homepowerrebate.com/installers/ny/oyster-bay/heat-pump/,https://homepowerrebate.com/installers/badge/,4.8,17
A1 Foam Fire Water Seal,info@1sealusa.com,New York City,Insulation,https://homepowerrebate.com/installers/ny/new-york-city/insulation/,https://homepowerrebate.com/installers/badge/,5.0,60
Insulation Builders,info@insulation.builders,New York City,Insulation,https://homepowerrebate.com/installers/ny/new-york-city/insulation/,https://homepowerrebate.com/installers/badge/,5.0,44
Ecowise Insulation Inc.,office@ecowiseinsulation.com,New York City,Insulation,https://homepowerrebate.com/installers/ny/new-york-city/insulation/,https://homepowerrebate.com/installers/badge/,4.9,47
Polfoam LLC,mlaskowski@polfoamllc.com,New York City,Insulation,https://homepowerrebate.com/installers/ny/new-york-city/insulation/,https://homepowerrebate.com/installers/badge/,5.0,26
"Standard Heating, Cooling & Insulating",info@standardco.com,Albany,Insulation,https://homepowerrebate.com/installers/ny/albany/insulation/,https://homepowerrebate.com/installers/badge/,4.8,127
"Wise Home Energy, LLC",customersupport@wisehomeenergy.com,Rochester,Insulation,https://homepowerrebate.com/installers/ny/rochester/insulation/,https://homepowerrebate.com/installers/badge/,4.9,340
Jag Insulation,jagsales@jagsprayfoam.com,Rochester,Insulation,https://homepowerrebate.com/installers/ny/rochester/insulation/,https://homepowerrebate.com/installers/badge/,4.2,24
IDI: Insulation Distributors Inc.,syrorders@idimn.com,Syracuse,Insulation,https://homepowerrebate.com/installers/ny/syracuse/insulation/,https://homepowerrebate.com/installers/badge/,5.0,89
Energy Savers Inc.,energysaverinc@hotmail.com,Syracuse,Insulation,https://homepowerrebate.com/installers/ny/syracuse/insulation/,https://homepowerrebate.com/installers/badge/,4.9,336
Delfino Insulation,office@delfinoinsulation.com,Brookhaven,Insulation,https://homepowerrebate.com/installers/ny/brookhaven/insulation/,https://homepowerrebate.com/installers/badge/,5.0,10
Daddy Spray Foam Insulation Corporation,daddysprayfoam@gmail.com,Brookhaven,Insulation,https://homepowerrebate.com/installers/ny/brookhaven/insulation/,https://homepowerrebate.com/installers/badge/,4.4,26
Zavza Seal LLC,info@zavzaseal.com,Islip,Insulation,https://homepowerrebate.com/installers/ny/islip/insulation/,https://homepowerrebate.com/installers/badge/,4.9,120
Home Efficiency Experts,info@homeefficiencyexperts.com,Islip,Insulation,https://homepowerrebate.com/installers/ny/islip/insulation/,https://homepowerrebate.com/installers/badge/,4.6,129
Ohms Electrical Construction,ohmselectricalservice@gmail.com,Poughkeepsie,Solar,https://homepowerrebate.com/installers/ny/poughkeepsie/solar/,https://homepowerrebate.com/installers/badge/,4.9,124
Kasselman Solar,info@kasselmansolar.com,Poughkeepsie,Solar,https://homepowerrebate.com/installers/ny/poughkeepsie/solar/,https://homepowerrebate.com/installers/badge/,4.5,27
Mpower Solar,support@mpowersolar.com,New York City,Solar,https://homepowerrebate.com/installers/ny/new-york-city/solar/,https://homepowerrebate.com/installers/badge/,4.8,303
Sunday Energy,office@sundayenergy.us,New York City,Solar,https://homepowerrebate.com/installers/ny/new-york-city/solar/,https://homepowerrebate.com/installers/badge/,5.0,28
Common Energy,hello@commonenergy.us,New York City,Solar,https://homepowerrebate.com/installers/ny/new-york-city/solar/,https://homepowerrebate.com/installers/badge/,4.2,140
Precision Solar,info@precisionsolar.com,White Plains,Solar,https://homepowerrebate.com/installers/ny/white-plains/solar/,https://homepowerrebate.com/installers/badge/,5.0,177
New York Power Solutions - Smarter Solar,info@newyorkpowersolutions.com,White Plains,Solar,https://homepowerrebate.com/installers/ny/white-plains/solar/,https://homepowerrebate.com/installers/badge/,4.9,260
Jetson Home - White Plains,goelectric@jetsonhome.com,White Plains,Solar,https://homepowerrebate.com/installers/ny/white-plains/solar/,https://homepowerrebate.com/installers/badge/,5.0,37
Curtis Electric,idubbs45@gmail.com,White Plains,Solar,https://homepowerrebate.com/installers/ny/white-plains/solar/,https://homepowerrebate.com/installers/badge/,4.9,27
Rella Electric,office@rellaelectric.com,Yonkers,Solar,https://homepowerrebate.com/installers/ny/yonkers/solar/,https://homepowerrebate.com/installers/badge/,4.9,344
Quest Solar,info@questsolar.com,Yonkers,Solar,https://homepowerrebate.com/installers/ny/yonkers/solar/,https://homepowerrebate.com/installers/badge/,4.5,81
PPR Energy Solutions,john@smith.com,Buffalo,Solar,https://homepowerrebate.com/installers/ny/buffalo/solar/,https://homepowerrebate.com/installers/badge/,5.0,43
Barr Electric,jonbarrelectric@gmail.com,Buffalo,Solar,https://homepowerrebate.com/installers/ny/buffalo/solar/,https://homepowerrebate.com/installers/badge/,4.9,66
Happy Solar,info@happyslr.com,Rochester,Solar,https://homepowerrebate.com/installers/ny/rochester/solar/,https://homepowerrebate.com/installers/badge/,4.9,68
"Syracuse Energy Systems, Inc.",syracuseenergysystems@gmail.com,Syracuse,Solar,https://homepowerrebate.com/installers/ny/syracuse/solar/,https://homepowerrebate.com/installers/badge/,5.0,409
Home Power Systems and Commercial Power Systems,fj1395@gmail.com,Syracuse,Solar,https://homepowerrebate.com/installers/ny/syracuse/solar/,https://homepowerrebate.com/installers/badge/,5.0,331
Energy Savers Inc.,energysaverinc@hotmail.com,Syracuse,Solar,https://homepowerrebate.com/installers/ny/syracuse/solar/,https://homepowerrebate.com/installers/badge/,4.9,336
4 Power Now Inc.,email@4powernow.com,Syracuse,Solar,https://homepowerrebate.com/installers/ny/syracuse/solar/,https://homepowerrebate.com/installers/badge/,4.7,134
Sunshine Plus Solar Corp,info@sunshineplussolar.com,Babylon,Solar,https://homepowerrebate.com/installers/ny/babylon/solar/,https://homepowerrebate.com/installers/badge/,5.0,27
Home Energy Solutions,gdlamay3@gmail.com,Huntington,Solar,https://homepowerrebate.com/installers/ny/huntington/solar/,https://homepowerrebate.com/installers/badge/,4.5,15
Green Choice Energy,info@greenchoiceenergy.com,Huntington,Solar,https://homepowerrebate.com/installers/ny/huntington/solar/,https://homepowerrebate.com/installers/badge/,4.2,102
Leviathan Solar,anapbm@gmail.com,Islip,Solar,https://homepowerrebate.com/installers/ny/islip/solar/,https://homepowerrebate.com/installers/badge/,4.9,49
SUNation Energy,info@sunation.com,Islip,Solar,https://homepowerrebate.com/installers/ny/islip/solar/,https://homepowerrebate.com/installers/badge/,4.7,962
Trinity Solar,gosolar@trinity-solar.com,Islip,Solar,https://homepowerrebate.com/installers/ny/islip/solar/,https://homepowerrebate.com/installers/badge/,4.6,317
US Solar Enterprise,info@us-solar.net,Islip,Solar,https://homepowerrebate.com/installers/ny/islip/solar/,https://homepowerrebate.com/installers/badge/,4.1,37
L&L Electrical Inc,info@llelectricalinc.com,Oyster Bay,Solar,https://homepowerrebate.com/installers/ny/oyster-bay/solar/,https://homepowerrebate.com/installers/badge/,5.0,42
Broadway Energy International Inc. (Energy & Commodity Company),alfani@broadwayenergy.com,Oyster Bay,Solar,https://homepowerrebate.com/installers/ny/oyster-bay/solar/,https://homepowerrebate.com/installers/badge/,4.8,22
"Sunshine Solar Technologies, Inc.",info@sunshinesolartech.com,Oyster Bay,Solar,https://homepowerrebate.com/installers/ny/oyster-bay/solar/,https://homepowerrebate.com/installers/badge/,4.4,13
GreenLogic Energy,save@greenlogic.com,Southampton,Solar,https://homepowerrebate.com/installers/ny/southampton/solar/,https://homepowerrebate.com/installers/badge/,4.8,124
Ocean Electric Corp.,wkarolczyk@gmail.com,Southampton,Solar,https://homepowerrebate.com/installers/ny/southampton/solar/,https://homepowerrebate.com/installers/badge/,4.8,48
Leo's Electric Corporation,office@leoselectric.com,Southampton,Solar,https://homepowerrebate.com/installers/ny/southampton/solar/,https://homepowerrebate.com/installers/badge/,4.5,31
"HWS, Inc. - Mitsubishi Heat Pumps, HVAC, Electrical, Plumbing",info@kingstonhws.com,Kingston,Solar,https://homepowerrebate.com/installers/ny/kingston/solar/,https://homepowerrebate.com/installers/badge/,5.0,745
"JSP Home Services: Plumbing, Air Conditioning, Heating and Electrical Experts",office@jsp.expert,Kingston,Solar,https://homepowerrebate.com/installers/ny/kingston/solar/,https://homepowerrebate.com/installers/badge/,4.8,7352
Evo Energy Inc.,evolutionenergyny@gmail.com,Poughkeepsie,Solar,https://homepowerrebate.com/installers/ny/poughkeepsie/solar/,https://homepowerrebate.com/installers/badge/,4.9,61
Gem's Electrical Contracting,info@gemselectrical.com,Babylon,Solar,https://homepowerrebate.com/installers/ny/babylon/solar/,https://homepowerrebate.com/installers/badge/,5.0,63
Goldwater Solar Services Ltd,info@goldwatersolar.com,Toronto,Home Battery,https://homepowerrebate.com/installers/on/toronto/battery/,https://homepowerrebate.com/installers/badge/,4.9,70
INTOCHARGE,partnerships@intocharge.com,Toronto,Home Battery,https://homepowerrebate.com/installers/on/toronto/battery/,https://homepowerrebate.com/installers/badge/,5.0,30
Solar X,info@solar-x.ca,Toronto,Home Battery,https://homepowerrebate.com/installers/on/toronto/battery/,https://homepowerrebate.com/installers/badge/,4.5,671
FIG Solar,office@figsolar.ca,Ottawa,Home Battery,https://homepowerrebate.com/installers/on/ottawa/battery/,https://homepowerrebate.com/installers/badge/,5.0,71
Evolta Electric,info@evoltaelectric.com,Ottawa,Home Battery,https://homepowerrebate.com/installers/on/ottawa/battery/,https://homepowerrebate.com/installers/badge/,4.9,199
Quadra Solar,info@quadrasolar.com,Ottawa,Home Battery,https://homepowerrebate.com/installers/on/ottawa/battery/,https://homepowerrebate.com/installers/badge/,5.0,47
Ottawa Solar Power Inc - Solar Energy Solutions,sales@ottawasolarpower.com,Ottawa,Home Battery,https://homepowerrebate.com/installers/on/ottawa/battery/,https://homepowerrebate.com/installers/badge/,4.4,42
Green Solar World Inc,greensolarworldinc@gmail.com,Mississauga,Home Battery,https://homepowerrebate.com/installers/on/mississauga/battery/,https://homepowerrebate.com/installers/badge/,5.0,241
Superior Power Electric,info@superiorpowerelectric.ca,Brampton,Home Battery,https://homepowerrebate.com/installers/on/brampton/battery/,https://homepowerrebate.com/installers/badge/,5.0,63
Tec electrical,tecelectrical92@gmail.com,Brampton,Home Battery,https://homepowerrebate.com/installers/on/brampton/battery/,https://homepowerrebate.com/installers/badge/,5.0,43
Brampton solar,bramptonsolar13@gmail.com,Brampton,Home Battery,https://homepowerrebate.com/installers/on/brampton/battery/,https://homepowerrebate.com/installers/badge/,5.0,14
Brampton Solar Lighting - Brampton,info@bramptonsolar.com,Brampton,Home Battery,https://homepowerrebate.com/installers/on/brampton/battery/,https://homepowerrebate.com/installers/badge/,4.7,185
Frankensolar Americas Inc.,sales@frankensolar.ca,Brampton,Home Battery,https://homepowerrebate.com/installers/on/brampton/battery/,https://homepowerrebate.com/installers/badge/,4.3,24
Electric Safe,john@electricsafe.ca,Hamilton,Home Battery,https://homepowerrebate.com/installers/on/hamilton/battery/,https://homepowerrebate.com/installers/badge/,5.0,188
Nu-Gen Electrical Services,info@nugenelectrical.com,Hamilton,Home Battery,https://homepowerrebate.com/installers/on/hamilton/battery/,https://homepowerrebate.com/installers/badge/,4.8,36
Canada Energy Solution,info@canadaenergysolution.com,Hamilton,Home Battery,https://homepowerrebate.com/installers/on/hamilton/battery/,https://homepowerrebate.com/installers/badge/,4.8,25
TD Solar Shop,sales@tdsolarshop.ca,Hamilton,Home Battery,https://homepowerrebate.com/installers/on/hamilton/battery/,https://homepowerrebate.com/installers/badge/,4.8,17
SUNVIBE | Solar & Energy Solutions,info@sunvibesolar.ca,Hamilton,Home Battery,https://homepowerrebate.com/installers/on/hamilton/battery/,https://homepowerrebate.com/installers/badge/,4.6,18
Innovation Electric Inc.,info@innovationelectricinc.com,Markham,Home Battery,https://homepowerrebate.com/installers/on/markham/battery/,https://homepowerrebate.com/installers/badge/,5.0,233
Haneco Energy,info@haneco.ca,Markham,Home Battery,https://homepowerrebate.com/installers/on/markham/battery/,https://homepowerrebate.com/installers/badge/,4.8,82
Electrovoltage,info@electrovoltage.ca,Markham,Home Battery,https://homepowerrebate.com/installers/on/markham/battery/,https://homepowerrebate.com/installers/badge/,4.7,31
Signature Electric Ltd,hello@signatureelectric.ca,Markham,Home Battery,https://homepowerrebate.com/installers/on/markham/battery/,https://homepowerrebate.com/installers/badge/,4.6,85
New Dawn Energy Solutions,info@newdawn-es.com,Markham,Home Battery,https://homepowerrebate.com/installers/on/markham/battery/,https://homepowerrebate.com/installers/badge/,4.6,67
Terawatt Solar,info@terawattsolar.ca,Markham,Home Battery,https://homepowerrebate.com/installers/on/markham/battery/,https://homepowerrebate.com/installers/badge/,4.6,47
Radiant Solar Energy Group,astigma@astigmatic.com,Vaughan,Home Battery,https://homepowerrebate.com/installers/on/vaughan/battery/,https://homepowerrebate.com/installers/badge/,5.0,31
All Green Energy Solutions,info@allgreenenergysolutions.com,Vaughan,Home Battery,https://homepowerrebate.com/installers/on/vaughan/battery/,https://homepowerrebate.com/installers/badge/,4.9,36
EVpro electric,evpro.electric@gmail.com,Vaughan,Home Battery,https://homepowerrebate.com/installers/on/vaughan/battery/,https://homepowerrebate.com/installers/badge/,5.0,21
Solar X - Vaughan,info@solar-x.ca,Vaughan,Home Battery,https://homepowerrebate.com/installers/on/vaughan/battery/,https://homepowerrebate.com/installers/badge/,5.0,16
KIYAN ELECTRIC INC,info@kiyanelectric.ca,Richmond Hill,Home Battery,https://homepowerrebate.com/installers/on/richmond-hill/battery/,https://homepowerrebate.com/installers/badge/,4.9,177
ElectricalService.ca,info@electricalservice.ca,Richmond Hill,Home Battery,https://homepowerrebate.com/installers/on/richmond-hill/battery/,https://homepowerrebate.com/installers/badge/,5.0,55
Near me electrician,info@nearmeelectrician.ca,Richmond Hill,Home Battery,https://homepowerrebate.com/installers/on/richmond-hill/battery/,https://homepowerrebate.com/installers/badge/,5.0,38
PlugIn Electric Ltd,dmitri@pluginelectric.info,Richmond Hill,Home Battery,https://homepowerrebate.com/installers/on/richmond-hill/battery/,https://homepowerrebate.com/installers/badge/,4.9,72
Redtech Electric,contact@redtechelectric.com,Richmond Hill,Home Battery,https://homepowerrebate.com/installers/on/richmond-hill/battery/,https://homepowerrebate.com/installers/badge/,4.9,37
All Electrical Service,electrician.call@gmail.com,Richmond Hill,Home Battery,https://homepowerrebate.com/installers/on/richmond-hill/battery/,https://homepowerrebate.com/installers/badge/,4.8,71
DC Power Electric LTD,dcpowerelectricltd@gmail.com,Richmond Hill,Home Battery,https://homepowerrebate.com/installers/on/richmond-hill/battery/,https://homepowerrebate.com/installers/badge/,5.0,13
Solar Fox,contactsolarfox@gmail.com,Richmond Hill,Home Battery,https://homepowerrebate.com/installers/on/richmond-hill/battery/,https://homepowerrebate.com/installers/badge/,5.0,12
Hidden Wires,info@hiddenwires.ca,Richmond Hill,Home Battery,https://homepowerrebate.com/installers/on/richmond-hill/battery/,https://homepowerrebate.com/installers/badge/,5.0,11
Electrical Elite,info@electricalelite.ca,Barrie,Home Battery,https://homepowerrebate.com/installers/on/barrie/battery/,https://homepowerrebate.com/installers/badge/,4.9,220
HGC Electric,info@hgcelectric.com,Barrie,Home Battery,https://homepowerrebate.com/installers/on/barrie/battery/,https://homepowerrebate.com/installers/badge/,5.0,52
The Shock Doctors - Barrie Electricians,info@theshockdoctors.ca,Barrie,Home Battery,https://homepowerrebate.com/installers/on/barrie/battery/,https://homepowerrebate.com/installers/badge/,4.9,132
Future Core Electric,futurecoreelectric@gmail.com,Barrie,Home Battery,https://homepowerrebate.com/installers/on/barrie/battery/,https://homepowerrebate.com/installers/badge/,5.0,51
Top Era Electric Inc - Barrie,bstevens@toperaelectric.com,Barrie,Home Battery,https://homepowerrebate.com/installers/on/barrie/battery/,https://homepowerrebate.com/installers/badge/,4.9,14
Solar Power Store Canada,hello@solarpowerstore.ca,Barrie,Home Battery,https://homepowerrebate.com/installers/on/barrie/battery/,https://homepowerrebate.com/installers/badge/,4.5,330
Somerton Electric,info@somertonelectric.com,London,Home Battery,https://homepowerrebate.com/installers/on/london/battery/,https://homepowerrebate.com/installers/badge/,5.0,264
Studerus Electric Inc.,info@studeruselectric.com,London,Home Battery,https://homepowerrebate.com/installers/on/london/battery/,https://homepowerrebate.com/installers/badge/,4.7,64
Polar Energy Systems - Insulation Services,coloradoavs@live.com,London,Home Battery,https://homepowerrebate.com/installers/on/london/battery/,https://homepowerrebate.com/installers/badge/,4.2,15
95 Electric Inc.,caleb@95electric.com,Windsor,Home Battery,https://homepowerrebate.com/installers/on/windsor/battery/,https://homepowerrebate.com/installers/badge/,5.0,141
Murphy Electrical Group,rmurphygroup@gmail.com,Windsor,Home Battery,https://homepowerrebate.com/installers/on/windsor/battery/,https://homepowerrebate.com/installers/badge/,5.0,81
Watt N Volt Electric Ltd.,wattnvoltelectric@gmail.com,Windsor,Home Battery,https://homepowerrebate.com/installers/on/windsor/battery/,https://homepowerrebate.com/installers/badge/,5.0,21
Off The Grid Energy Solutions,info@off-the-grid-solar.com,Windsor,Home Battery,https://homepowerrebate.com/installers/on/windsor/battery/,https://homepowerrebate.com/installers/badge/,4.8,43
Future Electric Inc.,futureelectricinc@yahoo.ca,Windsor,Home Battery,https://homepowerrebate.com/installers/on/windsor/battery/,https://homepowerrebate.com/installers/badge/,5.0,13
Advanced Electric and Controls Inc.,info@advanced-electric.ca,Windsor,Home Battery,https://homepowerrebate.com/installers/on/windsor/battery/,https://homepowerrebate.com/installers/badge/,4.7,39
Power Traxx Electric,info@traxxinc.ca,Windsor,Home Battery,https://homepowerrebate.com/installers/on/windsor/battery/,https://homepowerrebate.com/installers/badge/,4.5,47
Canada Energy Solution,info@canadaenergysolution.com,Oakville,Home Battery,https://homepowerrebate.com/installers/on/oakville/battery/,https://homepowerrebate.com/installers/badge/,4.9,251
Think Green Electrical,info@thinkgreenelectrical.com,Oakville,Home Battery,https://homepowerrebate.com/installers/on/oakville/battery/,https://homepowerrebate.com/installers/badge/,4.8,58
JML Electric,office@jmlelectric.ca,Oakville,Home Battery,https://homepowerrebate.com/installers/on/oakville/battery/,https://homepowerrebate.com/installers/badge/,4.7,100
Powersource Electric Inc.,info@powersourceelectric.ca,Oshawa,Home Battery,https://homepowerrebate.com/installers/on/oshawa/battery/,https://homepowerrebate.com/installers/badge/,5.0,372
Barrett Electric Inc.,james@barrettelectric.ca,Oshawa,Home Battery,https://homepowerrebate.com/installers/on/oshawa/battery/,https://homepowerrebate.com/installers/badge/,5.0,85
Green Planet Electric,customerservice@green-planet-electric.com,Oshawa,Home Battery,https://homepowerrebate.com/installers/on/oshawa/battery/,https://homepowerrebate.com/installers/badge/,4.9,158
CFI Electric,cfielectricltd1@yahoo.ca\,Oshawa,Home Battery,https://homepowerrebate.com/installers/on/oshawa/battery/,https://homepowerrebate.com/installers/badge/,5.0,39
Wilson Electric Installations Inc,ryan.wilson@wilsonelectricinc.ca,Whitby,Home Battery,https://homepowerrebate.com/installers/on/whitby/battery/,https://homepowerrebate.com/installers/badge/,5.0,122
North Electrik Inc | 24/7 Whitby Electrician,info@northelectrik.com,Whitby,Home Battery,https://homepowerrebate.com/installers/on/whitby/battery/,https://homepowerrebate.com/installers/badge/,4.9,337
GT electrical Inc,service@gtelectricalinc.com,Whitby,Home Battery,https://homepowerrebate.com/installers/on/whitby/battery/,https://homepowerrebate.com/installers/badge/,5.0,34
Beetham Electric Inc,info@beethamelectric.com,Whitby,Home Battery,https://homepowerrebate.com/installers/on/whitby/battery/,https://homepowerrebate.com/installers/badge/,4.8,60
Eco Electrical HVAC,ecoelectricalhvac@gmail.com,Whitby,Home Battery,https://homepowerrebate.com/installers/on/whitby/battery/,https://homepowerrebate.com/installers/badge/,5.0,15
Brightworks Energy Inc.,help@brightworks.com,Whitby,Home Battery,https://homepowerrebate.com/installers/on/whitby/battery/,https://homepowerrebate.com/installers/badge/,4.4,34
Brant Electric Limited | Electrical Contractors,info@brantelectriclimited.ca,Burlington,Home Battery,https://homepowerrebate.com/installers/on/burlington/battery/,https://homepowerrebate.com/installers/badge/,4.9,641
Calibre Electric | Generac Generators,info@calibreelectric.com,Burlington,Home Battery,https://homepowerrebate.com/installers/on/burlington/battery/,https://homepowerrebate.com/installers/badge/,4.8,506
Rad electric inc.,info@radelectric.ca,Burlington,Home Battery,https://homepowerrebate.com/installers/on/burlington/battery/,https://homepowerrebate.com/installers/badge/,4.9,62
Hepburn Electric,tim@hepburnelectric.ca,Burlington,Home Battery,https://homepowerrebate.com/installers/on/burlington/battery/,https://homepowerrebate.com/installers/badge/,5.0,15
Resolve Home Energy Ltd,info@resolvehomeenergy.co.uk,Cambridge,Home Battery,https://homepowerrebate.com/installers/on/cambridge/battery/,https://homepowerrebate.com/installers/badge/,5.0,117
Mod Electrical Inc.,info@modelectrical.ca,Cambridge,Home Battery,https://homepowerrebate.com/installers/on/cambridge/battery/,https://homepowerrebate.com/installers/badge/,5.0,104
Ferguson Electrical Solutions,fergusonelectricalsolutions@gmail.com,Cambridge,Home Battery,https://homepowerrebate.com/installers/on/cambridge/battery/,https://homepowerrebate.com/installers/badge/,4.9,339
Little Electric Inc,info@little-electric.com,Cambridge,Home Battery,https://homepowerrebate.com/installers/on/cambridge/battery/,https://homepowerrebate.com/installers/badge/,4.9,182
SNG Electrical Services,info@sngelectrical.ca,Cambridge,Home Battery,https://homepowerrebate.com/installers/on/cambridge/battery/,https://homepowerrebate.com/installers/badge/,4.9,116
Borealis Electric Inc,info@borealiselectric.ca,Cambridge,Home Battery,https://homepowerrebate.com/installers/on/cambridge/battery/,https://homepowerrebate.com/installers/badge/,5.0,24
NS Electric,nselectricinc@outlook.com,Cambridge,Home Battery,https://homepowerrebate.com/installers/on/cambridge/battery/,https://homepowerrebate.com/installers/badge/,5.0,13
Daisy Energy Inc - LED and Smart Energy Solutions,info@daisyenergy.ca,Cambridge,Home Battery,https://homepowerrebate.com/installers/on/cambridge/battery/,https://homepowerrebate.com/installers/badge/,5.0,12
Cambridge Solar,info@cambridge-solar.co.uk,Cambridge,Home Battery,https://homepowerrebate.com/installers/on/cambridge/battery/,https://homepowerrebate.com/installers/badge/,4.4,79
Sudbury Solar Solutions Inc.,info@sudburysolarsolutions.ca,Greater Sudbury,Home Battery,https://homepowerrebate.com/installers/on/greater-sudbury/battery/,https://homepowerrebate.com/installers/badge/,5.0,27
ProSol Energy Systems,info@prosolenergy.ca,Greater Sudbury,Home Battery,https://homepowerrebate.com/installers/on/greater-sudbury/battery/,https://homepowerrebate.com/installers/badge/,4.8,130
@home Energy,inquiries@athomeenergy.ca,Greater Sudbury,Home Battery,https://homepowerrebate.com/installers/on/greater-sudbury/battery/,https://homepowerrebate.com/installers/badge/,4.0,21
Blais Electric,info@blaiselectric.ca,Guelph,Home Battery,https://homepowerrebate.com/installers/on/guelph/battery/,https://homepowerrebate.com/installers/badge/,4.9,794
Guelph Solar,admin@guelphsolar.net,Guelph,Home Battery,https://homepowerrebate.com/installers/on/guelph/battery/,https://homepowerrebate.com/installers/badge/,4.9,204
Bluewater Energy,info@bluewaterenergy.ca,Guelph,Home Battery,https://homepowerrebate.com/installers/on/guelph/battery/,https://homepowerrebate.com/installers/badge/,4.9,76
Greencor Electric Inc,info@greencorelectric.com,Guelph,Home Battery,https://homepowerrebate.com/installers/on/guelph/battery/,https://homepowerrebate.com/installers/badge/,4.7,13
Eden Energy Equipment,info@edenenergy.com,Guelph,Home Battery,https://homepowerrebate.com/installers/on/guelph/battery/,https://homepowerrebate.com/installers/badge/,4.5,12
Wieser Electric,dave@wieserelectric.ca,Kingston,Home Battery,https://homepowerrebate.com/installers/on/kingston/battery/,https://homepowerrebate.com/installers/badge/,4.9,181
SolarBuzz Jamaica,info@solarbuzzjamaica.com,Kingston,Home Battery,https://homepowerrebate.com/installers/on/kingston/battery/,https://homepowerrebate.com/installers/badge/,4.9,70
Kode Electrical Services Ltd.,kode.electrical@gmail.com,Kingston,Home Battery,https://homepowerrebate.com/installers/on/kingston/battery/,https://homepowerrebate.com/installers/badge/,5.0,21
Knapp's Electric,knappselectrical@gmail.com,Kingston,Home Battery,https://homepowerrebate.com/installers/on/kingston/battery/,https://homepowerrebate.com/installers/badge/,4.7,50
Energy Kingston Exteriors Inc.,info@energykingston.com,Kingston,Home Battery,https://homepowerrebate.com/installers/on/kingston/battery/,https://homepowerrebate.com/installers/badge/,4.6,94
VISCA electric,allyanna@viscaelectric.ca,Niagara Falls,Home Battery,https://homepowerrebate.com/installers/on/niagara-falls/battery/,https://homepowerrebate.com/installers/badge/,4.9,101
Parisi Electric,info@parisielectric.com,Niagara Falls,Home Battery,https://homepowerrebate.com/installers/on/niagara-falls/battery/,https://homepowerrebate.com/installers/badge/,4.9,80
Cardinal Plumbing Electric & Septic,info@cardinalhome.ca,Peterborough,Home Battery,https://homepowerrebate.com/installers/on/peterborough/battery/,https://homepowerrebate.com/installers/badge/,4.9,1204
Grounded Electrical Co.,groundedelectricalco@gmail.com,Peterborough,Home Battery,https://homepowerrebate.com/installers/on/peterborough/battery/,https://homepowerrebate.com/installers/badge/,4.9,54
Nixon Electric Company Ltd.,info@nixonelectric.ca,Peterborough,Home Battery,https://homepowerrebate.com/installers/on/peterborough/battery/,https://homepowerrebate.com/installers/badge/,5.0,10
Lancer Electric,service@lancerelectric.ca,Peterborough,Home Battery,https://homepowerrebate.com/installers/on/peterborough/battery/,https://homepowerrebate.com/installers/badge/,4.6,107
Generation Solar,info@generationsolar.com,Peterborough,Home Battery,https://homepowerrebate.com/installers/on/peterborough/battery/,https://homepowerrebate.com/installers/badge/,4.2,21
Tombari Electric & HVAC,info@tombarielectric.com,Sault Ste Marie,Home Battery,https://homepowerrebate.com/installers/on/sault-ste-marie/battery/,https://homepowerrebate.com/installers/badge/,4.9,143
DT Electrical Contractors,office@dtelectricalcontractor.ca,Sault Ste Marie,Home Battery,https://homepowerrebate.com/installers/on/sault-ste-marie/battery/,https://homepowerrebate.com/installers/badge/,4.8,52
GUZZO ELECTRIC,info@guzzoelectrical.com,Sault Ste Marie,Home Battery,https://homepowerrebate.com/installers/on/sault-ste-marie/battery/,https://homepowerrebate.com/installers/badge/,4.8,19
Permanent Electric Sault Inc.,info@permanentelectric.com,Sault Ste Marie,Home Battery,https://homepowerrebate.com/installers/on/sault-ste-marie/battery/,https://homepowerrebate.com/installers/badge/,4.5,10
I & M Electric,orders@iandmelectric.com,Thunder Bay,Home Battery,https://homepowerrebate.com/installers/on/thunder-bay/battery/,https://homepowerrebate.com/installers/badge/,4.9,12
Gary Wenzel Electrical and Fire Alarm Solutions,admin@wenzelsolutions.ca,Thunder Bay,Home Battery,https://homepowerrebate.com/installers/on/thunder-bay/battery/,https://homepowerrebate.com/installers/badge/,4.6,22
Park Electric Service Co,park.electric@shaw.ca,Thunder Bay,Home Battery,https://homepowerrebate.com/installers/on/thunder-bay/battery/,https://homepowerrebate.com/installers/badge/,4.2,27
Accurate Electric,shewen@accurateelectric.ca,Timmins,Home Battery,https://homepowerrebate.com/installers/on/timmins/battery/,https://homepowerrebate.com/installers/badge/,4.5,10
MG Industries - Electrical Contractor,info.mgindustriesinc@gmail.com,Timmins,Home Battery,https://homepowerrebate.com/installers/on/timmins/battery/,https://homepowerrebate.com/installers/badge/,4.3,29
Green Heating and Air Inc.,info@greenheatingandair.ca,Toronto,Heat Pump,https://homepowerrebate.com/installers/on/toronto/heat-pump/,https://homepowerrebate.com/installers/badge/,5.0,190
Hudson Condominium Solutions Inc,service@hudsonhvac.ca,Toronto,Heat Pump,https://homepowerrebate.com/installers/on/toronto/heat-pump/,https://homepowerrebate.com/installers/badge/,4.9,1073
SunnySide Heating and Air Conditioning,info@sunnysidehvac.ca,Toronto,Heat Pump,https://homepowerrebate.com/installers/on/toronto/heat-pump/,https://homepowerrebate.com/installers/badge/,4.9,195
Climax Heating & Air Conditioning,info@climaxair.ca,Toronto,Heat Pump,https://homepowerrebate.com/installers/on/toronto/heat-pump/,https://homepowerrebate.com/installers/badge/,4.9,135
HVAC Market,info@hvacmarket.ca,Toronto,Heat Pump,https://homepowerrebate.com/installers/on/toronto/heat-pump/,https://homepowerrebate.com/installers/badge/,4.9,130
Econoair Heating and Cooling Inc,info@econoairhc.com,Toronto,Heat Pump,https://homepowerrebate.com/installers/on/toronto/heat-pump/,https://homepowerrebate.com/installers/badge/,4.9,78
Downtown Toronto HVAC,service@downtowntorontohvac.ca,Toronto,Heat Pump,https://homepowerrebate.com/installers/on/toronto/heat-pump/,https://homepowerrebate.com/installers/badge/,4.9,75
Superior Plumbing & Heating of Toronto,info@superiorplumbing.ca,Toronto,Heat Pump,https://homepowerrebate.com/installers/on/toronto/heat-pump/,https://homepowerrebate.com/installers/badge/,4.9,74
Oria Heating and Cooling,info@oriaheatingandcooling.com,Ottawa,Heat Pump,https://homepowerrebate.com/installers/on/ottawa/heat-pump/,https://homepowerrebate.com/installers/badge/,5.0,576
Apple HVAC,info@applehvac.ca,Ottawa,Heat Pump,https://homepowerrebate.com/installers/on/ottawa/heat-pump/,https://homepowerrebate.com/installers/badge/,5.0,254
Ottawa Comfort Heating & Cooling,info@ottawacomfort.ca,Ottawa,Heat Pump,https://homepowerrebate.com/installers/on/ottawa/heat-pump/,https://homepowerrebate.com/installers/badge/,5.0,193
MR Home Comfort Heating and Cooling Inc.,info@mrheatingandcooling.ca,Ottawa,Heat Pump,https://homepowerrebate.com/installers/on/ottawa/heat-pump/,https://homepowerrebate.com/installers/badge/,5.0,137
First Call Heating & Cooling Inc.,info@firstcallheatcool.com,Ottawa,Heat Pump,https://homepowerrebate.com/installers/on/ottawa/heat-pump/,https://homepowerrebate.com/installers/badge/,5.0,114
Comfort Tech Heating and Cooling (HVAC),derek@comforttechottawa.com,Ottawa,Heat Pump,https://homepowerrebate.com/installers/on/ottawa/heat-pump/,https://homepowerrebate.com/installers/badge/,5.0,91
Rick Menard Heating & Cooling,info@menardheatcool.com,Ottawa,Heat Pump,https://homepowerrebate.com/installers/on/ottawa/heat-pump/,https://homepowerrebate.com/installers/badge/,4.9,1198
AirZone HVAC Services,info@airzonehvac.ca,Ottawa,Heat Pump,https://homepowerrebate.com/installers/on/ottawa/heat-pump/,https://homepowerrebate.com/installers/badge/,4.9,1171
HVAC-Group,info@hvac-group.com,Mississauga,Heat Pump,https://homepowerrebate.com/installers/on/mississauga/heat-pump/,https://homepowerrebate.com/installers/badge/,5.0,279
MH Heating and Cooling Solutions,info@mhheatingandcooling.ca,Mississauga,Heat Pump,https://homepowerrebate.com/installers/on/mississauga/heat-pump/,https://homepowerrebate.com/installers/badge/,5.0,216
Real Deal HVAC,realdealhvac1@gmail.com,Mississauga,Heat Pump,https://homepowerrebate.com/installers/on/mississauga/heat-pump/,https://homepowerrebate.com/installers/badge/,5.0,180
High Class Cooling & Heating Systems,hvachighclass@gmail.com,Mississauga,Heat Pump,https://homepowerrebate.com/installers/on/mississauga/heat-pump/,https://homepowerrebate.com/installers/badge/,5.0,127
"AVIS HVAC, COOLING & HEATING",info@avishvac.com,Mississauga,Heat Pump,https://homepowerrebate.com/installers/on/mississauga/heat-pump/,https://homepowerrebate.com/installers/badge/,5.0,105
Convertible Heating and Air Conditioning,info@convertibleair.com,Mississauga,Heat Pump,https://homepowerrebate.com/installers/on/mississauga/heat-pump/,https://homepowerrebate.com/installers/badge/,5.0,97
Furnace King Home Services,info@furnaceking.ca,Mississauga,Heat Pump,https://homepowerrebate.com/installers/on/mississauga/heat-pump/,https://homepowerrebate.com/installers/badge/,4.9,907
"Aire One Peel | Furnace Repair Mississauga, Heat Pump Installation & AC Service",peel@aireone.com,Mississauga,Heat Pump,https://homepowerrebate.com/installers/on/mississauga/heat-pump/,https://homepowerrebate.com/installers/badge/,4.9,685
The Heatman Heating and Cooling,info@theheatman.ca,Mississauga,Heat Pump,https://homepowerrebate.com/installers/on/mississauga/heat-pump/,https://homepowerrebate.com/installers/badge/,5.0,84
Glors Heating and Air Conditioning,glorsheating@yahoo.com,Mississauga,Heat Pump,https://homepowerrebate.com/installers/on/mississauga/heat-pump/,https://homepowerrebate.com/installers/badge/,4.9,531
Leite Group - Hvac & Hydronics,leitegroupinc@gmail.com,Mississauga,Heat Pump,https://homepowerrebate.com/installers/on/mississauga/heat-pump/,https://homepowerrebate.com/installers/badge/,5.0,73
North Star HVAC,investor@lennox.com,Brampton,Heat Pump,https://homepowerrebate.com/installers/on/brampton/heat-pump/,https://homepowerrebate.com/installers/badge/,5.0,414
Northwest Gas Ltd,info@northwestgas.ca,Brampton,Heat Pump,https://homepowerrebate.com/installers/on/brampton/heat-pump/,https://homepowerrebate.com/installers/badge/,5.0,223
Glors Heating and Air Conditioning,glorsheating@yahoo.com,Brampton,Heat Pump,https://homepowerrebate.com/installers/on/brampton/heat-pump/,https://homepowerrebate.com/installers/badge/,5.0,210
Airmax Heating and Cooling,airmaxhvac79@gmail.com,Brampton,Heat Pump,https://homepowerrebate.com/installers/on/brampton/heat-pump/,https://homepowerrebate.com/installers/badge/,5.0,85
GM Heating & Cooling,info@gmheating.ca,Brampton,Heat Pump,https://homepowerrebate.com/installers/on/brampton/heat-pump/,https://homepowerrebate.com/installers/badge/,5.0,85
On Time HVAC Solutions,info@ontimehvacsolutions.ca,Brampton,Heat Pump,https://homepowerrebate.com/installers/on/brampton/heat-pump/,https://homepowerrebate.com/installers/badge/,4.9,287
Lapis Heating & Air Conditioning,contact@lapis-hvac.com,Brampton,Heat Pump,https://homepowerrebate.com/installers/on/brampton/heat-pump/,https://homepowerrebate.com/installers/badge/,4.9,149
"The HVAC Squad - Heating, Air Conditioning & Ventilation",info@thehvacsquad.ca,Brampton,Heat Pump,https://homepowerrebate.com/installers/on/brampton/heat-pump/,https://homepowerrebate.com/installers/badge/,5.0,49
Dynamic Heating & Cooling,info@dynamicheatandcool.ca,Hamilton,Heat Pump,https://homepowerrebate.com/installers/on/hamilton/heat-pump/,https://homepowerrebate.com/installers/badge/,5.0,825
MY HVAC Guy,matt@myhvacguy.ca,Hamilton,Heat Pump,https://homepowerrebate.com/installers/on/hamilton/heat-pump/,https://homepowerrebate.com/installers/badge/,5.0,100
Spurr Heating & Air Conditioning,info@spurrhvac.com,Hamilton,Heat Pump,https://homepowerrebate.com/installers/on/hamilton/heat-pump/,https://homepowerrebate.com/installers/badge/,4.9,1262
"Superior HVAC Service, Heating & Air Conditioning",info@superiorhvacservice.ca,Hamilton,Heat Pump,https://homepowerrebate.com/installers/on/hamilton/heat-pump/,https://homepowerrebate.com/installers/badge/,5.0,87
Super Air Heating & Cooling,info@superairhvac.ca,Hamilton,Heat Pump,https://homepowerrebate.com/installers/on/hamilton/heat-pump/,https://homepowerrebate.com/installers/badge/,5.0,87
DHEM Heating & Cooling,service@dhemhvac.ca,Hamilton,Heat Pump,https://homepowerrebate.com/installers/on/hamilton/heat-pump/,https://homepowerrebate.com/installers/badge/,5.0,58
D.A.D. HVAC,info@dadhvac.ca,Hamilton,Heat Pump,https://homepowerrebate.com/installers/on/hamilton/heat-pump/,https://homepowerrebate.com/installers/badge/,5.0,58
Superior Plumbing & Heating of Hamilton,info@superiorplumbing.ca,Hamilton,Heat Pump,https://homepowerrebate.com/installers/on/hamilton/heat-pump/,https://homepowerrebate.com/installers/badge/,4.9,89
HAMCO Heating and Cooling Ltd.,info@hamco.ca,Hamilton,Heat Pump,https://homepowerrebate.com/installers/on/hamilton/heat-pump/,https://homepowerrebate.com/installers/badge/,4.8,777
Adam's Air Systems - Heating and Air Conditioning,adamsair@live.com,Hamilton,Heat Pump,https://homepowerrebate.com/installers/on/hamilton/heat-pump/,https://homepowerrebate.com/installers/badge/,4.8,216
Rosewood Heating and Cooling Ltd.,info@rosewoodheating.com,Markham,Heat Pump,https://homepowerrebate.com/installers/on/markham/heat-pump/,https://homepowerrebate.com/installers/badge/,5.0,141
ICare Home Comfort,info@icarehomecomfort.com,Markham,Heat Pump,https://homepowerrebate.com/installers/on/markham/heat-pump/,https://homepowerrebate.com/installers/badge/,4.9,907
Service Express HVAC,info@servicexpress.ca,Markham,Heat Pump,https://homepowerrebate.com/installers/on/markham/heat-pump/,https://homepowerrebate.com/installers/badge/,4.9,434
Superior Care Home Services Inc.,info@superiorcare.ca,Markham,Heat Pump,https://homepowerrebate.com/installers/on/markham/heat-pump/,https://homepowerrebate.com/installers/badge/,4.9,312
HVAC Smart Solution,hvacssscorp@gmail.com,Markham,Heat Pump,https://homepowerrebate.com/installers/on/markham/heat-pump/,https://homepowerrebate.com/installers/badge/,5.0,68
HVAC BOSS,mehrdad@hvacboss.ca,Markham,Heat Pump,https://homepowerrebate.com/installers/on/markham/heat-pump/,https://homepowerrebate.com/installers/badge/,5.0,59
Markham Heating & Air Conditioning,book@markhamheating.com,Markham,Heat Pump,https://homepowerrebate.com/installers/on/markham/heat-pump/,https://homepowerrebate.com/installers/badge/,4.9,125
City Energy Heating & Air Conditioning Markham,info@city-energy.ca,Markham,Heat Pump,https://homepowerrebate.com/installers/on/markham/heat-pump/,https://homepowerrebate.com/installers/badge/,4.9,110
Exalted Services,info@exaltedservices.com,Markham,Heat Pump,https://homepowerrebate.com/installers/on/markham/heat-pump/,https://homepowerrebate.com/installers/badge/,4.9,101
Air Point Heating & Cooling,info@airpoint.ca,Vaughan,Heat Pump,https://homepowerrebate.com/installers/on/vaughan/heat-pump/,https://homepowerrebate.com/installers/badge/,5.0,495
ALP Heating,contact@alpheating.ca,Vaughan,Heat Pump,https://homepowerrebate.com/installers/on/vaughan/heat-pump/,https://homepowerrebate.com/installers/badge/,5.0,157
M&M Home Comfort,customerservice@mmhomecomfort.com,Vaughan,Heat Pump,https://homepowerrebate.com/installers/on/vaughan/heat-pump/,https://homepowerrebate.com/installers/badge/,5.0,113
Woodbridge GTA ClimateCare,info@gtaclimatecare.com,Vaughan,Heat Pump,https://homepowerrebate.com/installers/on/vaughan/heat-pump/,https://homepowerrebate.com/installers/badge/,4.9,683
PRO CLIMATE,info@proclimate.ca,Vaughan,Heat Pump,https://homepowerrebate.com/installers/on/vaughan/heat-pump/,https://homepowerrebate.com/installers/badge/,4.9,246
Air Connect HVAC,airconnecthvac@gmail.com,Vaughan,Heat Pump,https://homepowerrebate.com/installers/on/vaughan/heat-pump/,https://homepowerrebate.com/installers/badge/,4.9,110
1st Air Heating & Cooling,info@1st-air.ca,Vaughan,Heat Pump,https://homepowerrebate.com/installers/on/vaughan/heat-pump/,https://homepowerrebate.com/installers/badge/,4.9,100
Vaughan HVAC,info@vaughanheatingcooling.ca,Vaughan,Heat Pump,https://homepowerrebate.com/installers/on/vaughan/heat-pump/,https://homepowerrebate.com/installers/badge/,5.0,31
Bay Tech Heating and Cooling,info@baytechheatingandcooling.ca,Richmond Hill,Heat Pump,https://homepowerrebate.com/installers/on/richmond-hill/heat-pump/,https://homepowerrebate.com/installers/badge/,5.0,278
HVAC Trust,contact@hvactrust.ca,Richmond Hill,Heat Pump,https://homepowerrebate.com/installers/on/richmond-hill/heat-pump/,https://homepowerrebate.com/installers/badge/,4.9,518
Consumers Choice Heating and Cooling Inc.,consumerschoiceinfo@gmail.com,Richmond Hill,Heat Pump,https://homepowerrebate.com/installers/on/richmond-hill/heat-pump/,https://homepowerrebate.com/installers/badge/,5.0,48
Kobist Air Inc. Heating & Cooling,info@kobistair.ca,Richmond Hill,Heat Pump,https://homepowerrebate.com/installers/on/richmond-hill/heat-pump/,https://homepowerrebate.com/installers/badge/,5.0,45
Comfort Care Inc,info@comfort-ca.com,Richmond Hill,Heat Pump,https://homepowerrebate.com/installers/on/richmond-hill/heat-pump/,https://homepowerrebate.com/installers/badge/,5.0,37
Econoair Heating & Cooling Inc,info@econoairhc.com,Richmond Hill,Heat Pump,https://homepowerrebate.com/installers/on/richmond-hill/heat-pump/,https://homepowerrebate.com/installers/badge/,4.8,506
Simcoe Muskoka Home Comfort,dan@smhomecomfort.com,Barrie,Heat Pump,https://homepowerrebate.com/installers/on/barrie/heat-pump/,https://homepowerrebate.com/installers/badge/,4.9,250
Barrie Furnace Repair,darren@barriefurnace.com,Barrie,Heat Pump,https://homepowerrebate.com/installers/on/barrie/heat-pump/,https://homepowerrebate.com/installers/badge/,5.0,32
MAK Mechanical,info@makmechanical.com,Barrie,Heat Pump,https://homepowerrebate.com/installers/on/barrie/heat-pump/,https://homepowerrebate.com/installers/badge/,4.7,152
Maxcare Heating And Cooling,maxcareheatingandcooling@gmail.com,London,Heat Pump,https://homepowerrebate.com/installers/on/london/heat-pump/,https://homepowerrebate.com/installers/badge/,5.0,268
Hawana HVAC Solutions Ac & Furnace Repair London ON,info@hawana.ca,London,Heat Pump,https://homepowerrebate.com/installers/on/london/heat-pump/,https://homepowerrebate.com/installers/badge/,5.0,224
Virtue Heating and Air Conditioning,joel@virtueheating.ca,London,Heat Pump,https://homepowerrebate.com/installers/on/london/heat-pump/,https://homepowerrebate.com/installers/badge/,5.0,135
Core Comfort HVAC,sales@corecomforthvac.ca,London,Heat Pump,https://homepowerrebate.com/installers/on/london/heat-pump/,https://homepowerrebate.com/installers/badge/,5.0,107
Donaldson Home Services,contact@donaldsonheating.ca,London,Heat Pump,https://homepowerrebate.com/installers/on/london/heat-pump/,https://homepowerrebate.com/installers/badge/,4.9,3040
Handy Bros. Home Comfort: London HVAC,info@handybros.com,London,Heat Pump,https://homepowerrebate.com/installers/on/london/heat-pump/,https://homepowerrebate.com/installers/badge/,4.9,959
Builders Choice Air Systems Ltd,info@builderschoiceair.com,London,Heat Pump,https://homepowerrebate.com/installers/on/london/heat-pump/,https://homepowerrebate.com/installers/badge/,4.9,233
"Superior HVAC Service, Heating & Air Conditioning",info@superiorhvacservice.ca,London,Heat Pump,https://homepowerrebate.com/installers/on/london/heat-pump/,https://homepowerrebate.com/installers/badge/,5.0,62
Comfort Living Heating & Air Conditioning,info@comfortlivinghvac.com,London,Heat Pump,https://homepowerrebate.com/installers/on/london/heat-pump/,https://homepowerrebate.com/installers/badge/,4.9,77
Advance Heating & Cooling KW,info@advanceair.ca,Kitchener,Heat Pump,https://homepowerrebate.com/installers/on/kitchener/heat-pump/,https://homepowerrebate.com/installers/badge/,5.0,514
Local Heating And Cooling,info@localheatingcooling.com,Kitchener,Heat Pump,https://homepowerrebate.com/installers/on/kitchener/heat-pump/,https://homepowerrebate.com/installers/badge/,5.0,424
Air Comfort Mechanical Inc.,info@aircomfortmechanical.ca,Kitchener,Heat Pump,https://homepowerrebate.com/installers/on/kitchener/heat-pump/,https://homepowerrebate.com/installers/badge/,5.0,273
Total Aire Care Inc.,info@totalairecare.ca,Kitchener,Heat Pump,https://homepowerrebate.com/installers/on/kitchener/heat-pump/,https://homepowerrebate.com/installers/badge/,4.9,928
LG Home Comfort KWC,info@lghomecomfort.ca,Kitchener,Heat Pump,https://homepowerrebate.com/installers/on/kitchener/heat-pump/,https://homepowerrebate.com/installers/badge/,4.9,712
Infiniti Air Conditioning & Heating,info@infinitihvac.com,Kitchener,Heat Pump,https://homepowerrebate.com/installers/on/kitchener/heat-pump/,https://homepowerrebate.com/installers/badge/,4.9,528
Tri City Plumbing Inc.,info@tricityplumbinginc.com,Kitchener,Heat Pump,https://homepowerrebate.com/installers/on/kitchener/heat-pump/,https://homepowerrebate.com/installers/badge/,4.9,437
Air and Water Care,info@airandwatercare.com,Kitchener,Heat Pump,https://homepowerrebate.com/installers/on/kitchener/heat-pump/,https://homepowerrebate.com/installers/badge/,4.9,248
Tri City Heating and Cooling Inc,info@tricityheatingandcoolinginc.com,Kitchener,Heat Pump,https://homepowerrebate.com/installers/on/kitchener/heat-pump/,https://homepowerrebate.com/installers/badge/,4.9,140
Bubby's Plumbing & Heating,iveltri@hotmail.com,Windsor,Heat Pump,https://homepowerrebate.com/installers/on/windsor/heat-pump/,https://homepowerrebate.com/installers/badge/,5.0,1488
AD Trades Mechanical Inc( heating & Cooling),adtradesmechanical@gmail.com,Windsor,Heat Pump,https://homepowerrebate.com/installers/on/windsor/heat-pump/,https://homepowerrebate.com/installers/badge/,5.0,216
Handy Bros. Home Comfort: Windsor HVAC,cxteam@handybros.com,Windsor,Heat Pump,https://homepowerrebate.com/installers/on/windsor/heat-pump/,https://homepowerrebate.com/installers/badge/,4.9,789
Harris Heating & Air Conditioning Service Inc,customerservice@harrisheating.net,Windsor,Heat Pump,https://homepowerrebate.com/installers/on/windsor/heat-pump/,https://homepowerrebate.com/installers/badge/,4.9,428
Langemann Heating & Cooling,info@langemannhvac.com,Windsor,Heat Pump,https://homepowerrebate.com/installers/on/windsor/heat-pump/,https://homepowerrebate.com/installers/badge/,4.9,238
Guaranteed Comfort Heating & Cooling,abcd@gmail.com,Windsor,Heat Pump,https://homepowerrebate.com/installers/on/windsor/heat-pump/,https://homepowerrebate.com/installers/badge/,4.9,174
LAMANTIA Heating & Cooling Inc,timlamantiaheating@gmail.com,Windsor,Heat Pump,https://homepowerrebate.com/installers/on/windsor/heat-pump/,https://homepowerrebate.com/installers/badge/,4.9,104
CK Mechanical Heating and Cooling Inc.,info@ckmechanical.com,Windsor,Heat Pump,https://homepowerrebate.com/installers/on/windsor/heat-pump/,https://homepowerrebate.com/installers/badge/,4.8,936
Action Air heating and air conditioning Inc.,action_air@hotmail.com,Windsor,Heat Pump,https://homepowerrebate.com/installers/on/windsor/heat-pump/,https://homepowerrebate.com/installers/badge/,4.9,49
Superior Plumbing & Heating of Tecumseh,info@superiorplumbing.ca,Windsor,Heat Pump,https://homepowerrebate.com/installers/on/windsor/heat-pump/,https://homepowerrebate.com/installers/badge/,5.0,18
ACM Mechanical Inc,info@acmmechanicalinc.ca,Oakville,Heat Pump,https://homepowerrebate.com/installers/on/oakville/heat-pump/,https://homepowerrebate.com/installers/badge/,5.0,232
A1 Air Conditioning & Heating,contactus@a1air.ca,Oakville,Heat Pump,https://homepowerrebate.com/installers/on/oakville/heat-pump/,https://homepowerrebate.com/installers/badge/,4.9,1765
Canada Energy Solution,info@canadaenergysolution.com,Oakville,Heat Pump,https://homepowerrebate.com/installers/on/oakville/heat-pump/,https://homepowerrebate.com/installers/badge/,4.9,251
Eco Standard HVAC Heating & Cooling Repair and Maintenance,amaska18@gmail.com,Oakville,Heat Pump,https://homepowerrebate.com/installers/on/oakville/heat-pump/,https://homepowerrebate.com/installers/badge/,5.0,57
First Choice Heating & Air Conditioning,info@firstchoicehvac.ca,Oakville,Heat Pump,https://homepowerrebate.com/installers/on/oakville/heat-pump/,https://homepowerrebate.com/installers/badge/,5.0,46
HCR Care | Electrical & HVAC Services - Oakville,info@hcrcare.ca,Oakville,Heat Pump,https://homepowerrebate.com/installers/on/oakville/heat-pump/,https://homepowerrebate.com/installers/badge/,5.0,32
Sentinel Heating & Cooling,sentinelheating@gmail.com,Oshawa,Heat Pump,https://homepowerrebate.com/installers/on/oshawa/heat-pump/,https://homepowerrebate.com/installers/badge/,5.0,111
LFZ Heating & Cooling,info@lfzheating.ca,Oshawa,Heat Pump,https://homepowerrebate.com/installers/on/oshawa/heat-pump/,https://homepowerrebate.com/installers/badge/,4.9,206
Cassar Heating & Air Conditioning,info@cassarhvac.com,Oshawa,Heat Pump,https://homepowerrebate.com/installers/on/oshawa/heat-pump/,https://homepowerrebate.com/installers/badge/,5.0,57
"Superior HVAC Service, Heating & Air Conditioning",info@superiorhvacservice.ca,Oshawa,Heat Pump,https://homepowerrebate.com/installers/on/oshawa/heat-pump/,https://homepowerrebate.com/installers/badge/,5.0,52
Active Climate Mechanical,fixit416@gmail.com,Oshawa,Heat Pump,https://homepowerrebate.com/installers/on/oshawa/heat-pump/,https://homepowerrebate.com/installers/badge/,5.0,51
Max Comfort Heating & Cooling,info@maxcomfortheating.com,Oshawa,Heat Pump,https://homepowerrebate.com/installers/on/oshawa/heat-pump/,https://homepowerrebate.com/installers/badge/,4.9,74
Superior Plumbing & Heating of Oshawa,info@superiorplumbing.ca,Oshawa,Heat Pump,https://homepowerrebate.com/installers/on/oshawa/heat-pump/,https://homepowerrebate.com/installers/badge/,4.9,53
Ontario Smart Heating & Cooling Inc,jonpinhorn.typedesign@gmail.com,Oshawa,Heat Pump,https://homepowerrebate.com/installers/on/oshawa/heat-pump/,https://homepowerrebate.com/installers/badge/,5.0,29
Lazzaro Gas HVAC,lazzarogas@hotmail.com,Whitby,Heat Pump,https://homepowerrebate.com/installers/on/whitby/heat-pump/,https://homepowerrebate.com/installers/badge/,5.0,173
Sharpe Advantage Heating And Air Conditioning,info@sharpeadvantage.ca,Whitby,Heat Pump,https://homepowerrebate.com/installers/on/whitby/heat-pump/,https://homepowerrebate.com/installers/badge/,5.0,114
Infiniti Home Comfort,info@infinitihomecomfort.ca,Whitby,Heat Pump,https://homepowerrebate.com/installers/on/whitby/heat-pump/,https://homepowerrebate.com/installers/badge/,4.9,485
Taunton Trades Ltd,mail@tauntontrades.com,Whitby,Heat Pump,https://homepowerrebate.com/installers/on/whitby/heat-pump/,https://homepowerrebate.com/installers/badge/,4.9,166
AOBUTEC HVAC Heating & Cooling,info@aobutec.ca,Whitby,Heat Pump,https://homepowerrebate.com/installers/on/whitby/heat-pump/,https://homepowerrebate.com/installers/badge/,4.9,97
Waza Home Comfort,info@wazahome.ca,Whitby,Heat Pump,https://homepowerrebate.com/installers/on/whitby/heat-pump/,https://homepowerrebate.com/installers/badge/,4.8,578
"Aire One East | Whitby Furnace Repair, Heat Pump Installation & AC Services",info@aireonedurham.ca,Whitby,Heat Pump,https://homepowerrebate.com/installers/on/whitby/heat-pump/,https://homepowerrebate.com/installers/badge/,4.8,384
Creature Comforts HVAC,info@creaturecomfortshvac.ca,Burlington,Heat Pump,https://homepowerrebate.com/installers/on/burlington/heat-pump/,https://homepowerrebate.com/installers/badge/,5.0,1052
AirTemp HVAC Furnace and Air Conditioner of Burlington,info@airtemp-hvac.ca,Burlington,Heat Pump,https://homepowerrebate.com/installers/on/burlington/heat-pump/,https://homepowerrebate.com/installers/badge/,5.0,334
905 HVAC Inc.,info@905hvac.ca,Burlington,Heat Pump,https://homepowerrebate.com/installers/on/burlington/heat-pump/,https://homepowerrebate.com/installers/badge/,5.0,128
Tenacity HVAC,info@tenacityhvac.ca,Burlington,Heat Pump,https://homepowerrebate.com/installers/on/burlington/heat-pump/,https://homepowerrebate.com/installers/badge/,5.0,107
Superior HVAC Service,info@superiorhvacservice.ca,Burlington,Heat Pump,https://homepowerrebate.com/installers/on/burlington/heat-pump/,https://homepowerrebate.com/installers/badge/,5.0,70
Infinite Home Comfort,sales@infinitehomecomfort.com,Burlington,Heat Pump,https://homepowerrebate.com/installers/on/burlington/heat-pump/,https://homepowerrebate.com/installers/badge/,4.9,190
Optimum Climate Services,info@optimumclimateservices.com,Burlington,Heat Pump,https://homepowerrebate.com/installers/on/burlington/heat-pump/,https://homepowerrebate.com/installers/badge/,5.0,50
Superior Plumbing & Heating of Burlington,info@superiorplumbing.ca,Burlington,Heat Pump,https://homepowerrebate.com/installers/on/burlington/heat-pump/,https://homepowerrebate.com/installers/badge/,4.9,99
Kelvinstar Heating and Cooling,gasfitterpro@gmail.com,Cambridge,Heat Pump,https://homepowerrebate.com/installers/on/cambridge/heat-pump/,https://homepowerrebate.com/installers/badge/,5.0,214
Jambreeze Heating And Cooling,jambreezehvac@gmail.com,Cambridge,Heat Pump,https://homepowerrebate.com/installers/on/cambridge/heat-pump/,https://homepowerrebate.com/installers/badge/,5.0,128
Trident Heating & Air Conditioning Inc.,info@tridentair.ca,Cambridge,Heat Pump,https://homepowerrebate.com/installers/on/cambridge/heat-pump/,https://homepowerrebate.com/installers/badge/,5.0,118
Aire One Heating & Cooling Cambridge,info@aireonekw.ca,Cambridge,Heat Pump,https://homepowerrebate.com/installers/on/cambridge/heat-pump/,https://homepowerrebate.com/installers/badge/,4.9,2383
Bracken Heating and Cooling,brackenheating@gmail.com,Cambridge,Heat Pump,https://homepowerrebate.com/installers/on/cambridge/heat-pump/,https://homepowerrebate.com/installers/badge/,5.0,88
Synergy Home Solutions,info@synergyhomesolutions.ca,Cambridge,Heat Pump,https://homepowerrebate.com/installers/on/cambridge/heat-pump/,https://homepowerrebate.com/installers/badge/,5.0,72
Comfort Plus Heating and Cooling,info@comfortplusheatandcool.com,Cambridge,Heat Pump,https://homepowerrebate.com/installers/on/cambridge/heat-pump/,https://homepowerrebate.com/installers/badge/,4.9,247
Platinum Home Comfort,info@platinumhomecomfort.ca,Cambridge,Heat Pump,https://homepowerrebate.com/installers/on/cambridge/heat-pump/,https://homepowerrebate.com/installers/badge/,5.0,55
City Heating and Cooling,info@cityheatingandcooling.ca,Cambridge,Heat Pump,https://homepowerrebate.com/installers/on/cambridge/heat-pump/,https://homepowerrebate.com/installers/badge/,4.8,292
Borts HVAC,info@bortshvac.ca,Greater Sudbury,Heat Pump,https://homepowerrebate.com/installers/on/greater-sudbury/heat-pump/,https://homepowerrebate.com/installers/badge/,4.8,291
Northern Climate,service@northernclimatesudbury.com,Greater Sudbury,Heat Pump,https://homepowerrebate.com/installers/on/greater-sudbury/heat-pump/,https://homepowerrebate.com/installers/badge/,4.8,291
Kore HVAC Services,sales@korehvac.ca,Greater Sudbury,Heat Pump,https://homepowerrebate.com/installers/on/greater-sudbury/heat-pump/,https://homepowerrebate.com/installers/badge/,5.0,28
One Source Home Services,csr@onesourcehome.ca,Greater Sudbury,Heat Pump,https://homepowerrebate.com/installers/on/greater-sudbury/heat-pump/,https://homepowerrebate.com/installers/badge/,4.8,122
JEM Air Conditioning Ltd.,m.lebreton@jemair.ca,Greater Sudbury,Heat Pump,https://homepowerrebate.com/installers/on/greater-sudbury/heat-pump/,https://homepowerrebate.com/installers/badge/,4.8,10
"Mr. Pipes Plumbing, Heating & Air Conditioning",jason@mrpipes.ca,Greater Sudbury,Heat Pump,https://homepowerrebate.com/installers/on/greater-sudbury/heat-pump/,https://homepowerrebate.com/installers/badge/,4.5,59
Castle Plumbing and Heating Ltd.,info@castlesudbury.com,Greater Sudbury,Heat Pump,https://homepowerrebate.com/installers/on/greater-sudbury/heat-pump/,https://homepowerrebate.com/installers/badge/,4.5,141
Aire One Heating & Cooling Guelph,info@aireonekw.ca,Guelph,Heat Pump,https://homepowerrebate.com/installers/on/guelph/heat-pump/,https://homepowerrebate.com/installers/badge/,4.9,1329
"Superior HVAC Service, Heating & Air Conditioning",info@superiorhvacservice.ca,Guelph,Heat Pump,https://homepowerrebate.com/installers/on/guelph/heat-pump/,https://homepowerrebate.com/installers/badge/,5.0,89
Synergy Heating And Cooling Inc,synergyheatingandcooling@gmail.com,Guelph,Heat Pump,https://homepowerrebate.com/installers/on/guelph/heat-pump/,https://homepowerrebate.com/installers/badge/,5.0,77
B.A.P Heating & Cooling Services Ltd,info@bapheating.ca,Guelph,Heat Pump,https://homepowerrebate.com/installers/on/guelph/heat-pump/,https://homepowerrebate.com/installers/badge/,4.8,472
Essential Air Heating and Cooling Inc,essair.sandal@gmail.com,Guelph,Heat Pump,https://homepowerrebate.com/installers/on/guelph/heat-pump/,https://homepowerrebate.com/installers/badge/,4.9,53
Air Wave Heating and Cooling,info@airwave.ca,Guelph,Heat Pump,https://homepowerrebate.com/installers/on/guelph/heat-pump/,https://homepowerrebate.com/installers/badge/,4.8,81
Superior Plumbing & Heating of Guelph,info@superiorplumbing.ca,Guelph,Heat Pump,https://homepowerrebate.com/installers/on/guelph/heat-pump/,https://homepowerrebate.com/installers/badge/,4.8,58
YGK Heating & Cooling Inc.,zang@ygkhvac.com,Kingston,Heat Pump,https://homepowerrebate.com/installers/on/kingston/heat-pump/,https://homepowerrebate.com/installers/badge/,5.0,175
Haagsma Heating & Air Conditioning,info@haagsmaheatandair.com,Kingston,Heat Pump,https://homepowerrebate.com/installers/on/kingston/heat-pump/,https://homepowerrebate.com/installers/badge/,5.0,123
Fireplaces Unlimited Heating & Cooling,info@hallofflame.ca,Kingston,Heat Pump,https://homepowerrebate.com/installers/on/kingston/heat-pump/,https://homepowerrebate.com/installers/badge/,4.9,1070
Dows ClimateCare,robl@dowsclimatecare.com,Kingston,Heat Pump,https://homepowerrebate.com/installers/on/kingston/heat-pump/,https://homepowerrebate.com/installers/badge/,4.9,306
Superior Plumbing & Heating of Kingston,info@superiorplumbing.ca,Kingston,Heat Pump,https://homepowerrebate.com/installers/on/kingston/heat-pump/,https://homepowerrebate.com/installers/badge/,4.9,146
Reins Heating HVAC & Air Conditioning Ltd Kingston,info@reinsheating.com,Kingston,Heat Pump,https://homepowerrebate.com/installers/on/kingston/heat-pump/,https://homepowerrebate.com/installers/badge/,4.8,167
Niagara Home Heating,info@niagarahomeheating.com,Niagara Falls,Heat Pump,https://homepowerrebate.com/installers/on/niagara-falls/heat-pump/,https://homepowerrebate.com/installers/badge/,4.8,131
Calcon Plumbing and Heating,mark@calconplumbing.ca,Niagara Falls,Heat Pump,https://homepowerrebate.com/installers/on/niagara-falls/heat-pump/,https://homepowerrebate.com/installers/badge/,4.9,35
"Superior HVAC Service, Heating & Air Conditioning",info@superiorhvacservice.ca,Niagara Falls,Heat Pump,https://homepowerrebate.com/installers/on/niagara-falls/heat-pump/,https://homepowerrebate.com/installers/badge/,4.8,32
Niagara Heating & Cooling,fjc01business@gmail.com,Niagara Falls,Heat Pump,https://homepowerrebate.com/installers/on/niagara-falls/heat-pump/,https://homepowerrebate.com/installers/badge/,4.8,15
Superior Plumbing & Heating of Niagara Falls,info@superiorplumbing.ca,Niagara Falls,Heat Pump,https://homepowerrebate.com/installers/on/niagara-falls/heat-pump/,https://homepowerrebate.com/installers/badge/,4.6,72
Metro Plumbing & Heating,management@metroplumbingniagara.com,Niagara Falls,Heat Pump,https://homepowerrebate.com/installers/on/niagara-falls/heat-pump/,https://homepowerrebate.com/installers/badge/,4.5,140
Boyd Heating And Cooling,jeremy@boydheating.ca,Peterborough,Heat Pump,https://homepowerrebate.com/installers/on/peterborough/heat-pump/,https://homepowerrebate.com/installers/badge/,5.0,56
Rosedale plumbing,rosedaleplumbingon@gmail.com,Peterborough,Heat Pump,https://homepowerrebate.com/installers/on/peterborough/heat-pump/,https://homepowerrebate.com/installers/badge/,5.0,51
Kawartha Eco Climate Control,shane@kawarthaecoclimatecontrol.ca,Peterborough,Heat Pump,https://homepowerrebate.com/installers/on/peterborough/heat-pump/,https://homepowerrebate.com/installers/badge/,5.0,50
Thermenergy Heating and Cooling,info@thermenergy.ca,Peterborough,Heat Pump,https://homepowerrebate.com/installers/on/peterborough/heat-pump/,https://homepowerrebate.com/installers/badge/,4.9,92
SyncAir Heating and Cooling Inc.,syncairinfo@gmail.com,Peterborough,Heat Pump,https://homepowerrebate.com/installers/on/peterborough/heat-pump/,https://homepowerrebate.com/installers/badge/,5.0,38
Gravity Plumbing & Heating Peterborough,info@gravityplumbing.ca,Peterborough,Heat Pump,https://homepowerrebate.com/installers/on/peterborough/heat-pump/,https://homepowerrebate.com/installers/badge/,4.8,259
The Service Wizard,admin@theservicewizard.ca,Peterborough,Heat Pump,https://homepowerrebate.com/installers/on/peterborough/heat-pump/,https://homepowerrebate.com/installers/badge/,5.0,26
Edgar Simmons Heating,office@edgarsimmonsheating.ca,Peterborough,Heat Pump,https://homepowerrebate.com/installers/on/peterborough/heat-pump/,https://homepowerrebate.com/installers/badge/,4.8,121
Fransky Mechanical,info@franskymechanical.ca,Peterborough,Heat Pump,https://homepowerrebate.com/installers/on/peterborough/heat-pump/,https://homepowerrebate.com/installers/badge/,5.0,22
STELLAR,contact@stellarhvac.ca,Sault Ste Marie,Heat Pump,https://homepowerrebate.com/installers/on/sault-ste-marie/heat-pump/,https://homepowerrebate.com/installers/badge/,5.0,131
Tombari Electric & HVAC,info@tombarielectric.com,Sault Ste Marie,Heat Pump,https://homepowerrebate.com/installers/on/sault-ste-marie/heat-pump/,https://homepowerrebate.com/installers/badge/,4.9,143
S & T Group,estimating@stgroup.ca,Sault Ste Marie,Heat Pump,https://homepowerrebate.com/installers/on/sault-ste-marie/heat-pump/,https://homepowerrebate.com/installers/badge/,4.9,102
Goulais Plumbing LTD,goulaisplumbing@gmail.com,Sault Ste Marie,Heat Pump,https://homepowerrebate.com/installers/on/sault-ste-marie/heat-pump/,https://homepowerrebate.com/installers/badge/,4.6,29
D.Peppard Mechanical Inc,info@peppardmechanical.com,Thunder Bay,Heat Pump,https://homepowerrebate.com/installers/on/thunder-bay/heat-pump/,https://homepowerrebate.com/installers/badge/,5.0,176
Allam Heating & Cooling ltd,allam.heating.cooling@gmail.com,Thunder Bay,Heat Pump,https://homepowerrebate.com/installers/on/thunder-bay/heat-pump/,https://homepowerrebate.com/installers/badge/,5.0,43
Keenan Sheet Metal & Heating Ltd,keenansheetmetal@shaw.ca,Thunder Bay,Heat Pump,https://homepowerrebate.com/installers/on/thunder-bay/heat-pump/,https://homepowerrebate.com/installers/badge/,4.3,13
Klīmit Mechanical Ltd,sara@klimitmechanical.com,Thunder Bay,Heat Pump,https://homepowerrebate.com/installers/on/thunder-bay/heat-pump/,https://homepowerrebate.com/installers/badge/,4.2,33
Clow Darling Limited,service@clowdarling.com,Thunder Bay,Heat Pump,https://homepowerrebate.com/installers/on/thunder-bay/heat-pump/,https://homepowerrebate.com/installers/badge/,4.1,73
Manito Plumbing and Heating Ltd.,manitoplumbing@gmail.com,Timmins,Heat Pump,https://homepowerrebate.com/installers/on/timmins/heat-pump/,https://homepowerrebate.com/installers/badge/,4.9,155
Air Flow Heating & Cooling Ltd.,info@air-flow.ca,Mississauga,Heat Pump,https://homepowerrebate.com/installers/on/mississauga/heat-pump/,https://homepowerrebate.com/installers/badge/,5.0,130
Delta T Heating & Cooling Inc.,support@deltathci.ca,Brampton,Heat Pump,https://homepowerrebate.com/installers/on/brampton/heat-pump/,https://homepowerrebate.com/installers/badge/,5.0,122
ONAS Heating & Cooling Corp. O/A Ontario Air Services,info@ontarioairservices.ca,Vaughan,Heat Pump,https://homepowerrebate.com/installers/on/vaughan/heat-pump/,https://homepowerrebate.com/installers/badge/,5.0,157
Richmond Hill Plumbing,info@richmondhillplumbing.ca,Richmond Hill,Heat Pump,https://homepowerrebate.com/installers/on/richmond-hill/heat-pump/,https://homepowerrebate.com/installers/badge/,5.0,77
"Plumber Done Right of Richmond Hill, ON",perciasepe.alex@gmail.com,Richmond Hill,Heat Pump,https://homepowerrebate.com/installers/on/richmond-hill/heat-pump/,https://homepowerrebate.com/installers/badge/,5.0,68
RK Air Systems,info@rkairsystems.ca,Barrie,Heat Pump,https://homepowerrebate.com/installers/on/barrie/heat-pump/,https://homepowerrebate.com/installers/badge/,5.0,38
"PURPL - Heating, Air Conditioning & Gas Works",info@purplheating.com,Kitchener,Heat Pump,https://homepowerrebate.com/installers/on/kitchener/heat-pump/,https://homepowerrebate.com/installers/badge/,5.0,42
AirIQ Home Comfort Inc.,airiqhomecomfort@gmail.com,Kitchener,Heat Pump,https://homepowerrebate.com/installers/on/kitchener/heat-pump/,https://homepowerrebate.com/installers/badge/,5.0,41
Danlex Gas,info@danlexgas.ca,Oakville,Heat Pump,https://homepowerrebate.com/installers/on/oakville/heat-pump/,https://homepowerrebate.com/installers/badge/,5.0,91
Halton Heating and Gas Services,jay@haltonheatingandgasservices.com,Burlington,Heat Pump,https://homepowerrebate.com/installers/on/burlington/heat-pump/,https://homepowerrebate.com/installers/badge/,5.0,314
"Fireleaf PLUMBING, HVAC, ELECTRICAL",info@fireleaf.ca,Guelph,Heat Pump,https://homepowerrebate.com/installers/on/guelph/heat-pump/,https://homepowerrebate.com/installers/badge/,5.0,14
Frozen Flame Canada,sales@frozenflame.ca,Guelph,Heat Pump,https://homepowerrebate.com/installers/on/guelph/heat-pump/,https://homepowerrebate.com/installers/badge/,5.0,11
Denoco Energy Systems - Kingston,info@denoco.com,Kingston,Heat Pump,https://homepowerrebate.com/installers/on/kingston/heat-pump/,https://homepowerrebate.com/installers/badge/,5.0,11
The Plumbers Inc.,info@theplumbers.ca,Sault Ste Marie,Heat Pump,https://homepowerrebate.com/installers/on/sault-ste-marie/heat-pump/,https://homepowerrebate.com/installers/badge/,5.0,36
Foam Comfort Inc.,info@foamcomfort.ca,Toronto,Insulation,https://homepowerrebate.com/installers/on/toronto/insulation/,https://homepowerrebate.com/installers/badge/,4.9,188
Royal Insulation,info@royalinsulation.ca,Toronto,Insulation,https://homepowerrebate.com/installers/on/toronto/insulation/,https://homepowerrebate.com/installers/badge/,5.0,19
Hybrid Insulation,info@hybridinsulation.ca,Toronto,Insulation,https://homepowerrebate.com/installers/on/toronto/insulation/,https://homepowerrebate.com/installers/badge/,4.9,18
Ottawa Insulations,info@ottawainsulations.ca,Ottawa,Insulation,https://homepowerrebate.com/installers/on/ottawa/insulation/,https://homepowerrebate.com/installers/badge/,5.0,315
Insulation Ottawa - Jarrah Contracting Services,info@jarrahcs.com,Ottawa,Insulation,https://homepowerrebate.com/installers/on/ottawa/insulation/,https://homepowerrebate.com/installers/badge/,4.9,139
MUS Energy - Spray Foam Insulation Services in Ottawa,info@mus-energy.com,Ottawa,Insulation,https://homepowerrebate.com/installers/on/ottawa/insulation/,https://homepowerrebate.com/installers/badge/,4.9,35
613 Spray Foam Insulation Ottawa,info@613sprayfoam.ca,Ottawa,Insulation,https://homepowerrebate.com/installers/on/ottawa/insulation/,https://homepowerrebate.com/installers/badge/,4.3,24
FOAMIT,info@foamit.ca,Mississauga,Insulation,https://homepowerrebate.com/installers/on/mississauga/insulation/,https://homepowerrebate.com/installers/badge/,5.0,265
Four Seasons Insulation,info@4seasonsinsulation.ca,Mississauga,Insulation,https://homepowerrebate.com/installers/on/mississauga/insulation/,https://homepowerrebate.com/installers/badge/,5.0,194
Prolific Insulation LTD,prolificinsulationltd@outlook.com\&quot,Mississauga,Insulation,https://homepowerrebate.com/installers/on/mississauga/insulation/,https://homepowerrebate.com/installers/badge/,5.0,85
EcoComfort Insulation & Contracting Inc.,info@ecocomfortinsulators.ca,Mississauga,Insulation,https://homepowerrebate.com/installers/on/mississauga/insulation/,https://homepowerrebate.com/installers/badge/,4.9,420
Canada Energy Solution,info@canadaenergysolution.com,Mississauga,Insulation,https://homepowerrebate.com/installers/on/mississauga/insulation/,https://homepowerrebate.com/installers/badge/,4.9,206
Milan Insulation,sales@milaninsulation.ca,Mississauga,Insulation,https://homepowerrebate.com/installers/on/mississauga/insulation/,https://homepowerrebate.com/installers/badge/,5.0,15
Spray Foam GL Inc.,support@sprayfoamgl.ca,Mississauga,Insulation,https://homepowerrebate.com/installers/on/mississauga/insulation/,https://homepowerrebate.com/installers/badge/,5.0,12
GWC Insulation,jeremy@gwcgroup.ca,Hamilton,Insulation,https://homepowerrebate.com/installers/on/hamilton/insulation/,https://homepowerrebate.com/installers/badge/,5.0,56
Wooly Insulation Inc,gwooly@hotmail.com,Hamilton,Insulation,https://homepowerrebate.com/installers/on/hamilton/insulation/,https://homepowerrebate.com/installers/badge/,4.9,93
Reitzel Insulation,info@reitzel.ca,Hamilton,Insulation,https://homepowerrebate.com/installers/on/hamilton/insulation/,https://homepowerrebate.com/installers/badge/,4.8,94
Canada Energy Solution,info@canadaenergysolution.com,Hamilton,Insulation,https://homepowerrebate.com/installers/on/hamilton/insulation/,https://homepowerrebate.com/installers/badge/,4.8,25
Milan Insulation,sales@milaninsulation.ca,Hamilton,Insulation,https://homepowerrebate.com/installers/on/hamilton/insulation/,https://homepowerrebate.com/installers/badge/,4.8,24
Ken Mason Insulation,kenmason@bellnet.ca,Hamilton,Insulation,https://homepowerrebate.com/installers/on/hamilton/insulation/,https://homepowerrebate.com/installers/badge/,4.3,52
Confirmed Attics & Insulation,info@confirmedc.com,Markham,Insulation,https://homepowerrebate.com/installers/on/markham/insulation/,https://homepowerrebate.com/installers/badge/,5.0,365
Pro Insulation Contracting - Spray Foam & Attic Insulation,info@proinsulationcontracting.com,Markham,Insulation,https://homepowerrebate.com/installers/on/markham/insulation/,https://homepowerrebate.com/installers/badge/,4.9,180
Super Green Energy Saving Inc.,info@supergreenhvac.com,Markham,Insulation,https://homepowerrebate.com/installers/on/markham/insulation/,https://homepowerrebate.com/installers/badge/,4.9,97
Constant Home Comfort,info@constanthomecomfort.com,Markham,Insulation,https://homepowerrebate.com/installers/on/markham/insulation/,https://homepowerrebate.com/installers/badge/,4.8,605
Space insulation inc.,info@spaceinsulation.ca,Richmond Hill,Insulation,https://homepowerrebate.com/installers/on/richmond-hill/insulation/,https://homepowerrebate.com/installers/badge/,5.0,238
Free Attic,info@freeattic.ca,Richmond Hill,Insulation,https://homepowerrebate.com/installers/on/richmond-hill/insulation/,https://homepowerrebate.com/installers/badge/,5.0,214
THE GREAT INSULATION INC.,info@thegreatinsulation.ca,Richmond Hill,Insulation,https://homepowerrebate.com/installers/on/richmond-hill/insulation/,https://homepowerrebate.com/installers/badge/,4.9,124
Spartan Insulation,jim@spartaninsulation.ca,Barrie,Insulation,https://homepowerrebate.com/installers/on/barrie/insulation/,https://homepowerrebate.com/installers/badge/,4.9,58
Spray Foam Masters Barrie,info@sprayfoammasters.ca,Barrie,Insulation,https://homepowerrebate.com/installers/on/barrie/insulation/,https://homepowerrebate.com/installers/badge/,4.8,21
Great Northern Insulation,info@gni.ca,Barrie,Insulation,https://homepowerrebate.com/installers/on/barrie/insulation/,https://homepowerrebate.com/installers/badge/,4.3,152
Great Northern Insulation,info@gni.ca,London,Insulation,https://homepowerrebate.com/installers/on/london/insulation/,https://homepowerrebate.com/installers/badge/,4.7,369
Eco Insulation,info@ecoinsulation.ca,London,Insulation,https://homepowerrebate.com/installers/on/london/insulation/,https://homepowerrebate.com/installers/badge/,4.6,57
Polar Energy Systems - Insulation Services,coloradoavs@live.com,London,Insulation,https://homepowerrebate.com/installers/on/london/insulation/,https://homepowerrebate.com/installers/badge/,4.2,15
Stevenson Insulation Inc,office@stevenson-insulation.ca,Kitchener,Insulation,https://homepowerrebate.com/installers/on/kitchener/insulation/,https://homepowerrebate.com/installers/badge/,4.8,22
Enerliv Insulation,info@enerliv.ca,Kitchener,Insulation,https://homepowerrebate.com/installers/on/kitchener/insulation/,https://homepowerrebate.com/installers/badge/,4.5,34
The Spray Foam Guy Inc.,info@thesprayfoamguy.ca,Oshawa,Insulation,https://homepowerrebate.com/installers/on/oshawa/insulation/,https://homepowerrebate.com/installers/badge/,4.5,19
Silicone Seals Caulking Sealing & Pest Blocking,info@siliconeseals.ca,Burlington,Insulation,https://homepowerrebate.com/installers/on/burlington/insulation/,https://homepowerrebate.com/installers/badge/,4.9,80
Complete Attic Insulation Inc,info@completeattic.ca,Burlington,Insulation,https://homepowerrebate.com/installers/on/burlington/insulation/,https://homepowerrebate.com/installers/badge/,4.9,50
Just Spray It,robh@justsprayit.ca,Peterborough,Insulation,https://homepowerrebate.com/installers/on/peterborough/insulation/,https://homepowerrebate.com/installers/badge/,5.0,150
New Toronto Electric,info@newtorontoelectric.com,Toronto,Solar,https://homepowerrebate.com/installers/on/toronto/solar/,https://homepowerrebate.com/installers/badge/,5.0,104
Goldwater Solar Services Ltd,info@goldwatersolar.com,Toronto,Solar,https://homepowerrebate.com/installers/on/toronto/solar/,https://homepowerrebate.com/installers/badge/,4.9,70
Exactus Energy,info@exactusenergy.com,Toronto,Solar,https://homepowerrebate.com/installers/on/toronto/solar/,https://homepowerrebate.com/installers/badge/,4.9,20
1Click Energy Solutions (formerly 1Click Heating and Cooling),sales@1clickheat.com,Toronto,Solar,https://homepowerrebate.com/installers/on/toronto/solar/,https://homepowerrebate.com/installers/badge/,4.6,359
Solar X,info@solar-x.ca,Toronto,Solar,https://homepowerrebate.com/installers/on/toronto/solar/,https://homepowerrebate.com/installers/badge/,4.5,671
FIG Solar,office@figsolar.ca,Ottawa,Solar,https://homepowerrebate.com/installers/on/ottawa/solar/,https://homepowerrebate.com/installers/badge/,5.0,71
Evolta Electric,info@evoltaelectric.com,Ottawa,Solar,https://homepowerrebate.com/installers/on/ottawa/solar/,https://homepowerrebate.com/installers/badge/,4.9,199
Quadra Solar,info@quadrasolar.com,Ottawa,Solar,https://homepowerrebate.com/installers/on/ottawa/solar/,https://homepowerrebate.com/installers/badge/,5.0,47
Consumers Energy Services,info@consumersenergy.ca,Ottawa,Solar,https://homepowerrebate.com/installers/on/ottawa/solar/,https://homepowerrebate.com/installers/badge/,4.7,1924
Ottawa Solar Power Inc - Solar Energy Solutions,sales@ottawasolarpower.com,Ottawa,Solar,https://homepowerrebate.com/installers/on/ottawa/solar/,https://homepowerrebate.com/installers/badge/,4.4,42
Deltacron Renewables.,info@deltacron.com,Ottawa,Solar,https://homepowerrebate.com/installers/on/ottawa/solar/,https://homepowerrebate.com/installers/badge/,4.1,17
Green Solar World Inc,greensolarworldinc@gmail.com,Mississauga,Solar,https://homepowerrebate.com/installers/on/mississauga/solar/,https://homepowerrebate.com/installers/badge/,5.0,241
AMM Electric Inc.,info@ammelectric.ca,Mississauga,Solar,https://homepowerrebate.com/installers/on/mississauga/solar/,https://homepowerrebate.com/installers/badge/,5.0,71
Solarit Solutions inc.,info@solaritsolutions.ca,Mississauga,Solar,https://homepowerrebate.com/installers/on/mississauga/solar/,https://homepowerrebate.com/installers/badge/,5.0,23
Sparks Lighting and Electric Co. Ltd.,info@sparkselectric.ca,Mississauga,Solar,https://homepowerrebate.com/installers/on/mississauga/solar/,https://homepowerrebate.com/installers/badge/,4.9,29
Zeno Renewables - Mississauga,info@livezeno.com,Mississauga,Solar,https://homepowerrebate.com/installers/on/mississauga/solar/,https://homepowerrebate.com/installers/badge/,4.5,15
Brampton solar,bramptonsolar13@gmail.com,Brampton,Solar,https://homepowerrebate.com/installers/on/brampton/solar/,https://homepowerrebate.com/installers/badge/,5.0,14
Brampton Solar Lighting - Brampton,info@bramptonsolar.com,Brampton,Solar,https://homepowerrebate.com/installers/on/brampton/solar/,https://homepowerrebate.com/installers/badge/,4.7,185
Frankensolar Americas Inc.,sales@frankensolar.ca,Brampton,Solar,https://homepowerrebate.com/installers/on/brampton/solar/,https://homepowerrebate.com/installers/badge/,4.3,24
Source Electric,info@sourceelectric.ca,Hamilton,Solar,https://homepowerrebate.com/installers/on/hamilton/solar/,https://homepowerrebate.com/installers/badge/,4.9,35
Wireology Inc.,info@wireology.ca,Hamilton,Solar,https://homepowerrebate.com/installers/on/hamilton/solar/,https://homepowerrebate.com/installers/badge/,4.8,26
SUNVIBE | Solar & Energy Solutions,info@sunvibesolar.ca,Hamilton,Solar,https://homepowerrebate.com/installers/on/hamilton/solar/,https://homepowerrebate.com/installers/badge/,4.6,18
Constant Home Comfort,info@constanthomecomfort.com,Markham,Solar,https://homepowerrebate.com/installers/on/markham/solar/,https://homepowerrebate.com/installers/badge/,4.8,605
Haneco Energy,info@haneco.ca,Markham,Solar,https://homepowerrebate.com/installers/on/markham/solar/,https://homepowerrebate.com/installers/badge/,4.8,82
BrightCore Electrical,info@brightcoreinc.ca,Markham,Solar,https://homepowerrebate.com/installers/on/markham/solar/,https://homepowerrebate.com/installers/badge/,5.0,17
Eco Star Home Services Co.,info@ecostarhomeservices.com,Markham,Solar,https://homepowerrebate.com/installers/on/markham/solar/,https://homepowerrebate.com/installers/badge/,4.7,585
Electrovoltage,info@electrovoltage.ca,Markham,Solar,https://homepowerrebate.com/installers/on/markham/solar/,https://homepowerrebate.com/installers/badge/,4.7,31
New Dawn Energy Solutions,info@newdawn-es.com,Markham,Solar,https://homepowerrebate.com/installers/on/markham/solar/,https://homepowerrebate.com/installers/badge/,4.6,67
Terawatt Solar,info@terawattsolar.ca,Markham,Solar,https://homepowerrebate.com/installers/on/markham/solar/,https://homepowerrebate.com/installers/badge/,4.6,47
Solar X - Vaughan,info@solar-x.ca,Vaughan,Solar,https://homepowerrebate.com/installers/on/vaughan/solar/,https://homepowerrebate.com/installers/badge/,5.0,16
Bond Electric,info@bondelectric.ca,Richmond Hill,Solar,https://homepowerrebate.com/installers/on/richmond-hill/solar/,https://homepowerrebate.com/installers/badge/,5.0,29
Posha Construction Group,info@posha.ca,Richmond Hill,Solar,https://homepowerrebate.com/installers/on/richmond-hill/solar/,https://homepowerrebate.com/installers/badge/,5.0,15
Solar Fox,contactsolarfox@gmail.com,Richmond Hill,Solar,https://homepowerrebate.com/installers/on/richmond-hill/solar/,https://homepowerrebate.com/installers/badge/,5.0,12
Vivion Energy,hello@vivionenergy.com,Richmond Hill,Solar,https://homepowerrebate.com/installers/on/richmond-hill/solar/,https://homepowerrebate.com/installers/badge/,4.7,29
ProFusion Solar,info@profusionsolar.com,Richmond Hill,Solar,https://homepowerrebate.com/installers/on/richmond-hill/solar/,https://homepowerrebate.com/installers/badge/,4.7,13
Neo Technique,info@neotechnique.ca,Richmond Hill,Solar,https://homepowerrebate.com/installers/on/richmond-hill/solar/,https://homepowerrebate.com/installers/badge/,4.5,15
Microgreen Solar Corporation,info@microgreen.ca,Richmond Hill,Solar,https://homepowerrebate.com/installers/on/richmond-hill/solar/,https://homepowerrebate.com/installers/badge/,4.4,19
Canadian Energy Toronto GTA,mont@cdnrg.com,Richmond Hill,Solar,https://homepowerrebate.com/installers/on/richmond-hill/solar/,https://homepowerrebate.com/installers/badge/,4.0,45
Electrical Elite,info@electricalelite.ca,Barrie,Solar,https://homepowerrebate.com/installers/on/barrie/solar/,https://homepowerrebate.com/installers/badge/,4.9,220
Bros Home Services,info@broshomeservices.ca,Barrie,Solar,https://homepowerrebate.com/installers/on/barrie/solar/,https://homepowerrebate.com/installers/badge/,5.0,35
Smart Choice Installations,smartchoiceinstl@gmail.com,Barrie,Solar,https://homepowerrebate.com/installers/on/barrie/solar/,https://homepowerrebate.com/installers/badge/,5.0,17
Georgian Electrical Contractors Ltd,geoelects@gmail.com,Barrie,Solar,https://homepowerrebate.com/installers/on/barrie/solar/,https://homepowerrebate.com/installers/badge/,4.7,23
Solar Power Store Canada,hello@solarpowerstore.ca,Barrie,Solar,https://homepowerrebate.com/installers/on/barrie/solar/,https://homepowerrebate.com/installers/badge/,4.5,330
Somerton Electric,info@somertonelectric.com,London,Solar,https://homepowerrebate.com/installers/on/london/solar/,https://homepowerrebate.com/installers/badge/,5.0,264
Elway Electric Ltd.,elwayelectric@gmail.com,London,Solar,https://homepowerrebate.com/installers/on/london/solar/,https://homepowerrebate.com/installers/badge/,4.9,122
Studerus Electric Inc.,info@studeruselectric.com,London,Solar,https://homepowerrebate.com/installers/on/london/solar/,https://homepowerrebate.com/installers/badge/,4.7,64
Able Electrical Services Ltd,info@ableelectricalservices.ca,Kitchener,Solar,https://homepowerrebate.com/installers/on/kitchener/solar/,https://homepowerrebate.com/installers/badge/,5.0,65
Solar Dynamics,info@solardynamics.ca,Kitchener,Solar,https://homepowerrebate.com/installers/on/kitchener/solar/,https://homepowerrebate.com/installers/badge/,4.9,73
Watt N Volt Electric Ltd.,wattnvoltelectric@gmail.com,Windsor,Solar,https://homepowerrebate.com/installers/on/windsor/solar/,https://homepowerrebate.com/installers/badge/,5.0,21
Mannia electric,info@manniaelectric.ca,Windsor,Solar,https://homepowerrebate.com/installers/on/windsor/solar/,https://homepowerrebate.com/installers/badge/,5.0,17
Off The Grid Energy Solutions,info@off-the-grid-solar.com,Windsor,Solar,https://homepowerrebate.com/installers/on/windsor/solar/,https://homepowerrebate.com/installers/badge/,4.8,43
Canada Energy Solution,info@canadaenergysolution.com,Oakville,Solar,https://homepowerrebate.com/installers/on/oakville/solar/,https://homepowerrebate.com/installers/badge/,4.9,251
HCR Care | Electrical & HVAC Services - Oakville,info@hcrcare.ca,Oakville,Solar,https://homepowerrebate.com/installers/on/oakville/solar/,https://homepowerrebate.com/installers/badge/,5.0,32
JML Electric,office@jmlelectric.ca,Oakville,Solar,https://homepowerrebate.com/installers/on/oakville/solar/,https://homepowerrebate.com/installers/badge/,4.7,100
Creature Comforts HVAC,info@creaturecomfortshvac.ca,Burlington,Solar,https://homepowerrebate.com/installers/on/burlington/solar/,https://homepowerrebate.com/installers/badge/,5.0,1052
Midwestern Energy Solutions (MW Energy DBA),j.miller@midwesternenergysolutions.com,Burlington,Solar,https://homepowerrebate.com/installers/on/burlington/solar/,https://homepowerrebate.com/installers/badge/,5.0,191
Daisy Energy Inc - LED and Smart Energy Solutions,info@daisyenergy.ca,Cambridge,Solar,https://homepowerrebate.com/installers/on/cambridge/solar/,https://homepowerrebate.com/installers/badge/,5.0,12
WSN Construction,info@nextcenturi.com,Cambridge,Solar,https://homepowerrebate.com/installers/on/cambridge/solar/,https://homepowerrebate.com/installers/badge/,4.6,13
Cambridge Solar,info@cambridge-solar.co.uk,Cambridge,Solar,https://homepowerrebate.com/installers/on/cambridge/solar/,https://homepowerrebate.com/installers/badge/,4.4,79
Lindemann Electric Services Inc,info@lindemann-electric.com,Cambridge,Solar,https://homepowerrebate.com/installers/on/cambridge/solar/,https://homepowerrebate.com/installers/badge/,4.3,18
Sudbury Solar Solutions Inc.,info@sudburysolarsolutions.ca,Greater Sudbury,Solar,https://homepowerrebate.com/installers/on/greater-sudbury/solar/,https://homepowerrebate.com/installers/badge/,5.0,27
ProSol Energy Systems,info@prosolenergy.ca,Greater Sudbury,Solar,https://homepowerrebate.com/installers/on/greater-sudbury/solar/,https://homepowerrebate.com/installers/badge/,4.8,130
Nordic Energy Systems Ltd,sales@nordicenergy.ca,Greater Sudbury,Solar,https://homepowerrebate.com/installers/on/greater-sudbury/solar/,https://homepowerrebate.com/installers/badge/,4.7,99
Blais Electric,info@blaiselectric.ca,Guelph,Solar,https://homepowerrebate.com/installers/on/guelph/solar/,https://homepowerrebate.com/installers/badge/,4.9,794
Guelph Solar,admin@guelphsolar.net,Guelph,Solar,https://homepowerrebate.com/installers/on/guelph/solar/,https://homepowerrebate.com/installers/badge/,4.9,204
Bluewater Energy,info@bluewaterenergy.ca,Guelph,Solar,https://homepowerrebate.com/installers/on/guelph/solar/,https://homepowerrebate.com/installers/badge/,4.9,76
Denoco Energy Systems - Kingston,info@denoco.com,Kingston,Solar,https://homepowerrebate.com/installers/on/kingston/solar/,https://homepowerrebate.com/installers/badge/,5.0,11
Energy Kingston Exteriors Inc.,info@energykingston.com,Kingston,Solar,https://homepowerrebate.com/installers/on/kingston/solar/,https://homepowerrebate.com/installers/badge/,4.6,94
ALKO Electric,info@alkoelectric.com,Kingston,Solar,https://homepowerrebate.com/installers/on/kingston/solar/,https://homepowerrebate.com/installers/badge/,4.3,13
Blue Tech Electrical & Solar,info@bluetech-electrical.com,Peterborough,Solar,https://homepowerrebate.com/installers/on/peterborough/solar/,https://homepowerrebate.com/installers/badge/,4.9,53
Lancer Electric,service@lancerelectric.ca,Peterborough,Solar,https://homepowerrebate.com/installers/on/peterborough/solar/,https://homepowerrebate.com/installers/badge/,4.6,107
Generation Solar,info@generationsolar.com,Peterborough,Solar,https://homepowerrebate.com/installers/on/peterborough/solar/,https://homepowerrebate.com/installers/badge/,4.2,21
Veteran Electric,recruitment@veteranelectric.ca,Sault Ste Marie,Solar,https://homepowerrebate.com/installers/on/sault-ste-marie/solar/,https://homepowerrebate.com/installers/badge/,5.0,80
Tombari Electric & HVAC,info@tombarielectric.com,Sault Ste Marie,Solar,https://homepowerrebate.com/installers/on/sault-ste-marie/solar/,https://homepowerrebate.com/installers/badge/,4.9,143
S & T Group,estimating@stgroup.ca,Sault Ste Marie,Solar,https://homepowerrebate.com/installers/on/sault-ste-marie/solar/,https://homepowerrebate.com/installers/badge/,4.9,102
DT Electrical Contractors,office@dtelectricalcontractor.ca,Sault Ste Marie,Solar,https://homepowerrebate.com/installers/on/sault-ste-marie/solar/,https://homepowerrebate.com/installers/badge/,4.8,52
Permanent Electric Sault Inc.,info@permanentelectric.com,Sault Ste Marie,Solar,https://homepowerrebate.com/installers/on/sault-ste-marie/solar/,https://homepowerrebate.com/installers/badge/,4.5,10
Signature Electric Ltd,hello@signatureelectric.ca,Markham,Solar,https://homepowerrebate.com/installers/on/markham/solar/,https://homepowerrebate.com/installers/badge/,4.6,85
PRO CLIMATE,info@proclimate.ca,Vaughan,Solar,https://homepowerrebate.com/installers/on/vaughan/solar/,https://homepowerrebate.com/installers/badge/,4.9,245
Green Mountain Solar,info@greenmtnsolar.com,Burlington,Solar,https://homepowerrebate.com/installers/on/burlington/solar/,https://homepowerrebate.com/installers/badge/,5.0,325
Let's Go Solar Ltd,info@letsgosolarltd.co.uk,Cambridge,Solar,https://homepowerrebate.com/installers/on/cambridge/solar/,https://homepowerrebate.com/installers/badge/,5.0,67
@home Energy,inquiries@athomeenergy.ca,Greater Sudbury,Solar,https://homepowerrebate.com/installers/on/greater-sudbury/solar/,https://homepowerrebate.com/installers/badge/,4.1,22
STELLAR,contact@stellarhvac.ca,Sault Ste Marie,Solar,https://homepowerrebate.com/installers/on/sault-ste-marie/solar/,https://homepowerrebate.com/installers/badge/,5.0,129
GEN3 Electric & HVAC,info@generation3electric.com,Philadelphia,Home Battery,https://homepowerrebate.com/installers/pa/philadelphia/battery/,https://homepowerrebate.com/installers/badge/,4.9,5400
Solar States,info@solar-states.com,Philadelphia,Home Battery,https://homepowerrebate.com/installers/pa/philadelphia/battery/,https://homepowerrebate.com/installers/badge/,4.8,134
All Star Electrical Services LLC,allstarelectrichiring@gmail.com,Philadelphia,Home Battery,https://homepowerrebate.com/installers/pa/philadelphia/battery/,https://homepowerrebate.com/installers/badge/,4.6,556
Imperium Solar,info@imperiumlc.com,Philadelphia,Home Battery,https://homepowerrebate.com/installers/pa/philadelphia/battery/,https://homepowerrebate.com/installers/badge/,4.5,17
C W Electrical Services Inc,info@cwelectricalservices.com,Pittsburgh,Home Battery,https://homepowerrebate.com/installers/pa/pittsburgh/battery/,https://homepowerrebate.com/installers/badge/,4.9,1115
Green Rack Solar,info@greenracksolar.com,Pittsburgh,Home Battery,https://homepowerrebate.com/installers/pa/pittsburgh/battery/,https://homepowerrebate.com/installers/badge/,4.9,59
Infinity Solar USA,sales@infinitysolarusa.com,Pittsburgh,Home Battery,https://homepowerrebate.com/installers/pa/pittsburgh/battery/,https://homepowerrebate.com/installers/badge/,5.0,12
Aveyo Solar,info@aveyo.com,Pittsburgh,Home Battery,https://homepowerrebate.com/installers/pa/pittsburgh/battery/,https://homepowerrebate.com/installers/badge/,4.6,18
Edinson Electrical Solutions,info@edinsonelectrical.com,Allentown,Home Battery,https://homepowerrebate.com/installers/pa/allentown/battery/,https://homepowerrebate.com/installers/badge/,5.0,354
ElectroPower Solutions,electropowersolutionsllc@gmail.com,Allentown,Home Battery,https://homepowerrebate.com/installers/pa/allentown/battery/,https://homepowerrebate.com/installers/badge/,5.0,80
JC Electrical solutions Inc.,jcelectricalsolution127@gmail.com,Allentown,Home Battery,https://homepowerrebate.com/installers/pa/allentown/battery/,https://homepowerrebate.com/installers/badge/,5.0,55
GC Electric Co Inc,info@gcelectric.com,Allentown,Home Battery,https://homepowerrebate.com/installers/pa/allentown/battery/,https://homepowerrebate.com/installers/badge/,4.9,23
Bright State Energy,info@brightstatesolar.com,Allentown,Home Battery,https://homepowerrebate.com/installers/pa/allentown/battery/,https://homepowerrebate.com/installers/badge/,4.7,15
Shalkham Electric & Construction Co.,info@shalkhamelectric.com,Erie,Home Battery,https://homepowerrebate.com/installers/pa/erie/battery/,https://homepowerrebate.com/installers/badge/,4.9,244
Priority Electric Inc.,info@priorityelectricerie.com,Erie,Home Battery,https://homepowerrebate.com/installers/pa/erie/battery/,https://homepowerrebate.com/installers/badge/,4.8,17
GEN3 Electric & HVAC,info@generation3electric.com,Philadelphia,Heat Pump,https://homepowerrebate.com/installers/pa/philadelphia/heat-pump/,https://homepowerrebate.com/installers/badge/,4.9,5400
AirMaster Heating & Cooling Specialists,info@airmasterpa.com,Philadelphia,Heat Pump,https://homepowerrebate.com/installers/pa/philadelphia/heat-pump/,https://homepowerrebate.com/installers/badge/,4.9,1225
Superior Comfort Heating & Cooling,1superiorcomfortllc@gmail.com,Philadelphia,Heat Pump,https://homepowerrebate.com/installers/pa/philadelphia/heat-pump/,https://homepowerrebate.com/installers/badge/,4.9,70
Tri-County HVAC & Contracting,info@tricountyhvacpro.com,Philadelphia,Heat Pump,https://homepowerrebate.com/installers/pa/philadelphia/heat-pump/,https://homepowerrebate.com/installers/badge/,4.9,70
Good Brothers HVAC llc,gbhvac17@goodbrothershvacservice.com,Philadelphia,Heat Pump,https://homepowerrebate.com/installers/pa/philadelphia/heat-pump/,https://homepowerrebate.com/installers/badge/,5.0,31
MRT HVAC Contracting,mrthvaccontracting@gmail.com,Pittsburgh,Heat Pump,https://homepowerrebate.com/installers/pa/pittsburgh/heat-pump/,https://homepowerrebate.com/installers/badge/,5.0,111
McVay Plumbing Heating Cooling,info@mcvayplumbing.com,Pittsburgh,Heat Pump,https://homepowerrebate.com/installers/pa/pittsburgh/heat-pump/,https://homepowerrebate.com/installers/badge/,4.9,609
JDC Heating & Cooling,service@jdchvac.com,Pittsburgh,Heat Pump,https://homepowerrebate.com/installers/pa/pittsburgh/heat-pump/,https://homepowerrebate.com/installers/badge/,4.9,227
Jack Lehr Heating Cooling & Electric,contact@jacklehr.com,Allentown,Heat Pump,https://homepowerrebate.com/installers/pa/allentown/heat-pump/,https://homepowerrebate.com/installers/badge/,4.9,1576
"Dual Temp Co., Inc.",info@dualtemp.com,Allentown,Heat Pump,https://homepowerrebate.com/installers/pa/allentown/heat-pump/,https://homepowerrebate.com/installers/badge/,4.9,336
ICS Heating and Air Conditioning Inc.,icshvacinc@aol.com,Allentown,Heat Pump,https://homepowerrebate.com/installers/pa/allentown/heat-pump/,https://homepowerrebate.com/installers/badge/,4.9,59
"J.J. Agnello Heating & Air Conditioning, Inc.",office@jjagnello.com,Erie,Heat Pump,https://homepowerrebate.com/installers/pa/erie/heat-pump/,https://homepowerrebate.com/installers/badge/,4.9,234
C. Carlin Plumbing Inc.,contact@ccarlinplumbing.com,Erie,Heat Pump,https://homepowerrebate.com/installers/pa/erie/heat-pump/,https://homepowerrebate.com/installers/badge/,4.8,612
Card Heating & Air Conditioning,harry@cardheat.com,Erie,Heat Pump,https://homepowerrebate.com/installers/pa/erie/heat-pump/,https://homepowerrebate.com/installers/badge/,4.8,54
Schneider Heating & Air-Conditioning,info@schneiderheatingeriepa.com,Erie,Heat Pump,https://homepowerrebate.com/installers/pa/erie/heat-pump/,https://homepowerrebate.com/installers/badge/,4.7,57
Delta T Heating & Cooling LLC,impallari@gmail.com,Philadelphia,Heat Pump,https://homepowerrebate.com/installers/pa/philadelphia/heat-pump/,https://homepowerrebate.com/installers/badge/,5.0,106
"Cardullo Mechanical, LLC",info@cardullomechanical.com,Philadelphia,Heat Pump,https://homepowerrebate.com/installers/pa/philadelphia/heat-pump/,https://homepowerrebate.com/installers/badge/,5.0,89
"Precision Heating & Cooling Services, LLC",precisionheatingandcooling412@gmail.com,Pittsburgh,Heat Pump,https://homepowerrebate.com/installers/pa/pittsburgh/heat-pump/,https://homepowerrebate.com/installers/badge/,5.0,37
TrueFoam,jeff@trufoam.net,Pittsburgh,Insulation,https://homepowerrebate.com/installers/pa/pittsburgh/insulation/,https://homepowerrebate.com/installers/badge/,4.7,62
Custom Weatherization LLC,info@truenergysaver.com,Allentown,Insulation,https://homepowerrebate.com/installers/pa/allentown/insulation/,https://homepowerrebate.com/installers/badge/,4.9,19
ASI Professionals,info@asispray.com,Allentown,Insulation,https://homepowerrebate.com/installers/pa/allentown/insulation/,https://homepowerrebate.com/installers/badge/,4.4,11
Solar States,info@solar-states.com,Philadelphia,Solar,https://homepowerrebate.com/installers/pa/philadelphia/solar/,https://homepowerrebate.com/installers/badge/,4.8,134
Imperium Solar,info@imperiumlc.com,Philadelphia,Solar,https://homepowerrebate.com/installers/pa/philadelphia/solar/,https://homepowerrebate.com/installers/badge/,4.5,17
The Energy Co-op,info@theenergy.coop,Philadelphia,Solar,https://homepowerrebate.com/installers/pa/philadelphia/solar/,https://homepowerrebate.com/installers/badge/,4.4,17
Green Rack Solar,info@greenracksolar.com,Pittsburgh,Solar,https://homepowerrebate.com/installers/pa/pittsburgh/solar/,https://homepowerrebate.com/installers/badge/,4.9,59
Infinity Solar USA,sales@infinitysolarusa.com,Pittsburgh,Solar,https://homepowerrebate.com/installers/pa/pittsburgh/solar/,https://homepowerrebate.com/installers/badge/,5.0,12
Aveyo Solar,info@aveyo.com,Pittsburgh,Solar,https://homepowerrebate.com/installers/pa/pittsburgh/solar/,https://homepowerrebate.com/installers/badge/,4.6,18
JC Electrical solutions Inc.,jcelectricalsolution127@gmail.com,Allentown,Solar,https://homepowerrebate.com/installers/pa/allentown/solar/,https://homepowerrebate.com/installers/badge/,5.0,55
Bright State Energy,info@brightstatesolar.com,Allentown,Solar,https://homepowerrebate.com/installers/pa/allentown/solar/,https://homepowerrebate.com/installers/badge/,4.7,15
Shalkham Electric & Construction Co.,info@shalkhamelectric.com,Erie,Solar,https://homepowerrebate.com/installers/pa/erie/solar/,https://homepowerrebate.com/installers/badge/,4.9,244
Harder Power Company,josiah@harderpowerco.com,Abbotsford,Solar,https://homepowerrebate.com/installers/bc/abbotsford/solar/,https://homepowerrebate.com/installers/badge/,5.0,181
Triton Electric,info@triton-electric.ca,Abbotsford,Solar,https://homepowerrebate.com/installers/bc/abbotsford/solar/,https://homepowerrebate.com/installers/badge/,5.0,104
Richard Meyer Electrical Services Ltd,info@richardmeyerelectrical.com,Abbotsford,Solar,https://homepowerrebate.com/installers/bc/abbotsford/solar/,https://homepowerrebate.com/installers/badge/,5.0,17
ERM Electric Ltd.,info@ermelectric.ca,Burnaby,Solar,https://homepowerrebate.com/installers/bc/burnaby/solar/,https://homepowerrebate.com/installers/badge/,5.0,133
Trigger Electric Ltd.,info@triggerelectric.ca,Burnaby,Solar,https://homepowerrebate.com/installers/bc/burnaby/solar/,https://homepowerrebate.com/installers/badge/,5.0,96
Ready Solar Inc,info@readysolar.ca,Burnaby,Solar,https://homepowerrebate.com/installers/bc/burnaby/solar/,https://homepowerrebate.com/installers/badge/,4.9,154
Burnaby Electric Ltd.,info@burnabyelectric.ca,Burnaby,Solar,https://homepowerrebate.com/installers/bc/burnaby/solar/,https://homepowerrebate.com/installers/badge/,5.0,52
Global Energy Electric Ltd.,energyelectric2011@hotmail.com,Burnaby,Solar,https://homepowerrebate.com/installers/bc/burnaby/solar/,https://homepowerrebate.com/installers/badge/,4.9,50
"Amor Energy Corporation(Office)-EV Charger | Solar System | Battery System, Vancouver",info@amorenergy.ca,Burnaby,Solar,https://homepowerrebate.com/installers/bc/burnaby/solar/,https://homepowerrebate.com/installers/badge/,4.8,54
Vancouver Solar & Electrical- Solar Panel & Battery Installer,info@vancouversolarpv.ca,Burnaby,Solar,https://homepowerrebate.com/installers/bc/burnaby/solar/,https://homepowerrebate.com/installers/badge/,4.7,35
Taurus Electric - Chilliwack Electrician,tauruselectricltd@gmail.com,Chilliwack,Solar,https://homepowerrebate.com/installers/bc/chilliwack/solar/,https://homepowerrebate.com/installers/badge/,5.0,100
E3 Solar,info@e3solar.ca,Chilliwack,Solar,https://homepowerrebate.com/installers/bc/chilliwack/solar/,https://homepowerrebate.com/installers/badge/,5.0,24
BNR Electric ltd,brad@bnr-electric.com,Chilliwack,Solar,https://homepowerrebate.com/installers/bc/chilliwack/solar/,https://homepowerrebate.com/installers/badge/,4.8,44
Meta Electric Service,info@metaelectric.ca,Coquitlam,Solar,https://homepowerrebate.com/installers/bc/coquitlam/solar/,https://homepowerrebate.com/installers/badge/,5.0,122
Sole Electric Ltd.,mike@soleelectric.ca,Coquitlam,Solar,https://homepowerrebate.com/installers/bc/coquitlam/solar/,https://homepowerrebate.com/installers/badge/,5.0,90
Intel Power Electric Ltd.,info@intelpower.ca,Coquitlam,Solar,https://homepowerrebate.com/installers/bc/coquitlam/solar/,https://homepowerrebate.com/installers/badge/,4.9,217
StefWest Electrical Systems Ltd. - Coquitlam,info@stefwestelectrical.ca,Coquitlam,Solar,https://homepowerrebate.com/installers/bc/coquitlam/solar/,https://homepowerrebate.com/installers/badge/,5.0,38
Sputnik Electrical Services Inc.,info@sputnikelectrical.ca,Coquitlam,Solar,https://homepowerrebate.com/installers/bc/coquitlam/solar/,https://homepowerrebate.com/installers/badge/,5.0,30
Newco Solar Solutions,info@newcosolarsolutions.ca,Coquitlam,Solar,https://homepowerrebate.com/installers/bc/coquitlam/solar/,https://homepowerrebate.com/installers/badge/,4.8,69
Parkland Electrical Services,chris@parklandelectric.com,Coquitlam,Solar,https://homepowerrebate.com/installers/bc/coquitlam/solar/,https://homepowerrebate.com/installers/badge/,5.0,16
FSJ Quality Electric Ltd,office@qualityelectricltd.ca,Fort St. John,Solar,https://homepowerrebate.com/installers/bc/fort-st-john/solar/,https://homepowerrebate.com/installers/badge/,5.0,55
Saundersons Electric Ltd,saundersonselectric@gmail.com,Fort St. John,Solar,https://homepowerrebate.com/installers/bc/fort-st-john/solar/,https://homepowerrebate.com/installers/badge/,4.4,13
Riverside Energy Systems,info@riversideenergy.ca,Kamloops,Solar,https://homepowerrebate.com/installers/bc/kamloops/solar/,https://homepowerrebate.com/installers/badge/,4.9,150
Rooham Electric,brandon@roohamelectric.ca,Kamloops,Solar,https://homepowerrebate.com/installers/bc/kamloops/solar/,https://homepowerrebate.com/installers/badge/,5.0,50
Greenfoot Energy Solutions,info@greenfootenergy.ca,Kamloops,Solar,https://homepowerrebate.com/installers/bc/kamloops/solar/,https://homepowerrebate.com/installers/badge/,4.8,169
Howell Electric Ltd,info@howellelectric.ca,Kamloops,Solar,https://homepowerrebate.com/installers/bc/kamloops/solar/,https://homepowerrebate.com/installers/badge/,4.8,78
NextGen Electrical Services Ltd.,info@nextgenelectrical.ca,Kamloops,Solar,https://homepowerrebate.com/installers/bc/kamloops/solar/,https://homepowerrebate.com/installers/badge/,4.7,98
Canadian Energy Kamloops,mont@cdnrg.com,Kamloops,Solar,https://homepowerrebate.com/installers/bc/kamloops/solar/,https://homepowerrebate.com/installers/badge/,4.5,39
New-Era Electric,chad@neweraelectric.ca,Kelowna,Solar,https://homepowerrebate.com/installers/bc/kelowna/solar/,https://homepowerrebate.com/installers/badge/,5.0,86
SkyFire Energy Inc,marketing@skyfireenergy.com,Kelowna,Solar,https://homepowerrebate.com/installers/bc/kelowna/solar/,https://homepowerrebate.com/installers/badge/,5.0,83
Solar Centre,sales@solarcentre.ca,Kelowna,Solar,https://homepowerrebate.com/installers/bc/kelowna/solar/,https://homepowerrebate.com/installers/badge/,5.0,54
Greenfoot Energy Solutions,info@greenfootenergy.ca,Kelowna,Solar,https://homepowerrebate.com/installers/bc/kelowna/solar/,https://homepowerrebate.com/installers/badge/,4.9,134
Onyx Electric Ltd.,office@onyxelectricltd.com,Kelowna,Solar,https://homepowerrebate.com/installers/bc/kelowna/solar/,https://homepowerrebate.com/installers/badge/,5.0,51
Solos Energy,info@solosenergy.ca,Kelowna,Solar,https://homepowerrebate.com/installers/bc/kelowna/solar/,https://homepowerrebate.com/installers/badge/,4.9,109
Thrive Energy Inc,brett@thriveenergyinc.com,Kelowna,Solar,https://homepowerrebate.com/installers/bc/kelowna/solar/,https://homepowerrebate.com/installers/badge/,5.0,44
Integrated Solar Solutions,info@integratedsolarsolutionsbc.com,Kelowna,Solar,https://homepowerrebate.com/installers/bc/kelowna/solar/,https://homepowerrebate.com/installers/badge/,5.0,41
Okanagan Solar,info@oksolar.ca,Kelowna,Solar,https://homepowerrebate.com/installers/bc/kelowna/solar/,https://homepowerrebate.com/installers/badge/,4.8,76
CDN SOLAR - Canadian Solar Wholesale,info@cdnsolar.ca,Kelowna,Solar,https://homepowerrebate.com/installers/bc/kelowna/solar/,https://homepowerrebate.com/installers/badge/,4.8,52
Future West Solar,contact@futurewestsolar.com,Kelowna,Solar,https://homepowerrebate.com/installers/bc/kelowna/solar/,https://homepowerrebate.com/installers/badge/,4.7,57
VanCan Electric Ltd.,majid@vancanelectric.com,Langley,Solar,https://homepowerrebate.com/installers/bc/langley/solar/,https://homepowerrebate.com/installers/badge/,4.9,203
604-GO-SOLAR Inc.,admin@604gosolar.com,Langley,Solar,https://homepowerrebate.com/installers/bc/langley/solar/,https://homepowerrebate.com/installers/badge/,4.7,29
Canadian Energy Vancouver,mont@cdnrg.com,Langley,Solar,https://homepowerrebate.com/installers/bc/langley/solar/,https://homepowerrebate.com/installers/badge/,4.7,29
Influx Electric,info@influxelectric.ca,Maple Ridge,Solar,https://homepowerrebate.com/installers/bc/maple-ridge/solar/,https://homepowerrebate.com/installers/badge/,5.0,267
West Coast Geothermal Ltd,projects@westcoastgeothermal.com,Maple Ridge,Solar,https://homepowerrebate.com/installers/bc/maple-ridge/solar/,https://homepowerrebate.com/installers/badge/,4.9,32
Expert Electric,info@expertelectric.ca,Maple Ridge,Solar,https://homepowerrebate.com/installers/bc/maple-ridge/solar/,https://homepowerrebate.com/installers/badge/,4.8,68
Island Electric Company,islandelectriccompany@gmail.com,Nanaimo,Solar,https://homepowerrebate.com/installers/bc/nanaimo/solar/,https://homepowerrebate.com/installers/badge/,5.0,101
Four Clover Electric LTD.,fourcloverelectric@outlook.com,Nanaimo,Solar,https://homepowerrebate.com/installers/bc/nanaimo/solar/,https://homepowerrebate.com/installers/badge/,4.9,180
Coastline Electrical Ltd.,admin@coastlinecontracting.ca,Nanaimo,Solar,https://homepowerrebate.com/installers/bc/nanaimo/solar/,https://homepowerrebate.com/installers/badge/,5.0,18
Egan Electrical Systems,eganelectricalsystems@outlook.com,Nanaimo,Solar,https://homepowerrebate.com/installers/bc/nanaimo/solar/,https://homepowerrebate.com/installers/badge/,5.0,14
Westshore Electrical Ltd.,info@westshoreelectrical.com,Nanaimo,Solar,https://homepowerrebate.com/installers/bc/nanaimo/solar/,https://homepowerrebate.com/installers/badge/,4.8,18
Next Phase Electric Ltd.,info@nextphaseelectric.ca,Penticton,Solar,https://homepowerrebate.com/installers/bc/penticton/solar/,https://homepowerrebate.com/installers/badge/,5.0,50
Endeavour Electric Penticton TSBC LIC #LEL0211159,endrelectric22@gmail.com,Penticton,Solar,https://homepowerrebate.com/installers/bc/penticton/solar/,https://homepowerrebate.com/installers/badge/,5.0,29
Eggert Energy Mechanical Ltd,info@eggert-energy.com,Penticton,Solar,https://homepowerrebate.com/installers/bc/penticton/solar/,https://homepowerrebate.com/installers/badge/,4.9,37
Loewen Electrical,loewenelectrical@gmail.com,Penticton,Solar,https://homepowerrebate.com/installers/bc/penticton/solar/,https://homepowerrebate.com/installers/badge/,5.0,19
Primal Electric,office@primalelectric.ca,Penticton,Solar,https://homepowerrebate.com/installers/bc/penticton/solar/,https://homepowerrebate.com/installers/badge/,4.4,23
Season Energy,info@seasonenergy.ca,Richmond,Solar,https://homepowerrebate.com/installers/bc/richmond/solar/,https://homepowerrebate.com/installers/badge/,4.9,40
Polaron Energy,info@polaronsolar.com,Richmond,Solar,https://homepowerrebate.com/installers/bc/richmond/solar/,https://homepowerrebate.com/installers/badge/,4.5,87
Grand Wall Electric,matt@grandwallelectric.ca,Squamish,Solar,https://homepowerrebate.com/installers/bc/squamish/solar/,https://homepowerrebate.com/installers/badge/,5.0,149
S2S ELECTRIC LTD,admin@s2selec.com,Squamish,Solar,https://homepowerrebate.com/installers/bc/squamish/solar/,https://homepowerrebate.com/installers/badge/,5.0,19
Alta Lake Electric Ltd,info@altalakeelectric.com,Squamish,Solar,https://homepowerrebate.com/installers/bc/squamish/solar/,https://homepowerrebate.com/installers/badge/,4.8,38
Prowire Electric Ltd,info@prowiregroup.com,Squamish,Solar,https://homepowerrebate.com/installers/bc/squamish/solar/,https://homepowerrebate.com/installers/badge/,5.0,14
It's On Electric Company,info@itsonelectric.com,Surrey,Solar,https://homepowerrebate.com/installers/bc/surrey/solar/,https://homepowerrebate.com/installers/badge/,5.0,543
True Electric,info@true-electric.ca,Surrey,Solar,https://homepowerrebate.com/installers/bc/surrey/solar/,https://homepowerrebate.com/installers/badge/,4.9,105
True Value Energy Ltd.,info@truevalueenergy.ca,Surrey,Solar,https://homepowerrebate.com/installers/bc/surrey/solar/,https://homepowerrebate.com/installers/badge/,5.0,32
Suntech Solar Solutions Inc,info@suntechsolarsolutions.ca,Surrey,Solar,https://homepowerrebate.com/installers/bc/surrey/solar/,https://homepowerrebate.com/installers/badge/,4.9,49
Greenfoot Energy Solutions,info@greenfootenergy.ca,Surrey,Solar,https://homepowerrebate.com/installers/bc/surrey/solar/,https://homepowerrebate.com/installers/badge/,4.4,74
Davis Electrical,info@daviselectrical.ca,Vancouver,Solar,https://homepowerrebate.com/installers/bc/vancouver/solar/,https://homepowerrebate.com/installers/badge/,5.0,216
JZ Electric Ltd.,support@jzelectric.ca,Vancouver,Solar,https://homepowerrebate.com/installers/bc/vancouver/solar/,https://homepowerrebate.com/installers/badge/,5.0,151
TDR Electric Inc.,info@tdrelectric.ca,Vancouver,Solar,https://homepowerrebate.com/installers/bc/vancouver/solar/,https://homepowerrebate.com/installers/badge/,4.9,322
MJR Electric BC,sales@mjrelectric.ca,Vancouver,Solar,https://homepowerrebate.com/installers/bc/vancouver/solar/,https://homepowerrebate.com/installers/badge/,4.9,136
REE Solar Ltd,info@reesolar.ca,Vancouver,Solar,https://homepowerrebate.com/installers/bc/vancouver/solar/,https://homepowerrebate.com/installers/badge/,4.9,45
Pure Solar Contracting,info@puresolar.ca,Vancouver,Solar,https://homepowerrebate.com/installers/bc/vancouver/solar/,https://homepowerrebate.com/installers/badge/,5.0,17
Rainforest Electrical and Solar,leroux@rainforestelectrical.ca,Vancouver,Solar,https://homepowerrebate.com/installers/bc/vancouver/solar/,https://homepowerrebate.com/installers/badge/,5.0,17
Radiance Energy,info@radiance.energy,Vancouver,Solar,https://homepowerrebate.com/installers/bc/vancouver/solar/,https://homepowerrebate.com/installers/badge/,4.7,19
Energy Economics Solar,ilovesolar@energyeconomics.ca,Vernon,Solar,https://homepowerrebate.com/installers/bc/vernon/solar/,https://homepowerrebate.com/installers/badge/,5.0,95
Roost Solar,gosolar@roostsolar.com,Vernon,Solar,https://homepowerrebate.com/installers/bc/vernon/solar/,https://homepowerrebate.com/installers/badge/,5.0,72
Sunward Solar,info@sunwardsolar.ca,Vernon,Solar,https://homepowerrebate.com/installers/bc/vernon/solar/,https://homepowerrebate.com/installers/badge/,4.8,19
Grifflyn Electric Inc,behn@grifflynelectric.ca,Victoria,Solar,https://homepowerrebate.com/installers/bc/victoria/solar/,https://homepowerrebate.com/installers/badge/,5.0,164
Hakai Energy Solutions,sales@hakaienergysolutions.com,Victoria,Solar,https://homepowerrebate.com/installers/bc/victoria/solar/,https://homepowerrebate.com/installers/badge/,5.0,82
Luminous Electrical,info@luminouselectrical.com,Victoria,Solar,https://homepowerrebate.com/installers/bc/victoria/solar/,https://homepowerrebate.com/installers/badge/,5.0,82
Oceanvolt Solar & EV,info@oceanvoltelectrical.com,Victoria,Solar,https://homepowerrebate.com/installers/bc/victoria/solar/,https://homepowerrebate.com/installers/badge/,5.0,62
Netzero Solar Victoria,info@netzero-solar.com,Victoria,Solar,https://homepowerrebate.com/installers/bc/victoria/solar/,https://homepowerrebate.com/installers/badge/,4.9,60
Canadian Energy Victoria,mont@cdnrg.com,Victoria,Solar,https://homepowerrebate.com/installers/bc/victoria/solar/,https://homepowerrebate.com/installers/badge/,4.9,38
SolarWork,info@solarwork.ca,Victoria,Solar,https://homepowerrebate.com/installers/bc/victoria/solar/,https://homepowerrebate.com/installers/badge/,5.0,10
Olson Electric Ltd.,sales@olsonelectric.ca,Chilliwack,Solar,https://homepowerrebate.com/installers/bc/chilliwack/solar/,https://homepowerrebate.com/installers/badge/,5.0,10
Energy Safety Canada,customerservice@energysafetycanada.com,Fort St. John,Solar,https://homepowerrebate.com/installers/bc/fort-st-john/solar/,https://homepowerrebate.com/installers/badge/,4.0,11
Miller-Tech Electric (Generators),parts@mtgen.ca,Langley,Solar,https://homepowerrebate.com/installers/bc/langley/solar/,https://homepowerrebate.com/installers/badge/,5.0,20
Hakai Energy Solutions,sales@hakaienergysolutions.com,Nanaimo,Solar,https://homepowerrebate.com/installers/bc/nanaimo/solar/,https://homepowerrebate.com/installers/badge/,5.0,22
Cress Electric,matt@cresselectric.ca,Squamish,Solar,https://homepowerrebate.com/installers/bc/squamish/solar/,https://homepowerrebate.com/installers/badge/,5.0,20
Toa Electrical,npm@toaelectrical.com,Vancouver,Solar,https://homepowerrebate.com/installers/bc/vancouver/solar/,https://homepowerrebate.com/installers/badge/,5.0,16
Lloyd Plumbing Heating Air Electrical,info@calllloyd.com,Burlington,Heat Pump,https://homepowerrebate.com/installers/vt/burlington/heat-pump/,https://homepowerrebate.com/installers/badge/,4.9,323
Call The Whale (Plumbing Heating Air Electrical),info@callthewhale.com,Burlington,Heat Pump,https://homepowerrebate.com/installers/vt/burlington/heat-pump/,https://homepowerrebate.com/installers/badge/,4.8,627
Climate Systems,contactus@climatesystems.com,Burlington,Heat Pump,https://homepowerrebate.com/installers/vt/burlington/heat-pump/,https://homepowerrebate.com/installers/badge/,5.0,15
VHV Company - Full Service HVAC/R & Plumbing Construction and Service Repair,info@vhv.com,Burlington,Heat Pump,https://homepowerrebate.com/installers/vt/burlington/heat-pump/,https://homepowerrebate.com/installers/badge/,4.4,16
E & M Mechanical Inc,rmillette@eandmvt.com,South Burlington,Heat Pump,https://homepowerrebate.com/installers/vt/south-burlington/heat-pump/,https://homepowerrebate.com/installers/badge/,4.4,25
"Benoure Plumbing, Heating & Air Conditioning",info@benoure.com,South Burlington,Heat Pump,https://homepowerrebate.com/installers/vt/south-burlington/heat-pump/,https://homepowerrebate.com/installers/badge/,4.4,245
The Gas Doctors,info@thegasdoctors.com,Rutland,Heat Pump,https://homepowerrebate.com/installers/vt/rutland/heat-pump/,https://homepowerrebate.com/installers/badge/,4.9,76
Bill Lohsen Plumbing & Heating Inc.,drewl@lohsenplumbing.com,Rutland,Heat Pump,https://homepowerrebate.com/installers/vt/rutland/heat-pump/,https://homepowerrebate.com/installers/badge/,4.0,56
Rowell Plumbing & Heating LLC,info@rowellplumbingheating.com,Barre,Heat Pump,https://homepowerrebate.com/installers/vt/barre/heat-pump/,https://homepowerrebate.com/installers/badge/,5.0,69
Green Mountain Solar,info@greenmtnsolar.com,South Burlington,Solar,https://homepowerrebate.com/installers/vt/south-burlington/solar/,https://homepowerrebate.com/installers/badge/,5.0,334
Cummings Electric,info@cummingselectric.com,South Burlington,Solar,https://homepowerrebate.com/installers/vt/south-burlington/solar/,https://homepowerrebate.com/installers/badge/,4.5,45
In Charge Home Electric,contact@inchargehomeelectric.com,Seattle,Home Battery,https://homepowerrebate.com/installers/wa/seattle/battery/,https://homepowerrebate.com/installers/badge/,5.0,98
Clean Energy Innovators,randy@ce-innovators.com,Seattle,Home Battery,https://homepowerrebate.com/installers/wa/seattle/battery/,https://homepowerrebate.com/installers/badge/,4.9,52
A&R Solar,info@a-rsolar.com,Seattle,Home Battery,https://homepowerrebate.com/installers/wa/seattle/battery/,https://homepowerrebate.com/installers/badge/,4.8,142
Sun Path Electric,hello@sunpathelectric.com,Seattle,Home Battery,https://homepowerrebate.com/installers/wa/seattle/battery/,https://homepowerrebate.com/installers/badge/,4.9,43
Sphere Solar Energy,info@spheresolarenergy.com,Seattle,Home Battery,https://homepowerrebate.com/installers/wa/seattle/battery/,https://homepowerrebate.com/installers/badge/,4.8,72
High Energy Electric - Spokane Valley WA Electrician,dylan@highenergyservice.com,Spokane,Home Battery,https://homepowerrebate.com/installers/wa/spokane/battery/,https://homepowerrebate.com/installers/badge/,4.9,219
Sun's Eye Solar,info@sunseyesolar.com,Tacoma,Home Battery,https://homepowerrebate.com/installers/wa/tacoma/battery/,https://homepowerrebate.com/installers/badge/,5.0,38
Grit City Electric,contact@gritcityelectric.com,Tacoma,Home Battery,https://homepowerrebate.com/installers/wa/tacoma/battery/,https://homepowerrebate.com/installers/badge/,5.0,22
Dependable Electric LLC,dependable.elec@gmail.com,Tacoma,Home Battery,https://homepowerrebate.com/installers/wa/tacoma/battery/,https://homepowerrebate.com/installers/badge/,4.8,54
Infinity Solar USA,sales@infinitysolarusa.com,Tacoma,Home Battery,https://homepowerrebate.com/installers/wa/tacoma/battery/,https://homepowerrebate.com/installers/badge/,4.6,134
AGE Electric Inc,contact@ageelectricinc.com,Vancouver,Home Battery,https://homepowerrebate.com/installers/wa/vancouver/battery/,https://homepowerrebate.com/installers/badge/,5.0,90
Wire Nutz Electric,info@wirenutzelectric.com,Vancouver,Home Battery,https://homepowerrebate.com/installers/wa/vancouver/battery/,https://homepowerrebate.com/installers/badge/,5.0,71
Stanley Roof and Solar,info@stanleyroofandsolar.com,Vancouver,Home Battery,https://homepowerrebate.com/installers/wa/vancouver/battery/,https://homepowerrebate.com/installers/badge/,4.9,58
ElectricXYZ,service@electricxyz.com,Vancouver,Home Battery,https://homepowerrebate.com/installers/wa/vancouver/battery/,https://homepowerrebate.com/installers/badge/,4.9,47
Unity Solar,gosolar@unity-solar.com,Vancouver,Home Battery,https://homepowerrebate.com/installers/wa/vancouver/battery/,https://homepowerrebate.com/installers/badge/,4.9,38
Sparkson Electrical,sparkson.electrical@gmail.com,Bellevue,Home Battery,https://homepowerrebate.com/installers/wa/bellevue/battery/,https://homepowerrebate.com/installers/badge/,5.0,234
MTD Electric Service,info@mtdwa.com,Bellevue,Home Battery,https://homepowerrebate.com/installers/wa/bellevue/battery/,https://homepowerrebate.com/installers/badge/,5.0,32
Eastside Electrical LLC,support@eastsideelectricalwa.com,Bellevue,Home Battery,https://homepowerrebate.com/installers/wa/bellevue/battery/,https://homepowerrebate.com/installers/badge/,4.8,24
"Product Air Heating, Cooling, and Electric Seattle",email@productairheating.com,Seattle,Heat Pump,https://homepowerrebate.com/installers/wa/seattle/heat-pump/,https://homepowerrebate.com/installers/badge/,5.0,99
"Eco Electric, Plumbing, Heating and Air",csr@ecoserviceswa.com,Seattle,Heat Pump,https://homepowerrebate.com/installers/wa/seattle/heat-pump/,https://homepowerrebate.com/installers/badge/,4.9,2461
One Hour Heating & Air Conditioning,info.0959@onehourair.com,Seattle,Heat Pump,https://homepowerrebate.com/installers/wa/seattle/heat-pump/,https://homepowerrebate.com/installers/badge/,5.0,47
Seattle Heating & Cooling,sales@seattlehvac.com,Seattle,Heat Pump,https://homepowerrebate.com/installers/wa/seattle/heat-pump/,https://homepowerrebate.com/installers/badge/,4.8,80
Reed Wright Heating & Electric,tim@reedwrightheating.com,Seattle,Heat Pump,https://homepowerrebate.com/installers/wa/seattle/heat-pump/,https://homepowerrebate.com/installers/badge/,4.8,19
"Beacon Plumbing, Heating, Electrical & Mechanical Inc - Seattle",bill@beaconplumbing.net,Seattle,Heat Pump,https://homepowerrebate.com/installers/wa/seattle/heat-pump/,https://homepowerrebate.com/installers/badge/,4.6,3583
"Trademark Heating, Cooling & Electrical",customercare@trademarkmechanical.com,Spokane,Heat Pump,https://homepowerrebate.com/installers/wa/spokane/heat-pump/,https://homepowerrebate.com/installers/badge/,5.0,519
Holliday Heating + Cooling + Electric,info@hollidayheating.com,Spokane,Heat Pump,https://homepowerrebate.com/installers/wa/spokane/heat-pump/,https://homepowerrebate.com/installers/badge/,4.9,4271
Bearcat Heating and Cooling,scheduling@itsbearcat.com,Spokane,Heat Pump,https://homepowerrebate.com/installers/wa/spokane/heat-pump/,https://homepowerrebate.com/installers/badge/,4.9,2611
Cline's Heating and Air,info@clinesac.com,Spokane,Heat Pump,https://homepowerrebate.com/installers/wa/spokane/heat-pump/,https://homepowerrebate.com/installers/badge/,4.9,371
Bigfoot Heating & Cooling,info@bigfoothvacpros.com,Spokane,Heat Pump,https://homepowerrebate.com/installers/wa/spokane/heat-pump/,https://homepowerrebate.com/installers/badge/,4.9,299
Revive Heating and Air Conditioning LLC,daren@reviveheatingandac.com,Spokane,Heat Pump,https://homepowerrebate.com/installers/wa/spokane/heat-pump/,https://homepowerrebate.com/installers/badge/,5.0,68
Cougar Heating and Air Conditioning,customercare@cougarmechanical.com,Spokane,Heat Pump,https://homepowerrebate.com/installers/wa/spokane/heat-pump/,https://homepowerrebate.com/installers/badge/,4.8,3079
R&R Heating & Air Conditioning,ced@randrheating.com,Spokane,Heat Pump,https://homepowerrebate.com/installers/wa/spokane/heat-pump/,https://homepowerrebate.com/installers/badge/,4.8,1767
"Harts Plumbers, Electricians, & HVAC Technicians",marketing@hartsservices.com,Tacoma,Heat Pump,https://homepowerrebate.com/installers/wa/tacoma/heat-pump/,https://homepowerrebate.com/installers/badge/,4.8,5880
Kliemann Brothers Heating and Air Conditioning,sales@kliemannbros.com,Tacoma,Heat Pump,https://homepowerrebate.com/installers/wa/tacoma/heat-pump/,https://homepowerrebate.com/installers/badge/,4.8,1714
All Seasons Inc.,contactus@wantheat.com,Tacoma,Heat Pump,https://homepowerrebate.com/installers/wa/tacoma/heat-pump/,https://homepowerrebate.com/installers/badge/,4.8,180
RUSS Heating and Cooling,russheatingandcooling@gmail.com,Tacoma,Heat Pump,https://homepowerrebate.com/installers/wa/tacoma/heat-pump/,https://homepowerrebate.com/installers/badge/,4.9,43
Precision Heating & Cooling,jobs@precisionheatingco.com,Vancouver,Heat Pump,https://homepowerrebate.com/installers/wa/vancouver/heat-pump/,https://homepowerrebate.com/installers/badge/,5.0,705
"Smart Choice Heating & Cooling, Inc.",contactus@smartchoicehvac.com,Vancouver,Heat Pump,https://homepowerrebate.com/installers/wa/vancouver/heat-pump/,https://homepowerrebate.com/installers/badge/,4.9,1311
"Comfort 360 Heating, Cooling & Electrical",info@mycomfort360.com,Vancouver,Heat Pump,https://homepowerrebate.com/installers/wa/vancouver/heat-pump/,https://homepowerrebate.com/installers/badge/,4.9,985
Revival Heating & Cooling,office@callrevival.com,Vancouver,Heat Pump,https://homepowerrebate.com/installers/wa/vancouver/heat-pump/,https://homepowerrebate.com/installers/badge/,4.9,890
SureTech Heating & Cooling LLC,sales@suretechhvac.com,Vancouver,Heat Pump,https://homepowerrebate.com/installers/wa/vancouver/heat-pump/,https://homepowerrebate.com/installers/badge/,4.9,258
Kova Heating and Cooling,hello@kovaheating.com,Vancouver,Heat Pump,https://homepowerrebate.com/installers/wa/vancouver/heat-pump/,https://homepowerrebate.com/installers/badge/,4.9,255
Advantage Heating & Cooling,office@advantagehcp.com,Vancouver,Heat Pump,https://homepowerrebate.com/installers/wa/vancouver/heat-pump/,https://homepowerrebate.com/installers/badge/,4.9,206
MetFab Heating & Cooling LLC,info@metfab-heating.com,Vancouver,Heat Pump,https://homepowerrebate.com/installers/wa/vancouver/heat-pump/,https://homepowerrebate.com/installers/badge/,4.9,166
Agni Heating & Cooling,info@agniheating.com,Bellevue,Heat Pump,https://homepowerrebate.com/installers/wa/bellevue/heat-pump/,https://homepowerrebate.com/installers/badge/,5.0,75
Lumank Inc,youremail@mail.com,Bellevue,Heat Pump,https://homepowerrebate.com/installers/wa/bellevue/heat-pump/,https://homepowerrebate.com/installers/badge/,5.0,52
Fuse Service: Heating & Air Conditioning,support@fusesea.com,Bellevue,Heat Pump,https://homepowerrebate.com/installers/wa/bellevue/heat-pump/,https://homepowerrebate.com/installers/badge/,5.0,25
Tip Top HVAC,info@tiptop-hvac.com,Bellevue,Heat Pump,https://homepowerrebate.com/installers/wa/bellevue/heat-pump/,https://homepowerrebate.com/installers/badge/,4.9,32
Seattle Heating & Cooling,sales@seattlehvac.com,Bellevue,Heat Pump,https://homepowerrebate.com/installers/wa/bellevue/heat-pump/,https://homepowerrebate.com/installers/badge/,4.8,56
"OutToday Electrical, Plumbing, Heating and Air",customerservice@outtoday.com,Bellevue,Heat Pump,https://homepowerrebate.com/installers/wa/bellevue/heat-pump/,https://homepowerrebate.com/installers/badge/,4.7,271
All Hi-Tech,info@allhitechheating.com,Bellevue,Heat Pump,https://homepowerrebate.com/installers/wa/bellevue/heat-pump/,https://homepowerrebate.com/installers/badge/,4.7,79
Cascadia Spray Foam Insulation of Seattle,info@cascadiasprayfoam.com,Seattle,Insulation,https://homepowerrebate.com/installers/wa/seattle/insulation/,https://homepowerrebate.com/installers/badge/,4.8,25
Pacific Insulation & Mold Remediation,gus@insulationspokane.com,Spokane,Insulation,https://homepowerrebate.com/installers/wa/spokane/insulation/,https://homepowerrebate.com/installers/badge/,4.9,141
HOC Spray Foam Insulation,hoc.sprayfoam@yahoo.com,Spokane,Insulation,https://homepowerrebate.com/installers/wa/spokane/insulation/,https://homepowerrebate.com/installers/badge/,4.9,32
Therma-Lock Insulation,thermalockwa@gmail.com,Spokane,Insulation,https://homepowerrebate.com/installers/wa/spokane/insulation/,https://homepowerrebate.com/installers/badge/,4.7,14
Inland Northwest Spray Foam Insulation,info@inlandnorthwestsprayfoam.com,Spokane,Insulation,https://homepowerrebate.com/installers/wa/spokane/insulation/,https://homepowerrebate.com/installers/badge/,4.4,20
IDI: Insulation Distributors Inc.,spoorders@idimn.com,Spokane,Insulation,https://homepowerrebate.com/installers/wa/spokane/insulation/,https://homepowerrebate.com/installers/badge/,4.4,25
Intermountain West Insulation,russf@iwinsulation.com,Spokane,Insulation,https://homepowerrebate.com/installers/wa/spokane/insulation/,https://homepowerrebate.com/installers/badge/,4.2,14
Superior Insulation,office@superiorinsulationspokane.com,Spokane,Insulation,https://homepowerrebate.com/installers/wa/spokane/insulation/,https://homepowerrebate.com/installers/badge/,4.2,20
Lobos Insulation LLC,info@lobosinsulation.net,Tacoma,Insulation,https://homepowerrebate.com/installers/wa/tacoma/insulation/,https://homepowerrebate.com/installers/badge/,5.0,33
WA Evergreen Insulation LLC,info@waevergreeninsulation.com,Tacoma,Insulation,https://homepowerrebate.com/installers/wa/tacoma/insulation/,https://homepowerrebate.com/installers/badge/,4.8,249
Crawl Pros,info@crawlpros.com,Tacoma,Insulation,https://homepowerrebate.com/installers/wa/tacoma/insulation/,https://homepowerrebate.com/installers/badge/,4.6,345
Capital Insulation LLC,info@capitalinsulationwa.com,Tacoma,Insulation,https://homepowerrebate.com/installers/wa/tacoma/insulation/,https://homepowerrebate.com/installers/badge/,4.6,11
Revival Heating & Cooling,office@callrevival.com,Vancouver,Insulation,https://homepowerrebate.com/installers/wa/vancouver/insulation/,https://homepowerrebate.com/installers/badge/,4.9,890
"Richart Family, Inc.",info@richartbuilders.com,Vancouver,Insulation,https://homepowerrebate.com/installers/wa/vancouver/insulation/,https://homepowerrebate.com/installers/badge/,4.5,18
Clean Energy Innovators,randy@ce-innovators.com,Seattle,Solar,https://homepowerrebate.com/installers/wa/seattle/solar/,https://homepowerrebate.com/installers/badge/,4.9,52
A&R Solar,info@a-rsolar.com,Seattle,Solar,https://homepowerrebate.com/installers/wa/seattle/solar/,https://homepowerrebate.com/installers/badge/,4.8,142
Sphere Solar Energy,info@spheresolarenergy.com,Seattle,Solar,https://homepowerrebate.com/installers/wa/seattle/solar/,https://homepowerrebate.com/installers/badge/,4.8,72
High Energy Electric - Spokane Valley WA Electrician,dylan@highenergyservice.com,Spokane,Solar,https://homepowerrebate.com/installers/wa/spokane/solar/,https://homepowerrebate.com/installers/badge/,4.9,219
Sun's Eye Solar,info@sunseyesolar.com,Tacoma,Solar,https://homepowerrebate.com/installers/wa/tacoma/solar/,https://homepowerrebate.com/installers/badge/,5.0,38
Infinity Solar USA,sales@infinitysolarusa.com,Tacoma,Solar,https://homepowerrebate.com/installers/wa/tacoma/solar/,https://homepowerrebate.com/installers/badge/,4.6,134
Solar Gem Greenhouses,info@solargemco.com,Tacoma,Solar,https://homepowerrebate.com/installers/wa/tacoma/solar/,https://homepowerrebate.com/installers/badge/,4.0,26
AGE Electric Inc,contact@ageelectricinc.com,Vancouver,Solar,https://homepowerrebate.com/installers/wa/vancouver/solar/,https://homepowerrebate.com/installers/badge/,5.0,90
Wire Nutz Electric,info@wirenutzelectric.com,Vancouver,Solar,https://homepowerrebate.com/installers/wa/vancouver/solar/,https://homepowerrebate.com/installers/badge/,5.0,71
Stanley Roof and Solar,info@stanleyroofandsolar.com,Vancouver,Solar,https://homepowerrebate.com/installers/wa/vancouver/solar/,https://homepowerrebate.com/installers/badge/,4.9,58
Unity Solar,gosolar@unity-solar.com,Vancouver,Solar,https://homepowerrebate.com/installers/wa/vancouver/solar/,https://homepowerrebate.com/installers/badge/,4.9,38
MTD Electric Service,info@mtdwa.com,Bellevue,Solar,https://homepowerrebate.com/installers/wa/bellevue/solar/,https://homepowerrebate.com/installers/badge/,5.0,32
Evergreen Energy,info@evergreenenergywa.com,Bellevue,Solar,https://homepowerrebate.com/installers/wa/bellevue/solar/,https://homepowerrebate.com/installers/badge/,5.0,23
